5300.50.json	https://cdn.cookielaw.org/consent/799045cc-2657-469e-9b2c-24cc08e431ae/019e4aa1-1c2d-78b9-8210-0ac0f140aa51/el.json
5300.51.js	https://static.gmlinteractive.com/casinov3/a73ac460/js/chunk.BwlIe5fW.js
5300.52.json	https://cdn.cookielaw.org/scripttemplates/202501.2.0/assets/otFloatingRounded.json
5300.53.json	https://cdn.cookielaw.org/scripttemplates/202501.2.0/assets/v2/otPcCenter.json
5300.55.js	https://static.gmlinteractive.com/casinov3/a73ac460/js/chunk.hcHMx4TS.js
5300.61.js	https://static.gmlinteractive.com/casinov3/a73ac460/js/chunk.xVfC0zpC.js
5300.62.js	https://static.gmlinteractive.com/casinov3/a73ac460/js/chunk.B1WMR3hZ.js
5300.60.js	https://www.stoiximan.gr/cdn-cgi/challenge-platform/h/g/scripts/jsd/330e41bb475c/main.js?
5300.58.js	https://static.app.delivery/sdks/web/optimove-web-bundle.js
5300.69.js	https://static.gmlinteractive.com/casinov3/a73ac460/js/chunk.D-t3VI6w.js
5300.70.js	https://static.gmlinteractive.com/casinov3/a73ac460/js/chunk.D3MfnKqO.js
5300.73.js	https://static.gmlinteractive.com/casinov3/a73ac460/js/chunk.CA0f47T3.js
5300.74.js	https://static.gmlinteractive.com/casinov3/a73ac460/js/chunk.DDRWTr_U.js
5300.72.js	https://static.gmlinteractive.com/casinov3/a73ac460/js/chunk.IuL5-plG.js
5300.76.js	https://static.gmlinteractive.com/casinov3/a73ac460/js/chunk.BbBlzd_Q.js
5300.77.js	https://static.gmlinteractive.com/casinov3/a73ac460/js/chunk.DZ3Tix3B.js
5300.75.js	https://static.gmlinteractive.com/casinov3/a73ac460/js/chunk.CDQMZ_J2.js
5300.78.js	https://static.gmlinteractive.com/casinov3/a73ac460/js/chunk.537i1yL4.js
5300.81.js	https://static.gmlinteractive.com/casinov3/a73ac460/js/chunk.wL1VQXOh.js
5300.79.js	https://static.gmlinteractive.com/casinov3/a73ac460/js/chunk.BJUEsJRV.js
5300.80.js	https://static.gmlinteractive.com/casinov3/a73ac460/js/chunk.u4vPABi4.js
5300.83.js	https://static.gmlinteractive.com/casinov3/a73ac460/js/chunk.C0_ibctr.js
5300.85.js	https://static.gmlinteractive.com/casinov3/a73ac460/js/chunk.VQ0IxCQh.js
5300.86.js	https://static.gmlinteractive.com/casinov3/a73ac460/js/chunk.aziTJOCh.js
5300.82.js	https://static.gmlinteractive.com/casinov3/a73ac460/js/chunk.cIibpqXx.js
5300.84.js	https://static.gmlinteractive.com/casinov3/a73ac460/js/chunk.fOh4MTka.js
5300.87.js	https://static.gmlinteractive.com/casinov3/a73ac460/js/chunk.C44m_qhJ.js
5300.88.js	https://static.gmlinteractive.com/casinov3/a73ac460/js/chunk.D0ho7GVx.js
5300.95.js	https://static.gmlinteractive.com/casinov3/a73ac460/js/chunk.CO1-AMc6.js
5300.96.js	https://static.gmlinteractive.com/casinov3/a73ac460/js/chunk.DMvu7RYT.js
5300.99.js	https://static.gmlinteractive.com/casinov3/a73ac460/js/chunk.CS5IHAwZ.js
5300.98.js	https://static.gmlinteractive.com/casinov3/a73ac460/js/chunk.pQb1mU1s.js
5300.101.js	https://static.gmlinteractive.com/casinov3/a73ac460/js/chunk.CS4hRJ20.js
5300.100.js	https://static.gmlinteractive.com/casinov3/a73ac460/js/chunk.CJpIeO3G.js
5300.102.js	https://static.gmlinteractive.com/casinov3/a73ac460/js/chunk.DompZaJe.js
5300.91.json	https://www.stoiximan.gr/casino/live/topNotifications/topNotification?v=true
5300.93.json	https://www.stoiximan.gr/casino/api/livefeed
5300.97.json	https://www.stoiximan.gr/casino/customerpush/configuration
5300.57.json	https://sdkuaservice.optimove.net/
5300.59.json	https://stream-542.optimove.net/
5300.176.js	https://static.cloudflareinsights.com/beacon.min.js/v31edd6df95cf4e85bb4c19e7a9bdbcba1788362987495
5300.170.json	https://edge.fullstory.com/s/settings/o-1FC4W0-na1/v1/web
5300.172.js	https://euob.greencolumnart.com/sxp/i/04e7029789c8d022812f712860f76e7a.js
5300.169.json	https://www.stoiximan.gr/customerhubpublic/negotiate?negotiateVersion=1
5300.175.js	https://ct.captcha-delivery.com/i.js
5300.171.json	https://realtime-542.optimove.net/reportEvent
5300.173.js	https://www.googletagmanager.com/gtag/destination?id=G-NL3TXCS6S3&cx=c&gtm=4e6921
5300.179.json	https://push-eu-central-2.kumulos.com/v2/web/config?tenantId=542&installId=723d2254-ffc1-4348-bf5f-de21e0236690
5300.182.json	https://obseu.greencolumnart.com/ct
5300.196.json	https://obseu.greencolumnart.com/mon
5300.197.json	https://obseu.greencolumnart.com/mon
25040.2.js	chrome-extension://nmmhkkegccagdldgiimedpiccmgmieda/craw_background.js
21300.12.json	https://geo.captcha-delivery.com/interstitial/
5300.257.js	https://cdn.cookielaw.org/scripttemplates/otSDKStub.js
5300.265.js	https://static.cloudflareinsights.com/beacon.min.js/v31edd6df95cf4e85bb4c19e7a9bdbcba1788362987495
5300.200.js	https://www.stoiximan.gr/myaccount/web/js/vendor_ua-parser-js.Bh8DjWcN.js
5300.202.js	https://www.stoiximan.gr/myaccount/web/js/vendor_@kds.UhxhdZY5.js
5300.207.js	https://www.stoiximan.gr/myaccount/web/js/vendor_es-errors.CxTyLFAO.js
5300.206.js	https://www.stoiximan.gr/myaccount/web/js/vendor_axios.CPRY9t5W.js
5300.203.js	https://www.stoiximan.gr/myaccount/web/js/vendor_lodash-es.CiSIcIwL.js
5300.205.js	https://www.stoiximan.gr/myaccount/web/js/vendor_form-data.Bt-u65KX.js
5300.208.js	https://www.stoiximan.gr/myaccount/web/js/vendor_pofile.Cdvk2ko1.js
5300.210.js	https://www.stoiximan.gr/myaccount/web/js/vendor_side-channel-list.DsqAuQKh.js
5300.220.js	https://www.stoiximan.gr/myaccount/web/js/vendor_hasown.Bo2MDHUw.js
5300.211.js	https://www.stoiximan.gr/myaccount/web/js/vendor_es-object-atoms.BR76m4z7.js
5300.209.js	https://www.stoiximan.gr/myaccount/web/js/vendor_object-inspect.DrchkBE5.js
5300.221.js	https://www.stoiximan.gr/myaccount/web/js/vendor_get-intrinsic.CvFaKsbd.js
5300.201.js	https://www.stoiximan.gr/myaccount/web/js/vue-core.BGubRL00.js
5300.213.js	https://www.stoiximan.gr/myaccount/web/js/vendor_gopd.C1lCZ5Qs.js
5300.212.js	https://www.stoiximan.gr/myaccount/web/js/vendor_math-intrinsics.DP1tGiab.js
5300.215.js	https://www.stoiximan.gr/myaccount/web/js/vendor_has-symbols.BaUvM3gb.js
5300.214.js	https://www.stoiximan.gr/myaccount/web/js/vendor_es-define-property.D_7cP-M3.js
5300.219.js	https://www.stoiximan.gr/myaccount/web/js/vendor_get-proto.CVaZllqn.js
5300.217.js	https://www.stoiximan.gr/myaccount/web/js/vendor_call-bind-apply-helpers.Eewpyxo1.js
5300.222.js	https://www.stoiximan.gr/myaccount/web/js/vendor_call-bound.r4YUX9Ev.js
5300.218.js	https://www.stoiximan.gr/myaccount/web/js/vendor_dunder-proto.D-dxxpXf.js
5300.225.js	https://www.stoiximan.gr/myaccount/web/js/vendor_side-channel.CQgT3KiR.js
5300.216.js	https://www.stoiximan.gr/myaccount/web/js/vendor_function-bind.CHqF18-c.js
5300.224.js	https://www.stoiximan.gr/myaccount/web/js/vendor_side-channel-weakmap.Dq7NNYgV.js
5300.223.js	https://www.stoiximan.gr/myaccount/web/js/vendor_side-channel-map.nO0USzhZ.js
5300.226.js	https://www.stoiximan.gr/myaccount/web/js/vendor_qs.TfwSR7kK.js
5300.230.js	https://www.stoiximan.gr/myaccount/web/js/vendor_dayjs.CbHJQ80-.js
5300.229.js	https://www.stoiximan.gr/myaccount/web/js/vendor_vue3-gettext.e4Afcmr3.js
5300.231.js	https://www.stoiximan.gr/myaccount/web/js/vendor_country-data.BAwNchL_.js
5300.240.js	https://www.stoiximan.gr/myaccount/web/js/BaseLoader.component.D7xPJSiU.js
5300.242.js	https://www.stoiximan.gr/myaccount/web/js/useAddressAutocomplete.D0Ns_Xdq.js
5300.241.js	https://www.stoiximan.gr/myaccount/web/js/BaseLoaderWrapper.component.CAJk85-2.js
5300.232.js	https://www.stoiximan.gr/myaccount/web/js/vendor_mitt.DJ65BbbF.js
5300.228.js	https://www.stoiximan.gr/myaccount/web/js/vendor_@fullstory.DO6ZbD6f.js
5300.227.js	https://www.stoiximan.gr/myaccount/web/js/vendor_@kaizen-ls.C4B2gqvM.js
5300.236.js	https://www.stoiximan.gr/myaccount/web/js/vendor_@microsoft.BeeHZr17.js
5300.243.js	https://www.stoiximan.gr/myaccount/web/js/AddressAutocompleteSuggestions.component.DHbEEdfi.js
5300.234.js	https://www.stoiximan.gr/myaccount/web/js/vendor_idpay-b2b-sdk.CSqMun0f.js
5300.247.js	https://www.stoiximan.gr/myaccount/web/js/router._fQMNccz.js
5300.245.js	https://www.stoiximan.gr/myaccount/web/js/useExperimentationStore.L4Lsx9An.js
5300.237.js	https://www.stoiximan.gr/myaccount/web/js/vendor_localforage.BNuuSOXM.js
5300.233.js	https://www.stoiximan.gr/myaccount/web/js/vendor_crypto-js.B0HS21C5.js
5300.249.js	https://www.stoiximan.gr/myaccount/web/js/languagePath.Cf4S3cgV.js
5300.256.js	https://www.stoiximan.gr/casino/myaccount/poca_dist/js/scripts/ps-gtm.e03b0739.js
5300.261.js	https://www.stoiximan.gr/casino/myaccount/poca_dist/js/scripts/ps-dd.ea9c857d.js
5300.264.js	https://www.stoiximan.gr/casino/myaccount/poca_dist/js/scripts/ps-myaccount.a0982b76.js
5300.251.js	https://www.stoiximan.gr/myaccount/web/js/useBridgeHandler.DzrnsGWu.js
5300.250.js	https://www.stoiximan.gr/myaccount/web/js/vendor_@coffeeui.Bxq-IzRc.js
5300.235.js	https://www.stoiximan.gr/myaccount/web/js/vendor_libphonenumber-js.CllGuefZ.js
5300.246.js	https://www.stoiximan.gr/myaccount/web/js/vendor_web-vitals.BbnS4oyn.js
5300.263.js	https://www.stoiximan.gr/myaccount/web/js/index.Bucb7nTn.js
5300.248.js	https://www.stoiximan.gr/myaccount/web/js/httpClient.pdAbvI6d.js
5300.239.js	https://www.stoiximan.gr/myaccount/web/js/vendor_@opentelemetry.DD6wpXV9.js
5300.244.js	https://www.stoiximan.gr/myaccount/web/js/vendor_@nexus.DJLD9Pxq.js
5300.327.json	https://cdn.cookielaw.org/consent/799045cc-2657-469e-9b2c-24cc08e431ae/799045cc-2657-469e-9b2c-24cc08e431ae.json
5300.262.js	https://dd.betano.com/tags.js
5300.260.js	https://www.stoiximan.gr/casino/myaccount/poca_dist/js/thirdparty/modernizr-custom.28751aa0.js
5300.336.js	https://cdn.cookielaw.org/scripttemplates/202501.2.0/otBannerSdk.js
5300.335.json	https://geolocation.onetrust.com/cookieconsentpub/v1/geo/location
5300.332.js	https://js.datadome.co/tags.js
5300.337.json	https://cdn.cookielaw.org/consent/799045cc-2657-469e-9b2c-24cc08e431ae/019e4aa1-1c2d-78b9-8210-0ac0f140aa51/el.json
5300.238.js	https://www.stoiximan.gr/myaccount/web/js/styles.CVEHvd8V.js
5300.204.js	https://www.stoiximan.gr/myaccount/web/js/vendor_@betting.D3tc59k9.js
5300.338.json	https://cdn.cookielaw.org/scripttemplates/202501.2.0/assets/otFloatingRounded.json
5300.339.json	https://cdn.cookielaw.org/scripttemplates/202501.2.0/assets/v2/otPcCenter.json
5300.424.js	https://www.googletagmanager.com/gtm.js?id=GTM-M3QHWW9
5300.345.json	https://www.stoiximan.gr/casino/myaccount/api/c/reg/metadata
5300.342.js	https://cdn.lgrckt-in.com/logger-1.min.js
5300.346.js	https://www.stoiximan.gr/myaccount/web/js/EntryLayout.Bzs2_V3Q.js
5300.347.js	https://www.stoiximan.gr/myaccount/web/js/BaseModalContainer.component.CFxqx5mK.js
5300.348.js	https://www.stoiximan.gr/myaccount/web/js/SkeletonModalContent.component.CoikNMB_.js
5300.351.js	https://www.stoiximan.gr/myaccount/web/js/matchMedia.CMWcKPXU.js
5300.349.js	https://www.stoiximan.gr/myaccount/web/js/SkeletonBaseButton.BRONujP6.js
5300.352.js	https://www.stoiximan.gr/myaccount/web/js/useLoadComponent.s3_FdRNy.js
5300.358.js	https://www.stoiximan.gr/myaccount/web/js/NeedHelpButton.component.BHNnjtrt.js
5300.359.js	https://www.stoiximan.gr/myaccount/web/js/SwitchLoginRegisterAction.component.TJVPeA5r.js
5300.354.js	https://www.stoiximan.gr/myaccount/web/js/BaseButton.component.sElwY28t.js
5300.363.js	https://www.stoiximan.gr/myaccount/web/js/Login.BeUNIUD1.js
5300.356.js	https://www.stoiximan.gr/myaccount/web/js/banner-types-enum.DwN1jFxk.js
5300.364.js	https://www.stoiximan.gr/myaccount/web/js/Socials.component.cV3oB61z.js
5300.350.js	https://www.stoiximan.gr/myaccount/web/js/SkeletonBaseText.component.k6zev9KJ.js
5300.355.js	https://www.stoiximan.gr/myaccount/web/js/EntryModalAside.component.Bb9gOV9K.js
5300.361.js	https://www.stoiximan.gr/myaccount/web/js/ResponsibleGamingLink.component.DoAeUypg.js
5300.369.js	https://www.stoiximan.gr/myaccount/web/js/scrollIntoView.B8bvvsT6.js
5300.386.js	https://www.stoiximan.gr/myaccount/web/js/constants.CHS3GmLG.js
5300.379.js	https://www.stoiximan.gr/myaccount/web/js/useFaceRecognition.C5rsPdpQ.js
5300.378.js	https://www.stoiximan.gr/myaccount/web/js/vendor_vue-plugin-load-script.DQYTsN5S.js
5300.372.js	https://www.stoiximan.gr/myaccount/web/js/useSocialProvider.HpmmTo_K.js
5300.387.js	https://www.stoiximan.gr/myaccount/web/js/useOneClickDepositStore.BW3RAh--.js
5300.384.js	https://www.stoiximan.gr/myaccount/web/js/useFundsRecoveryStore.TjbBfUcs.js
5300.370.js	https://www.stoiximan.gr/myaccount/web/js/useSubmitLoginAction.DF43PQi-.js
5300.365.js	https://www.stoiximan.gr/myaccount/web/js/SocialItem.component.D113mEXv.js
5300.368.js	https://www.stoiximan.gr/myaccount/web/js/LoginContainer.BSQuBPv9.js
5300.388.js	https://www.stoiximan.gr/myaccount/web/js/useCurrentPath.DeaiME_c.js
5300.357.js	https://www.stoiximan.gr/myaccount/web/js/EntryModalHeader.component.CT3JFnLo.js
5300.362.js	https://www.stoiximan.gr/myaccount/web/js/useLoginStore.2L105vS4.js
5300.380.js	https://www.stoiximan.gr/myaccount/web/js/FaceRecognitionModalOptions.DUoqWZjA.js
5300.373.js	https://www.stoiximan.gr/myaccount/web/js/EntryModalInnerLayout.component.DYIdDRAA.js
5300.381.js	https://www.stoiximan.gr/myaccount/web/js/utils.p2_tucSF.js
5300.360.js	https://www.stoiximan.gr/myaccount/web/js/useNeedHelpServiceStore.oIzGTOqd.js
5300.377.js	https://www.stoiximan.gr/myaccount/web/js/seon.ISnJVo7A.js
5300.375.js	https://www.stoiximan.gr/myaccount/web/js/PartialApprovalMappers.CveC865h.js
5300.389.js	https://www.stoiximan.gr/myaccount/web/js/useGenericPopupStore.CibtYOSG.js
5300.366.js	https://www.stoiximan.gr/myaccount/web/js/SocialLoginTncsConfirmationModalOptions.TvPrQ5EL.js
5300.385.js	https://www.stoiximan.gr/myaccount/web/js/useQuickDepositStore.C9erhYAO.js
5300.382.js	https://www.stoiximan.gr/myaccount/web/js/useCustomerRestrictionStore.Z_NeEYl5.js
5300.376.js	https://www.stoiximan.gr/myaccount/web/js/MarketRedirectionLoginModalOptions.BpcV-Nwa.js
5300.371.js	https://www.stoiximan.gr/myaccount/web/js/metra.DoOImHnt.js
5300.353.js	https://www.stoiximan.gr/myaccount/web/js/EntryModalFooter.component.jRcxxple.js
5300.367.js	https://www.stoiximan.gr/myaccount/web/js/BaseHRWithText.CuqarGCe.js
5300.374.js	https://www.stoiximan.gr/myaccount/web/js/FaceAuthInactivity.component.Ddbz5j2j.js
5300.383.js	https://www.stoiximan.gr/myaccount/web/js/useRegistryValidationFailureStore.DB9YvREy.js
5300.390.js	https://www.stoiximan.gr/myaccount/web/js/popup-service.DpatneeB.js
5300.392.js	https://www.stoiximan.gr/myaccount/web/js/useLimitsValueFormatter.CMGuV-vo.js
5300.391.js	https://www.stoiximan.gr/myaccount/web/js/useLimitsRevisionStore.DOefd1X1.js
5300.393.js	https://www.stoiximan.gr/myaccount/web/js/useProfileEditComponentsStore.BAuS20xN.js
5300.394.js	https://www.stoiximan.gr/myaccount/web/js/useTaxDocumentDownloadStore.2zpDppQ-.js
5300.395.js	https://www.stoiximan.gr/myaccount/web/js/useProfileFavouriteTeamStore.DpSJxsF0.js
5300.396.js	https://www.stoiximan.gr/myaccount/web/js/useAutoWithdrawalStore.B3f00pna.js
5300.397.js	https://www.stoiximan.gr/myaccount/web/js/useCardsStore.4bZTv7dl.js
5300.398.js	https://www.stoiximan.gr/myaccount/web/js/useCardTransactionFiltersStore.Bt6jEauE.js
5300.399.js	https://www.stoiximan.gr/myaccount/web/js/date-filter-helpers.CX9Uosor.js
5300.400.js	https://www.stoiximan.gr/myaccount/web/js/useInitialDataStore.XDKIOZ_9.js
5300.401.js	https://www.stoiximan.gr/myaccount/web/js/LoginForm.component.G1nI8_Tr.js
5300.402.js	https://www.stoiximan.gr/myaccount/web/js/BasePassword.plPKOiiv.js
5300.403.js	https://www.stoiximan.gr/myaccount/web/js/Eye.DdLSXqvv.js
5300.407.js	https://www.stoiximan.gr/myaccount/web/js/basePill.DQPDU6bA.js
5300.406.js	https://www.stoiximan.gr/myaccount/web/js/LoginMethodOption.component.CU8X8FPs.js
5300.405.js	https://www.stoiximan.gr/myaccount/web/js/UserId.component.BHbjkKot.js
5300.408.js	https://www.stoiximan.gr/myaccount/web/js/BaseInput.CaCybp76.js
5300.409.js	https://www.stoiximan.gr/myaccount/web/js/BaseTooltip.CiR6qQDJ.js
5300.410.js	https://www.stoiximan.gr/myaccount/web/js/vendor_vue-inline-svg.WfX4f0Ke.js
5300.413.js	https://www.stoiximan.gr/myaccount/web/js/vendor_vue-the-mask.DSTNh_sk.js
5300.411.js	https://www.stoiximan.gr/myaccount/web/js/vendor_vue3-popper.BibgEyzK.js
5300.417.js	https://www.stoiximan.gr/myaccount/web/js/Times.CYjkkML5.js
5300.415.js	https://www.stoiximan.gr/myaccount/web/js/BaseFieldError.component.Z6U_MMEg.js
5300.419.js	https://www.stoiximan.gr/myaccount/web/js/useUserId.shP0AcFA.js
5300.416.js	https://www.stoiximan.gr/myaccount/web/js/NotificationToast.B_YQHVF6.js
5300.426.js	https://euob.greencolumnart.com/sxp/i/04e7029789c8d022812f712860f76e7a.js
5300.425.json	https://www.stoiximan.gr/casino/api/opentelemetry/token
5300.433.json	https://www.stoiximan.gr/casino/myaccount/api/c/reg/localization/el
5300.427.json	https://dd.betano.com/js/
5300.436.js	https://www.stoiximan.gr/myaccount/web/js/IFrameBanner.BL9Jlm3D.js
5300.438.json	https://www.stoiximan.gr/casino/myaccount/api/c/reg/metadata/contact/help
5300.441.json	https://www.stoiximan.gr/casino/myaccount/api/c/reg/metadata/social
5300.440.js	https://cdn.deviceinf.com/js/v6/agent.umd.js
5300.437.json	https://www.stoiximan.gr/casino/myaccount/api/tokens
5300.432.json	https://obseu.greencolumnart.com/mon
5300.429.json	https://obseu.greencolumnart.com/ct
5300.443.json	https://www.stoiximan.gr/casino/myaccount/api/lg/login/configuration
5300.444.json	https://www.stoiximan.gr/casino/myaccount/api/tokens
5300.431.js	https://www.googletagmanager.com/gtag/js?id=G-NL3TXCS6S3&cx=c&gtm=4e6921
24888.2.js	https://visuals.kaizengaming.com/a/63078bbe3331fc637f5994f1?did=5dfcfbaa9ed3c30001234cf0&deeplink=on&preload=off&responsive=on&background=Transparent&a=63078bbe3331fc637f5994f1&redirecturl=off&container=.creative
24888.4.js	https://visuals.kaizengaming.com/scripts/video.5d4a3b8762aae9c6e72a.js
24888.6.js	https://visuals.kaizengaming.com/scripts/animated-creative.4367edddc6b1818b6ca2.js
24888.5.js	https://visuals.kaizengaming.com/accounts/betano-stoiximan/5e3174ae9562931f344ad1a5/published/15310117/17298578/data.00000038BF8922.js
5300.434.json	https://r.lgrckt-in.com/i?a=7hhr6m%2Fstoiximangr&r=6-01a0758a-a11e-7929-ab57-6ff3d056bd70&t=ac725947-b8f2-49b6-b923-99b30541add0&s=0&ro=t&st=web&rs=0%2Cu
5300.455.json	https://obseu.greencolumnart.com/mon
5300.456.json	https://obseu.greencolumnart.com/mon
5300.457.json	https://obseu.greencolumnart.com/mon
5300.459.json	https://obseu.greencolumnart.com/mon
5300.460.json	https://obseu.greencolumnart.com/mon
5300.461.json	https://obseu.greencolumnart.com/mon
5300.464.js	https://www.stoiximan.gr/myaccount/web/js/BaseLoaderWrapper.B_SSe5rG.js
5300.465.js	https://www.stoiximan.gr/myaccount/web/js/BaseSvg.u-xZg1fn.js
5300.467.json	https://eb6a7d55b667d9b6e52e2ebe363274d7b395eb78.seondnsresolve.com/
5300.466.json	https://341c0f570416b5ca8a0a311bc4bb33ae.seondnsresolve.com/
5300.487.js	https://www.stoiximan.gr/myaccount/web/js/BaseLoader.B6vGahph.js
5300.489.json	https://www.stoiximan.gr/casino/myaccount/login?user=john_kampas%40hotmail.com
5300.491.json	https://www.stoiximan.gr/casino/customerSession/lastLogin
5300.511.js	https://static.gmlinteractive.com/casinov3/a73ac460/js/chunk.HiYhu1fj.js
5300.509.js	https://static.gmlinteractive.com/casinov3/a73ac460/js/chunk.Dav2gfjE.js
5300.506.js	https://static.gmlinteractive.com/casinov3/a73ac460/js/chunk.Dh29p7QL.js
5300.510.js	https://static.gmlinteractive.com/casinov3/a73ac460/js/chunk.CJSez0Ep.js
5300.517.js	https://static.gmlinteractive.com/casinov3/a73ac460/js/chunk.BmuxE7rM.js
5300.507.js	https://static.gmlinteractive.com/casinov3/a73ac460/js/chunk.7GxsokpS.js
5300.513.js	https://static.gmlinteractive.com/casinov3/a73ac460/js/chunk.Be16HiJF.js
5300.504.js	https://static.gmlinteractive.com/casinov3/a73ac460/js/chunk.DNmEh1iY.js
5300.503.js	https://static.gmlinteractive.com/casinov3/a73ac460/js/chunk.U3e_6Mm5.js
5300.515.js	https://static.gmlinteractive.com/casinov3/a73ac460/js/chunk.zhp0ze8A.js
5300.508.js	https://static.gmlinteractive.com/casinov3/a73ac460/js/chunk.Dcj6YKnB.js
5300.516.js	https://static.gmlinteractive.com/casinov3/a73ac460/js/chunk.xCpDP68M.js
5300.500.js	https://static.gmlinteractive.com/casinov3/a73ac460/js/chunk.NALbZN9r.js
5300.498.js	https://static.gmlinteractive.com/casinov3/a73ac460/js/chunk.CoGGifHz.js
5300.499.js	https://static.gmlinteractive.com/casinov3/a73ac460/js/chunk.Dl1LrD15.js
5300.514.js	https://static.gmlinteractive.com/casinov3/a73ac460/js/chunk.D-STApjy.js
5300.501.js	https://static.gmlinteractive.com/casinov3/a73ac460/js/chunk.DKP9srV0.js
5300.505.js	https://static.gmlinteractive.com/casinov3/a73ac460/js/chunk._7e4AhZk.js
5300.497.js	https://static.gmlinteractive.com/casinov3/a73ac460/js/chunk.C7BfBz-_.js
5300.502.js	https://static.gmlinteractive.com/casinov3/a73ac460/js/chunk.lQqb9Nqs.js
5300.512.js	https://static.gmlinteractive.com/casinov3/a73ac460/js/chunk.DDSXmQpR.js
5300.494.js	https://static.gmlinteractive.com/casinov3/a73ac460/js/chunk.C5a6dmbK.js
5300.518.js	https://static.gmlinteractive.com/casinov3/a73ac460/js/chunk.lcGDLDNw.js
5300.496.js	https://static.gmlinteractive.com/casinov3/a73ac460/js/chunk.Ci892fHU.js
5300.519.js	https://static.gmlinteractive.com/casinov3/a73ac460/js/chunk.D3DWUQqi.js
5300.493.js	https://static.gmlinteractive.com/casinov3/a73ac460/js/chunk.Bf2NK1cE.js
5300.520.js	https://static.gmlinteractive.com/casinov3/a73ac460/js/chunk.D5I8SGhl.js
5300.521.js	https://static.gmlinteractive.com/casinov3/a73ac460/js/chunk.1fjffNKj.js
5300.532.js	https://static.gmlinteractive.com/casinov3/a73ac460/js/chunk.Dfe6_kwb.js
5300.522.js	https://static.gmlinteractive.com/casinov3/a73ac460/js/chunk.0A77WSuG.js
5300.535.js	https://static.gmlinteractive.com/casinov3/a73ac460/js/chunk.eimGwlYT.js
5300.534.js	https://static.gmlinteractive.com/casinov3/a73ac460/js/chunk.DLcSAdYp.js
5300.536.js	https://static.gmlinteractive.com/casinov3/a73ac460/js/chunk.BmCuM1My.js
5300.540.js	https://static.gmlinteractive.com/casinov3/a73ac460/js/chunk.BrmAVw8t.js
5300.539.js	https://static.gmlinteractive.com/casinov3/a73ac460/js/chunk.DIEoJEt-.js
5300.492.json	https://www.stoiximan.gr/casino/api/bonus/CasinoRewards/eligibility/available
5300.526.json	https://www.stoiximan.gr/casino/realitycheck/customersettings
5300.530.json	https://www.stoiximan.gr/casino/depositlimits
5300.523.json	https://www.stoiximan.gr/casino/balance/userBalance
5300.531.json	https://www.stoiximan.gr/casino/customerSession/sessioninactivityconfig
5300.528.json	https://www.stoiximan.gr/casino/games/recentlysearched
5300.533.json	https://www.stoiximan.gr/casino/api/stake-offers/pending
5300.525.json	https://www.stoiximan.gr/casino/popup
5300.542.json	https://www.stoiximan.gr/casino/timelosslimits
5300.524.json	https://www.stoiximan.gr/casino/freespins/userFreespins
5300.544.json	https://www.stoiximan.gr/casino/customerpush/configuration
5300.527.json	https://www.stoiximan.gr/casino/games/favorites
5300.545.json	https://www.stoiximan.gr/customerhub_0/negotiate?negotiateVersion=1
5300.538.json	https://www.stoiximan.gr/casino/games/launch/live?gameId=35927
5300.537.json	https://www.stoiximan.gr/casino/live/games/blackjack-161/35927/tables/
5300.547.js	https://static.gmlinteractive.com/casinov3/a73ac460/js/chunk.CTiLXy52.js
5300.548.js	https://static.gmlinteractive.com/casinov3/a73ac460/js/chunk.BHljXDQs.js
5300.555.js	https://static.gmlinteractive.com/casinov3/a73ac460/js/chunk.fnSDFWyu.js
5300.556.js	https://static.gmlinteractive.com/casinov3/a73ac460/js/chunk.DaYRXWF0.js
5300.553.js	https://static.gmlinteractive.com/casinov3/a73ac460/js/chunk.NhC3q8_9.js
5300.557.js	https://static.gmlinteractive.com/casinov3/a73ac460/js/chunk.C82jHvf6.js
5300.554.js	https://static.gmlinteractive.com/casinov3/a73ac460/js/chunk.N-nDWVjr.js
5300.559.js	https://static.gmlinteractive.com/casinov3/a73ac460/js/chunk.CWb-K7XQ.js
5300.550.json	https://www.stoiximan.gr/casino/games/recentlyplayed
5300.549.json	https://www.stoiximan.gr/casino/live/api/minilobbies?type=forYou
5300.552.json	https://www.stoiximan.gr/casino/live/topNotifications/topNotification?v=true
5300.551.json	https://www.stoiximan.gr/casino/api/games/recommendations/customer
5300.560.json	https://www.stoiximan.gr/casino/api/bonus/widget/activeOffers?gameId=35927&tableId=undefined
25280.2.js	https://gaming-launch-gr.betano.com/operator/1/provider/23/file/launcher.js?v=2
25280.4.js	https://static.cloudflareinsights.com/beacon.min.js/v31edd6df95cf4e85bb4c19e7a9bdbcba1788362987495
25280.8.js	https://gaming-launch-gr.betano.com/cdn-cgi/challenge-platform/h/g/scripts/jsd/330e41bb475c/main.js?
25880.3.js	https://www.frail-chance-42.net/apps/shell/static/js/786.74574695.js
25880.4.js	https://www.frail-chance-42.net/apps/shell/static/js/345.de409feb.js
25880.2.js	https://www.frail-chance-42.net/apps/shell/static/js/104.f7bf8472.js
25880.5.js	https://www.frail-chance-42.net/apps/shell/static/js/index.5afa7f63.js
25880.21.js	https://www.frail-chance-42.net/apps/shell/static/js/async/677.34320ab6.js
25880.20.json	https://www.frail-chance-42.net/apps/translations-ui/latest/en/miniplay.json
25972.2.json	https://client.pragmaticplaylive.net/apps/feature-flags/1.0.0/blackjack.manifest.json
25972.3.json	https://client.pragmaticplaylive.net/apps/feature-flags/1.0.0/promotions.manifest.json
25972.6.json	https://client.pragmaticplaylive.net/apps/theme-manager/1.0.0/themes/pp_blackjack_default/theme.json
25972.10.js	https://client.pragmaticplaylive.net/apps/video/2.1.2/index.js
25972.7.js	https://client.pragmaticplaylive.net/apps/blackjack/3.2.83/release.js
25972.12.js	https://client.pragmaticplaylive.net/apps/video/2.1.2/constants-CQe0O6qb.js
25880.24.json	https://cdn.frail-chance-42.net/gs2c/SingleSessionAPI/data
25880.25.json	https://cdn.frail-chance-42.net/ClientAPI/shell/settings/get/all
25880.27.json	https://www.frail-chance-42.net/apps/translations-ui/latest/el/miniplay.json
25880.28.json	https://cdn.frail-chance-42.net/gs2c/SingleSessionAPI/ping
25972.8.js	https://client.pragmaticplaylive.net/apps/blackjack/3.2.83/main.js
25972.47.json	https://client.pragmaticplaylive.net/apps/translations-ui/latest/el/core.json
25972.48.json	https://client.pragmaticplaylive.net/apps/translations-ui/latest/el/table_name.json
25972.50.json	https://client.pragmaticplaylive.net/apps/translations-ui/latest/el/promo.json
25972.49.json	https://client.pragmaticplaylive.net/apps/translations-ui/latest/el/blackjack.json
25972.46.json	https://games.pragmaticplaylive.net/api/player/features/ui/configuredFeatures?JSESSIONID=0IeSf3d3ibFDws2DV0-6HOk6vW8TUd7i02V9Cvy3HCaAyn2ZrJvt%21514001511-97bffe11&tableId=sobj027blackjack
25972.76.json	https://games.pragmaticplaylive.net/api/env/getAll?JSESSIONID=0IeSf3d3ibFDws2DV0-6HOk6vW8TUd7i02V9Cvy3HCaAyn2ZrJvt%21514001511-97bffe11
25972.77.json	https://games.pragmaticplaylive.net/api/config/preferences?JSESSIONID=0IeSf3d3ibFDws2DV0-6HOk6vW8TUd7i02V9Cvy3HCaAyn2ZrJvt%21514001511-97bffe11
25972.79.json	https://games.pragmaticplaylive.net/api/ui/tableConfig?JSESSIONID=0IeSf3d3ibFDws2DV0-6HOk6vW8TUd7i02V9Cvy3HCaAyn2ZrJvt%21514001511-97bffe11&tableId=sobj027blackjack&operatorNotification=false
25972.78.json	https://games.pragmaticplaylive.net/api/user/screenName?JSESSIONID=0IeSf3d3ibFDws2DV0-6HOk6vW8TUd7i02V9Cvy3HCaAyn2ZrJvt%21514001511-97bffe11
25972.75.json	https://games.pragmaticplaylive.net/api/config/casino?JSESSIONID=0IeSf3d3ibFDws2DV0-6HOk6vW8TUd7i02V9Cvy3HCaAyn2ZrJvt%21514001511-97bffe11
25972.80.json	https://videostats.pragmaticplaylive.net/eventcapture/settings
25972.84.js	https://client.pragmaticplaylive.net/apps/blackjack/3.2.83/3.20519666aaa1ee27.js
25972.82.json	https://games.pragmaticplaylive.net/api/ge/versions?game=classicblackjack&JSESSIONID=0IeSf3d3ibFDws2DV0-6HOk6vW8TUd7i02V9Cvy3HCaAyn2ZrJvt%21514001511-97bffe11&operatorGameId=1132
25972.86.json	https://videostats.pragmaticplaylive.net/quality/video/37.6.221.15
25972.81.json	https://games.pragmaticplaylive.net/api/wallet/balance?JSESSIONID=0IeSf3d3ibFDws2DV0-6HOk6vW8TUd7i02V9Cvy3HCaAyn2ZrJvt%21514001511-97bffe11
25972.83.json	https://games.pragmaticplaylive.net/api/lobby/table/alternatives?tableId=sobj027blackjack&useCase=SEAT_OCCUPIED&JSESSIONID=0IeSf3d3ibFDws2DV0-6HOk6vW8TUd7i02V9Cvy3HCaAyn2ZrJvt%21514001511-97bffe11&onlyAvailableSeats=false
25972.89.js	https://client.pragmaticplaylive.net/apps/promotions-wc/1.0.9/promotions.bundle.js
25972.116.js	https://client.pragmaticplaylive.net/apps/video/2.1.2/constants-CQe0O6qb.js
25972.115.js	https://client.pragmaticplaylive.net/apps/video/2.1.2/pp-video.js
25972.119.json	https://client.pragmaticplaylive.net/apps/translations-ui/latest/el/promo.json
25972.120.json	https://client.pragmaticplaylive.net/apps/translations-ui/latest/el/table_name.json
25972.123.js	https://client.pragmaticplaylive.net/apps/video/2.1.2/MetricsTrackerController-DLeK0Tb0.js
25972.122.js	https://client.pragmaticplaylive.net/apps/video/2.1.2/VideoControllerV5-DfdpqGct.js
25972.129.js	https://client.pragmaticplaylive.net/apps/promotions-wc/1.0.9/promotions-app.02a4b2a0767fd9c228e5.js
25972.130.js	https://client.pragmaticplaylive.net/apps/promotions-wc/1.0.9/promotions-connected.00671bdcd842e768725a.js
25972.125.json	https://videostats.pragmaticplaylive.net/eventcapture/videosessionmeta
25972.133.json	https://games.pragmaticplaylive.net/api/lobby/tables?JSESSIONID=0IeSf3d3ibFDws2DV0-6HOk6vW8TUd7i02V9Cvy3HCaAyn2ZrJvt%21514001511-97bffe11
5300.568.json	https://obseu.greencolumnart.com/mon
25972.131.json	https://promo.pragmaticplaylive.net/api/v3/fetchPromotionsInfo?isDetailed=true&lang=el&tableId=1132
25972.132.json	https://bonuspromotions.pragmaticplaylive.net/v1/campaign/eligible/1132
25880.31.json	https://www.frail-chance-42.net/apps/feature-flags/1.0.0/unifiedlobby.manifest.json
5300.570.json	https://obseu.greencolumnart.com/mon
5300.572.json	https://obseu.greencolumnart.com/mon
5300.573.json	https://www.stoiximan.gr/casino/timelosslimits
25880.33.json	https://cdn.frail-chance-42.net/gs2c/SingleSessionAPI/ping
25972.212.json	https://promo.pragmaticplaylive.net/api/v2/fetchinstantpoints
19052.2.js	chrome://new-tab-page/new_tab_page.js
19052.11.js	chrome://resources/js/load_time_data.js
19052.14.js	chrome://resources/mojo/mojo/public/mojom/base/time.mojom-webui.js
19052.15.js	chrome://resources/js/cr.js
19052.17.js	chrome://resources/cr_components/color_change_listener/color_change_listener.mojom-webui.js
19052.20.js	chrome://resources/mojo/skia/public/mojom/skcolor.mojom-webui.js
19052.12.js	chrome://resources/lit/v3_0/lit.rollup.js
19052.18.js	chrome://resources/cr_components/composebox/composebox_query.mojom-webui.js
19052.19.js	chrome://resources/mojo/mojo/public/mojom/base/string16.mojom-webui.js
19052.21.js	chrome://resources/mojo/url/mojom/url.mojom-webui.js
19052.13.js	chrome://resources/mojo/mojo/public/js/bindings.js
19052.22.js	chrome://resources/cr_components/most_visited/most_visited.mojom-webui.js
19052.23.js	chrome://resources/cr_components/composebox/composebox.mojom-webui.js
19052.16.js	chrome://new-tab-page/strings.m.js
19052.24.js	chrome://resources/js/assert.js
19052.25.js	chrome://resources/mojo/mojo/public/mojom/base/time.mojom-converters.js
19052.26.js	chrome://resources/mojo/mojo/public/mojom/base/time_converters.js
19052.27.js	chrome://resources/js/promise_resolver.js
19052.30.js	chrome://resources/mojo/mojo/public/mojom/base/string16_converter.js
19052.29.js	chrome://resources/mojo/mojo/public/mojom/base/string16.mojom-converters.js
19052.28.js	chrome://resources/mojo/mojo/public/mojom/base/big_buffer.mojom-webui.js
19052.32.js	chrome://resources/mojo/url/mojom/url_converter.js
19052.31.js	chrome://resources/mojo/url/mojom/url.mojom-converters.js
19052.34.js	chrome://resources/mojo/components/ntp_tiles/tile_source.mojom-webui.js
19052.33.js	chrome://resources/mojo/mojo_browser_proxy.js
19052.35.js	chrome://resources/mojo/mojo/public/mojom/base/text_direction.mojom-webui.js
19052.36.js	chrome://resources/mojo/components/omnibox/browser/searchbox.mojom-webui.js
19052.37.js	chrome://resources/mojo/mojo/public/mojom/base/unguessable_token.mojom-webui.js
19052.38.js	chrome://resources/mojo/ui/base/mojom/window_open_disposition.mojom-webui.js
19052.39.js	chrome://resources/mojo/ui/gfx/geometry/mojom/geometry.mojom-webui.js
19052.41.js	chrome://resources/mojo/components/omnibox/browser/omnibox.mojom-webui.js
19052.40.js	chrome://resources/mojo/components/omnibox/composebox/composebox_query.mojom-webui.js
19052.42.js	chrome://resources/mojo/mojo/public/mojom/base/unguessable_token.mojom-converters.js
19052.43.js	chrome://resources/mojo/mojo/public/mojom/base/unguessable_token_converter.js
19052.10.js	chrome://new-tab-page/shared.rollup.js
19052.52.js	chrome://new-tab-page/lazy_load.js
19052.53.js	chrome://resources/cr_components/page_image_service/page_image_service.mojom-webui.js
22520.4.js	chrome-untrusted://new-tab-page/one_google_bar.js
22520.5.js	chrome-untrusted://new-tab-page/one_google_bar_api.js
22520.2.js	https://www.gstatic.com/og/_/js/k=og.qtm.en_US.GWpPdFKEL-s.2019.O/rt=j/m=q_dnp,qmd,qcwid,qapid,qald,qads/exm=qaaw,qabr,qadd,qaid,qalo,qebr,qein,qhaw,qhawgm3,qhba,qhbr,qhbrgm3,qhch,qhchgm3,qhga,qhid,qhidgm3,qhin,qhlo,qhlogm3,qhmn,qhpc,qhsf,qhsfgm3,qhtt/d=1/ed=1/rs=AA2YrTuJWwymoLzabh5d8DnMJYz1k9It3Q
5300.574.json	https://www.stoiximan.gr/casino/timelosslimits
25880.36.json	https://cdn.frail-chance-42.net/gs2c/SingleSessionAPI/ping
5300.575.json	https://www.stoiximan.gr/casino/timelosslimits
25880.38.json	https://cdn.frail-chance-42.net/gs2c/SingleSessionAPI/ping
5300.576.json	https://obseu.greencolumnart.com/mon
5300.577.json	https://www.stoiximan.gr/casino/timelosslimits
25880.39.json	https://cdn.frail-chance-42.net/gs2c/SingleSessionAPI/ping
5300.578.json	https://www.stoiximan.gr/casino/timelosslimits
25880.40.json	https://cdn.frail-chance-42.net/gs2c/SingleSessionAPI/ping
5300.579.json	https://www.stoiximan.gr/casino/timelosslimits
25880.41.json	https://cdn.frail-chance-42.net/gs2c/SingleSessionAPI/ping
25880.42.json	https://cdn.frail-chance-42.net/gs2c/SingleSessionAPI/ping
5300.580.json	https://www.stoiximan.gr/casino/timelosslimits
25880.43.json	https://cdn.frail-chance-42.net/gs2c/SingleSessionAPI/ping
5300.581.json	https://www.stoiximan.gr/casino/timelosslimits
25880.44.json	https://cdn.frail-chance-42.net/gs2c/SingleSessionAPI/ping
5300.582.json	https://www.stoiximan.gr/casino/timelosslimits
25880.45.json	https://cdn.frail-chance-42.net/gs2c/SingleSessionAPI/ping
5300.583.json	https://www.stoiximan.gr/casino/timelosslimits
25880.46.json	https://cdn.frail-chance-42.net/gs2c/SingleSessionAPI/ping
5300.584.json	https://www.stoiximan.gr/casino/timelosslimits
25880.47.json	https://cdn.frail-chance-42.net/gs2c/SingleSessionAPI/ping
5300.585.json	https://www.stoiximan.gr/casino/timelosslimits
25880.48.json	https://cdn.frail-chance-42.net/gs2c/SingleSessionAPI/ping
5300.586.json	https://www.stoiximan.gr/casino/timelosslimits
18348.3.js	https://cdn.cookielaw.org/scripttemplates/otSDKStub.js
18348.2.json	https://translations.gmlinteractive.com/api/v1/translations/kcv/casinowebsitefrontend/el/24
18348.12.js	https://static.cloudflareinsights.com/beacon.min.js/v31edd6df95cf4e85bb4c19e7a9bdbcba1788362987495
18348.13.json	https://cdn.cookielaw.org/consent/799045cc-2657-469e-9b2c-24cc08e431ae/799045cc-2657-469e-9b2c-24cc08e431ae.json
18348.10.js	https://copilot.gmlinteractive.com/copilot/0.9.6-5e18e9f2/main.js
18348.14.js	https://www.googletagmanager.com/gtm.js?id=GTM-M3QHWW9
18348.15.js	https://edge.fullstory.com/s/fs.js
18348.46.js	https://copilot.gmlinteractive.com/copilot/0.9.6-5e18e9f2/vue-i18n.CKK-OYXf.js
18348.44.js	https://copilot.gmlinteractive.com/copilot/0.9.6-5e18e9f2/vue.C1Ckkl3F.js
18348.47.js	https://copilot.gmlinteractive.com/copilot/0.9.6-5e18e9f2/swiper.CqlqoF6A.js
18348.48.js	https://copilot.gmlinteractive.com/copilot/0.9.6-5e18e9f2/markdown.BMSQkwth.js
18348.45.js	https://copilot.gmlinteractive.com/copilot/0.9.6-5e18e9f2/vue3-lottie.BRAhPEvB.js
18348.8.js	https://static.gmlinteractive.com/casinov3/a73ac460/js/app.DCm7PxGX.js
18348.43.json	https://geolocation.onetrust.com/cookieconsentpub/v1/geo/location
18348.50.js	https://cdn.cookielaw.org/scripttemplates/202501.2.0/otBannerSdk.js
18348.49.js	https://static.gmlinteractive.com/casinov3/a73ac460/js/chunk.BwlIe5fW.js
18348.11.js	https://sdk.optimove.net/websdk/?tenant_id=542&tenant_token=72b4145aad1747ae9c09acd2bc24a50d
18348.51.js	https://static.gmlinteractive.com/casinov3/a73ac460/js/chunk.hcHMx4TS.js
18348.56.js	https://static.gmlinteractive.com/casinov3/a73ac460/js/chunk.xVfC0zpC.js
18348.57.js	https://static.gmlinteractive.com/casinov3/a73ac460/js/chunk.B1WMR3hZ.js
18348.55.js	https://www.stoiximan.gr/cdn-cgi/challenge-platform/h/g/scripts/jsd/330e41bb475c/main.js?
18348.53.js	https://static.app.delivery/sdks/web/optimove-web-bundle.js
18348.61.js	https://static.gmlinteractive.com/casinov3/a73ac460/js/chunk.CoGGifHz.js
18348.63.js	https://static.gmlinteractive.com/casinov3/a73ac460/js/chunk.NALbZN9r.js
18348.64.js	https://static.gmlinteractive.com/casinov3/a73ac460/js/chunk.DKP9srV0.js
18348.62.js	https://static.gmlinteractive.com/casinov3/a73ac460/js/chunk.Dl1LrD15.js
18348.65.js	https://static.gmlinteractive.com/casinov3/a73ac460/js/chunk.lQqb9Nqs.js
18348.66.js	https://static.gmlinteractive.com/casinov3/a73ac460/js/chunk.DDRWTr_U.js
18348.78.js	https://static.gmlinteractive.com/casinov3/a73ac460/js/chunk.Be16HiJF.js
18348.79.js	https://static.gmlinteractive.com/casinov3/a73ac460/js/chunk.D-STApjy.js
18348.70.js	https://static.gmlinteractive.com/casinov3/a73ac460/js/chunk.Dh29p7QL.js
18348.68.js	https://static.gmlinteractive.com/casinov3/a73ac460/js/chunk.DNmEh1iY.js
18348.67.js	https://static.gmlinteractive.com/casinov3/a73ac460/js/chunk.U3e_6Mm5.js
18348.75.js	https://static.gmlinteractive.com/casinov3/a73ac460/js/chunk.CJSez0Ep.js
18348.74.js	https://static.gmlinteractive.com/casinov3/a73ac460/js/chunk.Dav2gfjE.js
18348.76.js	https://static.gmlinteractive.com/casinov3/a73ac460/js/chunk.HiYhu1fj.js
18348.77.js	https://static.gmlinteractive.com/casinov3/a73ac460/js/chunk.DDSXmQpR.js
18348.82.js	https://static.gmlinteractive.com/casinov3/a73ac460/js/chunk.537i1yL4.js
18348.80.js	https://static.gmlinteractive.com/casinov3/a73ac460/js/chunk.zhp0ze8A.js
18348.69.js	https://static.gmlinteractive.com/casinov3/a73ac460/js/chunk._7e4AhZk.js
18348.73.js	https://static.gmlinteractive.com/casinov3/a73ac460/js/chunk.VQ0IxCQh.js
18348.71.js	https://static.gmlinteractive.com/casinov3/a73ac460/js/chunk.7GxsokpS.js
18348.72.js	https://static.gmlinteractive.com/casinov3/a73ac460/js/chunk.Dcj6YKnB.js
18348.83.js	https://static.gmlinteractive.com/casinov3/a73ac460/js/chunk.xCpDP68M.js
18348.81.js	https://static.gmlinteractive.com/casinov3/a73ac460/js/chunk.C0_ibctr.js
18348.86.js	https://static.gmlinteractive.com/casinov3/a73ac460/js/chunk.D3DWUQqi.js
18348.84.js	https://static.gmlinteractive.com/casinov3/a73ac460/js/chunk.BmuxE7rM.js
18348.85.js	https://static.gmlinteractive.com/casinov3/a73ac460/js/chunk.lcGDLDNw.js
18348.87.js	https://static.gmlinteractive.com/casinov3/a73ac460/js/chunk.D5I8SGhl.js
18348.88.js	https://static.gmlinteractive.com/casinov3/a73ac460/js/chunk.1fjffNKj.js
18348.90.js	https://static.gmlinteractive.com/casinov3/a73ac460/js/chunk.D3MfnKqO.js
18348.89.js	https://static.gmlinteractive.com/casinov3/a73ac460/js/chunk.D-t3VI6w.js
18348.93.js	https://static.gmlinteractive.com/casinov3/a73ac460/js/chunk.C5a6dmbK.js
18348.92.js	https://static.gmlinteractive.com/casinov3/a73ac460/js/chunk.Bf2NK1cE.js
18348.95.js	https://static.gmlinteractive.com/casinov3/a73ac460/js/chunk.Ci892fHU.js
18348.96.js	https://static.gmlinteractive.com/casinov3/a73ac460/js/chunk.C7BfBz-_.js
18348.98.js	https://static.gmlinteractive.com/casinov3/a73ac460/js/chunk.CA0f47T3.js
18348.99.js	https://static.gmlinteractive.com/casinov3/a73ac460/js/chunk.CDQMZ_J2.js
18348.97.js	https://static.gmlinteractive.com/casinov3/a73ac460/js/chunk.IuL5-plG.js
18348.100.js	https://static.gmlinteractive.com/casinov3/a73ac460/js/chunk.BbBlzd_Q.js
18348.101.js	https://static.gmlinteractive.com/casinov3/a73ac460/js/chunk.DZ3Tix3B.js
18348.102.js	https://static.gmlinteractive.com/casinov3/a73ac460/js/chunk.BJUEsJRV.js
18348.103.js	https://static.gmlinteractive.com/casinov3/a73ac460/js/chunk.u4vPABi4.js
18348.104.js	https://static.gmlinteractive.com/casinov3/a73ac460/js/chunk.wL1VQXOh.js
18348.105.js	https://static.gmlinteractive.com/casinov3/a73ac460/js/chunk.0A77WSuG.js
18348.108.js	https://static.gmlinteractive.com/casinov3/a73ac460/js/chunk.aziTJOCh.js
18348.109.js	https://static.gmlinteractive.com/casinov3/a73ac460/js/chunk.C44m_qhJ.js
18348.106.js	https://static.gmlinteractive.com/casinov3/a73ac460/js/chunk.cIibpqXx.js
18348.107.js	https://static.gmlinteractive.com/casinov3/a73ac460/js/chunk.fOh4MTka.js
18348.110.js	https://static.gmlinteractive.com/casinov3/a73ac460/js/chunk.D0ho7GVx.js
18348.126.js	https://static.gmlinteractive.com/casinov3/a73ac460/js/chunk.Dfe6_kwb.js
18348.60.js	https://www.stoiximan.gr/cdn-cgi/challenge-platform/h/g/scripts/jsd/330e41bb475c/main.js?
18348.58.json	https://edge.fullstory.com/s/settings/o-1FC4W0-na1/v1/web
18348.54.json	https://stream-542.optimove.net/
18348.128.js	https://static.gmlinteractive.com/casinov3/a73ac460/js/chunk.DLcSAdYp.js
18348.129.js	https://static.gmlinteractive.com/casinov3/a73ac460/js/chunk.eimGwlYT.js
18348.132.js	https://static.gmlinteractive.com/casinov3/a73ac460/js/chunk.BmCuM1My.js
18348.131.js	https://static.gmlinteractive.com/casinov3/a73ac460/js/chunk.CS4hRJ20.js
18348.130.js	https://static.gmlinteractive.com/casinov3/a73ac460/js/chunk.CJpIeO3G.js
18348.137.js	https://static.gmlinteractive.com/casinov3/a73ac460/js/chunk.CS5IHAwZ.js
18348.138.js	https://static.gmlinteractive.com/casinov3/a73ac460/js/chunk.DompZaJe.js
18348.136.js	https://static.gmlinteractive.com/casinov3/a73ac460/js/chunk.pQb1mU1s.js
18348.206.js	https://static.gmlinteractive.com/casinov3/a73ac460/js/chunk.BrmAVw8t.js
18348.205.js	https://static.gmlinteractive.com/casinov3/a73ac460/js/chunk.DIEoJEt-.js
18348.118.json	https://www.stoiximan.gr/casino/realitycheck/customersettings
18348.117.json	https://www.stoiximan.gr/casino/customerSession/lastLogin
18348.125.json	https://www.stoiximan.gr/casino/customerSession/sessioninactivityconfig
18348.122.json	https://www.stoiximan.gr/casino/api/livefeed
18348.124.json	https://www.stoiximan.gr/casino/depositlimits
18348.114.json	https://www.stoiximan.gr/casino/balance/userBalance
18348.113.json	https://www.stoiximan.gr/casino/live/topNotifications/topNotification?v=true
18348.134.json	https://www.stoiximan.gr/casino/customerpush/configuration
18348.211.json	https://cdn.cookielaw.org/consent/799045cc-2657-469e-9b2c-24cc08e431ae/019e4aa1-1c2d-78b9-8210-0ac0f140aa51/el.json
18348.115.json	https://www.stoiximan.gr/casino/freespins/userFreespins
18348.120.json	https://www.stoiximan.gr/casino/games/recentlysearched
18348.116.json	https://www.stoiximan.gr/casino/popup
18348.127.json	https://www.stoiximan.gr/casino/api/stake-offers/pending
18348.119.json	https://www.stoiximan.gr/casino/games/favorites
18348.212.js	https://www.googletagmanager.com/gtag/js?id=G-NL3TXCS6S3&cx=c&gtm=4e6921
18348.135.json	https://realtime-542.optimove.net/reportEvent
18348.214.json	https://cdn.cookielaw.org/scripttemplates/202501.2.0/assets/otFloatingRounded.json
18348.215.json	https://cdn.cookielaw.org/scripttemplates/202501.2.0/assets/v2/otPcCenter.json
18348.220.js	https://euob.greencolumnart.com/sxp/i/04e7029789c8d022812f712860f76e7a.js
18348.210.json	https://www.stoiximan.gr/customerhub_0/negotiate?negotiateVersion=1
18348.208.json	https://www.stoiximan.gr/casino/timelosslimits
18348.133.json	https://www.stoiximan.gr/casino/games/launch/live?gameId=35927
18348.225.js	https://static.gmlinteractive.com/casinov3/a73ac460/js/chunk.BHljXDQs.js
18348.224.js	https://static.gmlinteractive.com/casinov3/a73ac460/js/chunk.CTiLXy52.js
18348.231.js	https://static.gmlinteractive.com/casinov3/a73ac460/js/chunk.CWb-K7XQ.js
18348.233.js	https://static.gmlinteractive.com/casinov3/a73ac460/js/chunk.N-nDWVjr.js
18348.235.js	https://static.gmlinteractive.com/casinov3/a73ac460/js/chunk.DaYRXWF0.js
18348.234.js	https://static.gmlinteractive.com/casinov3/a73ac460/js/chunk.fnSDFWyu.js
18348.232.js	https://static.gmlinteractive.com/casinov3/a73ac460/js/chunk.NhC3q8_9.js
18348.236.js	https://static.gmlinteractive.com/casinov3/a73ac460/js/chunk.C82jHvf6.js
18348.226.json	https://www.stoiximan.gr/casino/live/api/minilobbies?type=forYou
18348.227.json	https://www.stoiximan.gr/casino/games/recentlyplayed
18348.238.json	https://www.stoiximan.gr/casino/api/bonus/widget/activeOffers?gameId=35927&tableId=undefined
25280.15.js	https://static.cloudflareinsights.com/beacon.min.js/v31edd6df95cf4e85bb4c19e7a9bdbcba1788362987495
18348.228.json	https://www.stoiximan.gr/casino/api/games/recommendations/customer
25280.13.js	https://gaming-launch-gr.betano.com/operator/1/provider/23/file/launcher.js?v=2
25280.19.js	https://gaming-launch-gr.betano.com/cdn-cgi/challenge-platform/h/g/scripts/jsd/330e41bb475c/main.js?
25280.21.js	https://gaming-launch-gr.betano.com/cdn-cgi/challenge-platform/h/g/scripts/jsd/330e41bb475c/main.js?
18348.230.json	https://obseu.greencolumnart.com/ct
25880.50.js	https://www.frail-chance-42.net/apps/shell/static/js/104.f7bf8472.js
25880.51.js	https://www.frail-chance-42.net/apps/shell/static/js/786.74574695.js
25880.52.js	https://www.frail-chance-42.net/apps/shell/static/js/345.de409feb.js
25880.53.js	https://www.frail-chance-42.net/apps/shell/static/js/index.5afa7f63.js
25880.68.json	https://www.frail-chance-42.net/apps/translations-ui/latest/en/miniplay.json
25880.70.json	https://www.frail-chance-42.net/apps/feature-flags/1.0.0/unifiedlobby.manifest.json
25972.220.json	https://client.pragmaticplaylive.net/apps/theme-manager/1.0.0/themes/pp_blackjack_default/theme.json
25972.217.json	https://client.pragmaticplaylive.net/apps/feature-flags/1.0.0/promotions.manifest.json
25972.216.json	https://client.pragmaticplaylive.net/apps/feature-flags/1.0.0/blackjack.manifest.json
25972.222.js	https://client.pragmaticplaylive.net/apps/blackjack/3.2.83/release.js
25972.225.js	https://client.pragmaticplaylive.net/apps/video/2.1.2/index.js
25972.259.js	https://client.pragmaticplaylive.net/apps/video/2.1.2/constants-CQe0O6qb.js
25880.72.json	https://cdn.frail-chance-42.net/gs2c/SingleSessionAPI/data
25880.73.json	https://cdn.frail-chance-42.net/ClientAPI/shell/settings/get/all
25880.75.json	https://www.frail-chance-42.net/apps/translations-ui/latest/el/miniplay.json
25880.76.json	https://cdn.frail-chance-42.net/gs2c/SingleSessionAPI/ping
25972.223.js	https://client.pragmaticplaylive.net/apps/blackjack/3.2.83/main.js
25972.261.json	https://client.pragmaticplaylive.net/apps/translations-ui/latest/el/core.json
25972.262.json	https://client.pragmaticplaylive.net/apps/translations-ui/latest/el/table_name.json
25972.264.json	https://client.pragmaticplaylive.net/apps/translations-ui/latest/el/promo.json
25972.263.json	https://client.pragmaticplaylive.net/apps/translations-ui/latest/el/blackjack.json
25972.260.json	https://games.pragmaticplaylive.net/api/player/features/ui/configuredFeatures?JSESSIONID=9CYYgVSDgnlksdm08NYCJciWoSEhV1uwuMp1E2KvyRi_kgEz6Iub%21021770770-7940d160&tableId=sobj027blackjack
25972.290.json	https://games.pragmaticplaylive.net/api/env/getAll?JSESSIONID=9CYYgVSDgnlksdm08NYCJciWoSEhV1uwuMp1E2KvyRi_kgEz6Iub%21021770770-7940d160
25972.289.json	https://games.pragmaticplaylive.net/api/config/casino?JSESSIONID=9CYYgVSDgnlksdm08NYCJciWoSEhV1uwuMp1E2KvyRi_kgEz6Iub%21021770770-7940d160
25972.291.json	https://games.pragmaticplaylive.net/api/config/preferences?JSESSIONID=9CYYgVSDgnlksdm08NYCJciWoSEhV1uwuMp1E2KvyRi_kgEz6Iub%21021770770-7940d160
25972.292.json	https://games.pragmaticplaylive.net/api/user/screenName?JSESSIONID=9CYYgVSDgnlksdm08NYCJciWoSEhV1uwuMp1E2KvyRi_kgEz6Iub%21021770770-7940d160
25972.293.json	https://games.pragmaticplaylive.net/api/ui/tableConfig?JSESSIONID=9CYYgVSDgnlksdm08NYCJciWoSEhV1uwuMp1E2KvyRi_kgEz6Iub%21021770770-7940d160&tableId=sobj027blackjack&operatorNotification=false
25972.296.js	https://client.pragmaticplaylive.net/apps/blackjack/3.2.83/3.20519666aaa1ee27.js
25972.294.json	https://videostats.pragmaticplaylive.net/eventcapture/settings
25972.295.json	https://games.pragmaticplaylive.net/api/lobby/table/alternatives?tableId=sobj027blackjack&useCase=SEAT_OCCUPIED&JSESSIONID=9CYYgVSDgnlksdm08NYCJciWoSEhV1uwuMp1E2KvyRi_kgEz6Iub%21021770770-7940d160&onlyAvailableSeats=false
25972.298.json	https://games.pragmaticplaylive.net/api/ge/versions?game=classicblackjack&JSESSIONID=9CYYgVSDgnlksdm08NYCJciWoSEhV1uwuMp1E2KvyRi_kgEz6Iub%21021770770-7940d160&operatorGameId=1132
25972.300.json	https://videostats.pragmaticplaylive.net/quality/video/37.6.221.15
25972.297.json	https://games.pragmaticplaylive.net/api/wallet/balance?JSESSIONID=9CYYgVSDgnlksdm08NYCJciWoSEhV1uwuMp1E2KvyRi_kgEz6Iub%21021770770-7940d160
18348.247.json	https://obseu.greencolumnart.com/mon
18348.248.json	https://obseu.greencolumnart.com/mon
25972.304.js	https://client.pragmaticplaylive.net/apps/promotions-wc/1.0.9/promotions.bundle.js
25972.334.js	https://client.pragmaticplaylive.net/apps/video/2.1.2/constants-CQe0O6qb.js
25972.333.js	https://client.pragmaticplaylive.net/apps/video/2.1.2/pp-video.js
25972.335.json	https://client.pragmaticplaylive.net/apps/translations-ui/latest/el/promo.json
25972.336.json	https://client.pragmaticplaylive.net/apps/translations-ui/latest/el/table_name.json
25972.341.js	https://client.pragmaticplaylive.net/apps/video/2.1.2/MetricsTrackerController-DLeK0Tb0.js
25972.340.js	https://client.pragmaticplaylive.net/apps/video/2.1.2/VideoControllerV5-DfdpqGct.js
25972.347.js	https://client.pragmaticplaylive.net/apps/promotions-wc/1.0.9/promotions-app.02a4b2a0767fd9c228e5.js
25972.348.js	https://client.pragmaticplaylive.net/apps/promotions-wc/1.0.9/promotions-connected.00671bdcd842e768725a.js
25972.351.json	https://games.pragmaticplaylive.net/api/lobby/tables?JSESSIONID=9CYYgVSDgnlksdm08NYCJciWoSEhV1uwuMp1E2KvyRi_kgEz6Iub%21021770770-7940d160
25972.343.json	https://videostats.pragmaticplaylive.net/eventcapture/videosessionmeta
25972.349.json	https://promo.pragmaticplaylive.net/api/v3/fetchPromotionsInfo?isDetailed=true&lang=el&tableId=1132
25972.350.json	https://bonuspromotions.pragmaticplaylive.net/v1/campaign/eligible/1132
18348.249.json	https://obseu.greencolumnart.com/mon
18348.250.json	https://obseu.greencolumnart.com/mon
18348.251.json	https://obseu.greencolumnart.com/mon
18348.252.json	https://obseu.greencolumnart.com/mon
25880.78.json	https://cdn.frail-chance-42.net/gs2c/SingleSessionAPI/ping
18348.254.json	https://obseu.greencolumnart.com/mon
5300.587.json	https://www.stoiximan.gr/casino/timelosslimits
18348.255.json	https://www.stoiximan.gr/casino/timelosslimits
18348.256.json	https://obseu.greencolumnart.com/mon
25880.80.json	https://cdn.frail-chance-42.net/gs2c/SingleSessionAPI/ping
25880.81.json	https://cdn.frail-chance-42.net/gs2c/SingleSessionAPI/ping
5300.588.json	https://www.stoiximan.gr/casino/timelosslimits
18348.257.json	https://www.stoiximan.gr/casino/timelosslimits
25880.83.json	https://cdn.frail-chance-42.net/gs2c/SingleSessionAPI/ping
25880.84.json	https://cdn.frail-chance-42.net/gs2c/SingleSessionAPI/ping
5300.589.json	https://www.stoiximan.gr/casino/timelosslimits
18348.258.json	https://www.stoiximan.gr/casino/timelosslimits
25880.85.json	https://cdn.frail-chance-42.net/gs2c/SingleSessionAPI/ping
25880.86.json	https://cdn.frail-chance-42.net/gs2c/SingleSessionAPI/ping
18348.259.json	https://obseu.greencolumnart.com/mon
5300.590.json	https://www.stoiximan.gr/casino/timelosslimits
18348.260.json	https://www.stoiximan.gr/casino/timelosslimits
25880.87.json	https://cdn.frail-chance-42.net/gs2c/SingleSessionAPI/ping
25880.88.json	https://cdn.frail-chance-42.net/gs2c/SingleSessionAPI/ping
5300.591.json	https://www.stoiximan.gr/casino/timelosslimits
18348.261.json	https://www.stoiximan.gr/casino/timelosslimits
25880.89.json	https://cdn.frail-chance-42.net/gs2c/SingleSessionAPI/ping
25880.90.json	https://cdn.frail-chance-42.net/gs2c/SingleSessionAPI/ping
5300.592.json	https://www.stoiximan.gr/casino/timelosslimits
18348.262.json	https://www.stoiximan.gr/casino/timelosslimits
25880.91.json	https://cdn.frail-chance-42.net/gs2c/SingleSessionAPI/ping
25880.92.json	https://cdn.frail-chance-42.net/gs2c/SingleSessionAPI/ping
5300.593.json	https://www.stoiximan.gr/casino/timelosslimits
25880.93.json	https://cdn.frail-chance-42.net/gs2c/SingleSessionAPI/ping
25880.94.json	https://cdn.frail-chance-42.net/gs2c/SingleSessionAPI/ping
18348.263.json	https://www.stoiximan.gr/casino/timelosslimits
5300.594.json	https://www.stoiximan.gr/casino/timelosslimits
25880.95.json	https://cdn.frail-chance-42.net/gs2c/SingleSessionAPI/ping
25880.96.json	https://cdn.frail-chance-42.net/gs2c/SingleSessionAPI/ping
18348.264.json	https://www.stoiximan.gr/casino/timelosslimits
5300.595.json	https://www.stoiximan.gr/casino/timelosslimits
25880.97.json	https://cdn.frail-chance-42.net/gs2c/SingleSessionAPI/ping
18348.265.json	https://www.stoiximan.gr/casino/timelosslimits
25972.430.json	https://promo.pragmaticplaylive.net/api/v2/fetchinstantpoints
25880.98.json	https://cdn.frail-chance-42.net/gs2c/SingleSessionAPI/ping
5300.596.json	https://www.stoiximan.gr/casino/timelosslimits
18348.266.json	https://www.stoiximan.gr/casino/timelosslimits
25880.100.json	https://cdn.frail-chance-42.net/gs2c/SingleSessionAPI/ping
25880.101.json	https://cdn.frail-chance-42.net/gs2c/SingleSessionAPI/ping
5300.597.json	https://www.stoiximan.gr/casino/timelosslimits
25880.103.json	https://cdn.frail-chance-42.net/gs2c/SingleSessionAPI/ping
25880.104.json	https://cdn.frail-chance-42.net/gs2c/SingleSessionAPI/ping
18348.267.json	https://www.stoiximan.gr/casino/timelosslimits
5300.600.json	https://www.stoiximan.gr/casino/timelosslimits
5300.599.json	https://obseu.greencolumnart.com/mon
25880.105.json	https://cdn.frail-chance-42.net/gs2c/SingleSessionAPI/ping
25880.106.json	https://cdn.frail-chance-42.net/gs2c/SingleSessionAPI/ping
5300.601.json	https://www.stoiximan.gr/casino/timelosslimits
18348.268.json	https://www.stoiximan.gr/casino/timelosslimits
25880.107.json	https://cdn.frail-chance-42.net/gs2c/SingleSessionAPI/ping
25880.108.json	https://cdn.frail-chance-42.net/gs2c/SingleSessionAPI/ping
18348.269.json	https://www.stoiximan.gr/casino/timelosslimits
5300.602.json	https://www.stoiximan.gr/casino/timelosslimits
25880.109.json	https://cdn.frail-chance-42.net/gs2c/SingleSessionAPI/ping
25880.110.json	https://cdn.frail-chance-42.net/gs2c/SingleSessionAPI/ping
5300.603.json	https://www.stoiximan.gr/casino/timelosslimits
18348.270.json	https://www.stoiximan.gr/casino/timelosslimits
25880.111.json	https://cdn.frail-chance-42.net/gs2c/SingleSessionAPI/ping
25880.112.json	https://cdn.frail-chance-42.net/gs2c/SingleSessionAPI/ping
18348.271.json	https://www.stoiximan.gr/casino/timelosslimits
5300.604.json	https://www.stoiximan.gr/casino/timelosslimits
25972.441.json	https://promo.pragmaticplaylive.net/api/v2/fetchinstantpoints
18348.272.json	https://www.stoiximan.gr/casino/timelosslimits
25880.114.json	https://cdn.frail-chance-42.net/gs2c/SingleSessionAPI/ping
25880.115.json	https://cdn.frail-chance-42.net/gs2c/SingleSessionAPI/ping
5300.605.json	https://www.stoiximan.gr/casino/timelosslimits
25880.117.json	https://cdn.frail-chance-42.net/gs2c/SingleSessionAPI/ping
25880.118.json	https://cdn.frail-chance-42.net/gs2c/SingleSessionAPI/ping
18348.273.json	https://www.stoiximan.gr/casino/timelosslimits
5300.606.json	https://www.stoiximan.gr/casino/timelosslimits
25972.452.json	https://promo.pragmaticplaylive.net/api/v2/fetchinstantpoints
25972.453.json	https://games.pragmaticplaylive.net/api/wallet/balance?JSESSIONID=9CYYgVSDgnlksdm08NYCJciWoSEhV1uwuMp1E2KvyRi_kgEz6Iub%21021770770-7940d160
18348.274.json	https://www.stoiximan.gr/casino/timelosslimits
25880.120.json	https://cdn.frail-chance-42.net/gs2c/SingleSessionAPI/ping
25880.121.json	https://cdn.frail-chance-42.net/gs2c/SingleSessionAPI/ping
5300.607.json	https://www.stoiximan.gr/casino/timelosslimits
25880.123.json	https://cdn.frail-chance-42.net/gs2c/SingleSessionAPI/ping
25880.124.json	https://cdn.frail-chance-42.net/gs2c/SingleSessionAPI/ping
18348.275.json	https://www.stoiximan.gr/casino/timelosslimits
5300.608.json	https://www.stoiximan.gr/casino/timelosslimits
7996.2.json	https://translations.gmlinteractive.com/api/v1/translations/kcv/casinowebsitefrontend/el/24
7996.3.js	https://cdn.cookielaw.org/scripttemplates/otSDKStub.js
7996.13.json	https://cdn.cookielaw.org/consent/799045cc-2657-469e-9b2c-24cc08e431ae/799045cc-2657-469e-9b2c-24cc08e431ae.json
7996.8.js	https://copilot.gmlinteractive.com/copilot/0.9.6-5e18e9f2/main.js
7996.10.js	https://static.cloudflareinsights.com/beacon.min.js/v31edd6df95cf4e85bb4c19e7a9bdbcba1788362987495
7996.24.js	https://copilot.gmlinteractive.com/copilot/0.9.6-5e18e9f2/vue.C1Ckkl3F.js
7996.25.js	https://copilot.gmlinteractive.com/copilot/0.9.6-5e18e9f2/vue3-lottie.BRAhPEvB.js
7996.26.js	https://copilot.gmlinteractive.com/copilot/0.9.6-5e18e9f2/vue-i18n.CKK-OYXf.js
7996.27.js	https://copilot.gmlinteractive.com/copilot/0.9.6-5e18e9f2/swiper.CqlqoF6A.js
7996.28.js	https://copilot.gmlinteractive.com/copilot/0.9.6-5e18e9f2/markdown.BMSQkwth.js
7996.6.js	https://static.gmlinteractive.com/casinov3/a73ac460/js/app.DCm7PxGX.js
7996.20.json	https://geolocation.onetrust.com/cookieconsentpub/v1/geo/location
7996.15.js	https://edge.fullstory.com/s/fs.js
7996.49.js	https://cdn.cookielaw.org/scripttemplates/202501.2.0/otBannerSdk.js
7996.52.json	https://cdn.cookielaw.org/consent/799045cc-2657-469e-9b2c-24cc08e431ae/019e4aa1-1c2d-78b9-8210-0ac0f140aa51/el.json
7996.50.js	https://static.gmlinteractive.com/casinov3/a73ac460/js/chunk.BwlIe5fW.js
7996.56.js	https://static.gmlinteractive.com/casinov3/a73ac460/js/chunk.hcHMx4TS.js
7996.53.json	https://cdn.cookielaw.org/scripttemplates/202501.2.0/assets/otFloatingRounded.json
7996.54.json	https://cdn.cookielaw.org/scripttemplates/202501.2.0/assets/v2/otPcCenter.json
7996.58.js	https://static.gmlinteractive.com/casinov3/a73ac460/js/chunk.xVfC0zpC.js
7996.9.js	https://sdk.optimove.net/websdk/?tenant_id=542&tenant_token=72b4145aad1747ae9c09acd2bc24a50d
7996.14.js	https://www.googletagmanager.com/gtm.js?id=GTM-M3QHWW9
7996.67.js	https://www.stoiximan.gr/cdn-cgi/challenge-platform/h/g/scripts/jsd/330e41bb475c/main.js?
7996.59.js	https://static.gmlinteractive.com/casinov3/a73ac460/js/chunk.B1WMR3hZ.js
7996.51.json	https://edge.fullstory.com/s/settings/o-1FC4W0-na1/v1/web
7996.65.js	https://static.app.delivery/sdks/web/optimove-web-bundle.js
7996.70.js	https://static.gmlinteractive.com/casinov3/a73ac460/js/chunk.CoGGifHz.js
7996.71.js	https://static.gmlinteractive.com/casinov3/a73ac460/js/chunk.Dl1LrD15.js
7996.69.js	https://www.stoiximan.gr/cdn-cgi/challenge-platform/h/g/scripts/jsd/330e41bb475c/main.js?
7996.66.json	https://stream-542.optimove.net/
7996.72.js	https://static.gmlinteractive.com/casinov3/a73ac460/js/chunk.NALbZN9r.js
7996.73.js	https://static.gmlinteractive.com/casinov3/a73ac460/js/chunk.DKP9srV0.js
7996.74.js	https://static.gmlinteractive.com/casinov3/a73ac460/js/chunk.lQqb9Nqs.js
7996.75.js	https://static.gmlinteractive.com/casinov3/a73ac460/js/chunk.DDRWTr_U.js
7996.76.js	https://static.gmlinteractive.com/casinov3/a73ac460/js/chunk.U3e_6Mm5.js
7996.77.js	https://static.gmlinteractive.com/casinov3/a73ac460/js/chunk.DNmEh1iY.js
7996.78.js	https://static.gmlinteractive.com/casinov3/a73ac460/js/chunk._7e4AhZk.js
7996.79.js	https://static.gmlinteractive.com/casinov3/a73ac460/js/chunk.Dh29p7QL.js
7996.80.js	https://static.gmlinteractive.com/casinov3/a73ac460/js/chunk.7GxsokpS.js
7996.81.js	https://static.gmlinteractive.com/casinov3/a73ac460/js/chunk.Dcj6YKnB.js
7996.82.js	https://static.gmlinteractive.com/casinov3/a73ac460/js/chunk.VQ0IxCQh.js
7996.83.js	https://static.gmlinteractive.com/casinov3/a73ac460/js/chunk.Dav2gfjE.js
7996.84.js	https://static.gmlinteractive.com/casinov3/a73ac460/js/chunk.CJSez0Ep.js
7996.85.js	https://static.gmlinteractive.com/casinov3/a73ac460/js/chunk.HiYhu1fj.js
7996.86.js	https://static.gmlinteractive.com/casinov3/a73ac460/js/chunk.DDSXmQpR.js
7996.87.js	https://static.gmlinteractive.com/casinov3/a73ac460/js/chunk.Be16HiJF.js
7996.88.js	https://static.gmlinteractive.com/casinov3/a73ac460/js/chunk.D-STApjy.js
7996.89.js	https://static.gmlinteractive.com/casinov3/a73ac460/js/chunk.zhp0ze8A.js
7996.90.js	https://static.gmlinteractive.com/casinov3/a73ac460/js/chunk.C0_ibctr.js
7996.91.js	https://static.gmlinteractive.com/casinov3/a73ac460/js/chunk.537i1yL4.js
7996.92.js	https://static.gmlinteractive.com/casinov3/a73ac460/js/chunk.xCpDP68M.js
7996.93.js	https://static.gmlinteractive.com/casinov3/a73ac460/js/chunk.BmuxE7rM.js
7996.94.js	https://static.gmlinteractive.com/casinov3/a73ac460/js/chunk.lcGDLDNw.js
7996.95.js	https://static.gmlinteractive.com/casinov3/a73ac460/js/chunk.D3DWUQqi.js
7996.96.js	https://static.gmlinteractive.com/casinov3/a73ac460/js/chunk.D5I8SGhl.js
7996.97.js	https://static.gmlinteractive.com/casinov3/a73ac460/js/chunk.1fjffNKj.js
7996.98.js	https://static.gmlinteractive.com/casinov3/a73ac460/js/chunk.D-t3VI6w.js
7996.99.js	https://static.gmlinteractive.com/casinov3/a73ac460/js/chunk.D3MfnKqO.js
7996.101.js	https://static.gmlinteractive.com/casinov3/a73ac460/js/chunk.Bf2NK1cE.js
7996.102.js	https://static.gmlinteractive.com/casinov3/a73ac460/js/chunk.C5a6dmbK.js
7996.104.js	https://static.gmlinteractive.com/casinov3/a73ac460/js/chunk.Ci892fHU.js
7996.105.js	https://static.gmlinteractive.com/casinov3/a73ac460/js/chunk.C7BfBz-_.js
7996.107.js	https://static.gmlinteractive.com/casinov3/a73ac460/js/chunk.CA0f47T3.js
7996.108.js	https://static.gmlinteractive.com/casinov3/a73ac460/js/chunk.CDQMZ_J2.js
7996.106.js	https://static.gmlinteractive.com/casinov3/a73ac460/js/chunk.IuL5-plG.js
7996.109.js	https://static.gmlinteractive.com/casinov3/a73ac460/js/chunk.BbBlzd_Q.js
7996.110.js	https://static.gmlinteractive.com/casinov3/a73ac460/js/chunk.DZ3Tix3B.js
7996.111.js	https://static.gmlinteractive.com/casinov3/a73ac460/js/chunk.BJUEsJRV.js
7996.113.js	https://static.gmlinteractive.com/casinov3/a73ac460/js/chunk.wL1VQXOh.js
7996.112.js	https://static.gmlinteractive.com/casinov3/a73ac460/js/chunk.u4vPABi4.js
7996.114.js	https://static.gmlinteractive.com/casinov3/a73ac460/js/chunk.0A77WSuG.js
7996.117.js	https://static.gmlinteractive.com/casinov3/a73ac460/js/chunk.aziTJOCh.js
7996.115.js	https://static.gmlinteractive.com/casinov3/a73ac460/js/chunk.cIibpqXx.js
7996.116.js	https://static.gmlinteractive.com/casinov3/a73ac460/js/chunk.fOh4MTka.js
7996.118.js	https://static.gmlinteractive.com/casinov3/a73ac460/js/chunk.C44m_qhJ.js
7996.119.js	https://static.gmlinteractive.com/casinov3/a73ac460/js/chunk.D0ho7GVx.js
7996.122.json	https://www.stoiximan.gr/casino/live/topNotifications/topNotification?v=true
7996.136.js	https://static.gmlinteractive.com/casinov3/a73ac460/js/chunk.vd-K1VZz.js
7996.127.json	https://www.stoiximan.gr/casino/realitycheck/customersettings
7996.137.js	https://static.gmlinteractive.com/casinov3/a73ac460/js/chunk.DtHtQSE_.js
7996.134.json	https://www.stoiximan.gr/casino/customerSession/sessioninactivityconfig
7996.126.json	https://www.stoiximan.gr/casino/customerSession/lastLogin
7996.135.js	https://static.gmlinteractive.com/casinov3/a73ac460/js/chunk.i4BdLF3w.js
7996.133.json	https://www.stoiximan.gr/casino/depositlimits
7996.129.json	https://www.stoiximan.gr/casino/games/recentlysearched
7996.132.json	https://www.stoiximan.gr/casino/timelosslimits
7996.138.js	https://static.gmlinteractive.com/casinov3/a73ac460/js/chunk.DMHur1nR.js
7996.139.js	https://static.gmlinteractive.com/casinov3/a73ac460/js/chunk.nFlqTtvz.js
7996.123.json	https://www.stoiximan.gr/casino/balance/userBalance
7996.140.js	https://static.gmlinteractive.com/casinov3/a73ac460/js/chunk.CcDKCaiu.js
7996.131.json	https://www.stoiximan.gr/casino/api/livefeed
7996.141.js	https://static.gmlinteractive.com/casinov3/a73ac460/js/chunk.BpJOkY5U.js
7996.142.js	https://static.gmlinteractive.com/casinov3/a73ac460/js/chunk.Do7CNB0a.js
7996.125.json	https://www.stoiximan.gr/casino/popup
7996.143.js	https://static.gmlinteractive.com/casinov3/a73ac460/js/chunk.BC2jRhmr.js
7996.144.js	https://static.gmlinteractive.com/casinov3/a73ac460/js/chunk.BA1BNOoA.js
7996.152.js	https://static.gmlinteractive.com/casinov3/a73ac460/js/chunk.pQb1mU1s.js
7996.145.js	https://static.gmlinteractive.com/casinov3/a73ac460/js/chunk.BTFM0nDG.js
7996.153.js	https://static.gmlinteractive.com/casinov3/a73ac460/js/chunk.CS5IHAwZ.js
7996.154.js	https://static.gmlinteractive.com/casinov3/a73ac460/js/chunk.CJpIeO3G.js
7996.155.js	https://static.gmlinteractive.com/casinov3/a73ac460/js/chunk.CS4hRJ20.js
7996.156.js	https://static.gmlinteractive.com/casinov3/a73ac460/js/chunk.DompZaJe.js
7996.124.json	https://www.stoiximan.gr/casino/freespins/userFreespins
7996.150.js	https://euob.greencolumnart.com/sxp/i/04e7029789c8d022812f712860f76e7a.js
7996.146.js	https://static.gmlinteractive.com/casinov3/a73ac460/js/chunk.DYdl3_fj.js
7996.151.json	https://www.stoiximan.gr/casino/api/stake-offers/pending
7996.128.json	https://www.stoiximan.gr/casino/games/favorites
7996.159.js	https://static.gmlinteractive.com/casinov3/a73ac460/js/chunk.RIERv44I.js
7996.158.js	https://static.gmlinteractive.com/casinov3/a73ac460/js/chunk.0ikMNeoQ.js
7996.166.json	https://www.stoiximan.gr/casino/api/bonus/stories/translations
7996.220.json	https://www.stoiximan.gr/casino/games/hotcold
7996.183.json	https://www.stoiximan.gr/casino/live/api/games/filters
7996.219.json	https://www.stoiximan.gr/casino/api/games/recommendations/operator
7996.149.json	https://realtime-542.optimove.net/reportEvent
7996.180.json	https://static.gmlinteractive.com/casinov3/a73ac460/customer-top-wins-coin-icon.DF3q-Gkf.json
7996.165.json	https://www.stoiximan.gr/casino/api/bonus/stories?section=4
7996.223.json	https://www.stoiximan.gr/casino/customerpush/configuration
7996.181.json	https://static.gmlinteractive.com/casinov3/a73ac460/customer-top-wins-coin-icon.DF3q-Gkf.json
7996.218.json	https://www.stoiximan.gr/casino/api/games/recommendations/customer
7996.222.json	https://www.stoiximan.gr/casino/live/api/minilobbies?type=forYou
7996.221.json	https://www.stoiximan.gr/casino/games/recentlyplayed
7996.182.json	https://www.stoiximan.gr/casino/live/api/games
7996.248.json	https://www.stoiximan.gr/customerhub_0/negotiate?negotiateVersion=1
7996.161.js	https://static.gmlinteractive.com/casinov3/a73ac460/js/chunk.CVp7dYsV.js
7996.163.js	https://static.gmlinteractive.com/casinov3/a73ac460/js/chunk.CJkwPm_8.js
7996.249.js	https://static.gmlinteractive.com/casinov3/a73ac460/js/chunk.1KCX7SsQ.js
7996.250.js	https://static.gmlinteractive.com/casinov3/a73ac460/js/chunk.BAlDg4cu.js
7996.252.js	https://static.gmlinteractive.com/casinov3/a73ac460/js/chunk.BAN_lYwN.js
7996.251.js	https://static.gmlinteractive.com/casinov3/a73ac460/js/chunk.Ds3e56Zd.js
7996.255.js	https://static.gmlinteractive.com/casinov3/a73ac460/js/chunk.hUHlawNE.js
7996.256.js	https://static.gmlinteractive.com/casinov3/a73ac460/js/chunk.D0ttAJ5A.js
7996.257.js	https://static.gmlinteractive.com/casinov3/a73ac460/js/chunk.CdYBcpF9.js
7996.226.json	https://obseu.greencolumnart.com/ct
7996.258.js	https://static.gmlinteractive.com/casinov3/a73ac460/js/chunk._NysdQQ4.js
7996.259.js	https://static.gmlinteractive.com/casinov3/a73ac460/js/chunk.CMqzxGB3.js
7996.263.js	https://static.gmlinteractive.com/casinov3/a73ac460/js/chunk.aeSiSbh7.js
7996.264.js	https://static.gmlinteractive.com/casinov3/a73ac460/js/chunk.9CPfRbtP.js
7996.266.js	https://static.gmlinteractive.com/casinov3/a73ac460/js/chunk.CPO9fdVm.js
7996.267.js	https://static.gmlinteractive.com/casinov3/a73ac460/js/chunk.e55Onyzz.js
7996.265.js	https://static.gmlinteractive.com/casinov3/a73ac460/js/chunk.DUbwancu.js
7996.270.js	https://static.gmlinteractive.com/casinov3/a73ac460/js/chunk.B3HZH2uO.js
7996.269.js	https://static.gmlinteractive.com/casinov3/a73ac460/js/chunk.ChP-xL8V.js
7996.282.js	https://static.gmlinteractive.com/casinov3/a73ac460/js/chunk.B_JPMhhL.js
7996.273.js	https://static.gmlinteractive.com/casinov3/a73ac460/js/chunk.Cbbpjap1.js
7996.298.js	https://static.gmlinteractive.com/casinov3/a73ac460/js/chunk.BlbDh5_v.js
7996.330.js	https://static.gmlinteractive.com/casinov3/a73ac460/js/chunk.BzglmUdk.js
7996.300.json	https://www.stoiximan.gr/casino/api/topwins/operator
7996.225.js	https://www.googletagmanager.com/gtag/js?id=G-NL3TXCS6S3&cx=c&gtm=4e6921
25224.3.js	https://cdn.cookielaw.org/scripttemplates/otSDKStub.js
25224.10.js	https://static.cloudflareinsights.com/beacon.min.js/v31edd6df95cf4e85bb4c19e7a9bdbcba1788362987495
25224.2.json	https://translations.gmlinteractive.com/api/v1/translations/kcv/casinowebsitefrontend/el/24
25224.8.js	https://copilot.gmlinteractive.com/copilot/0.9.6-5e18e9f2/main.js
25224.13.json	https://cdn.cookielaw.org/consent/799045cc-2657-469e-9b2c-24cc08e431ae/799045cc-2657-469e-9b2c-24cc08e431ae.json
25224.15.js	https://edge.fullstory.com/s/fs.js
25224.14.js	https://www.googletagmanager.com/gtm.js?id=GTM-M3QHWW9
25224.27.js	https://copilot.gmlinteractive.com/copilot/0.9.6-5e18e9f2/swiper.CqlqoF6A.js
25224.26.js	https://copilot.gmlinteractive.com/copilot/0.9.6-5e18e9f2/vue-i18n.CKK-OYXf.js
25224.28.js	https://copilot.gmlinteractive.com/copilot/0.9.6-5e18e9f2/markdown.BMSQkwth.js
25224.24.js	https://copilot.gmlinteractive.com/copilot/0.9.6-5e18e9f2/vue.C1Ckkl3F.js
25224.25.js	https://copilot.gmlinteractive.com/copilot/0.9.6-5e18e9f2/vue3-lottie.BRAhPEvB.js
25224.23.json	https://geolocation.onetrust.com/cookieconsentpub/v1/geo/location
25224.6.js	https://static.gmlinteractive.com/casinov3/a73ac460/js/app.DCm7PxGX.js
25224.49.js	https://cdn.cookielaw.org/scripttemplates/202501.2.0/otBannerSdk.js
25224.9.js	https://sdk.optimove.net/websdk/?tenant_id=542&tenant_token=72b4145aad1747ae9c09acd2bc24a50d
25224.51.json	https://edge.fullstory.com/s/settings/o-1FC4W0-na1/v1/web
25224.50.js	https://static.gmlinteractive.com/casinov3/a73ac460/js/chunk.BwlIe5fW.js
25224.52.js	https://static.gmlinteractive.com/casinov3/a73ac460/js/chunk.hcHMx4TS.js
25224.54.js	https://static.app.delivery/sdks/web/optimove-web-bundle.js
25224.57.js	https://static.gmlinteractive.com/casinov3/a73ac460/js/chunk.xVfC0zpC.js
25224.58.js	https://static.gmlinteractive.com/casinov3/a73ac460/js/chunk.B1WMR3hZ.js
25224.56.js	https://www.stoiximan.gr/cdn-cgi/challenge-platform/h/g/scripts/jsd/330e41bb475c/main.js?
25224.59.js	https://static.gmlinteractive.com/casinov3/a73ac460/js/chunk.CoGGifHz.js
25224.60.js	https://static.gmlinteractive.com/casinov3/a73ac460/js/chunk.Dl1LrD15.js
25224.62.js	https://static.gmlinteractive.com/casinov3/a73ac460/js/chunk.DKP9srV0.js
25224.61.js	https://static.gmlinteractive.com/casinov3/a73ac460/js/chunk.NALbZN9r.js
25224.66.js	https://static.gmlinteractive.com/casinov3/a73ac460/js/chunk.DNmEh1iY.js
25224.65.js	https://static.gmlinteractive.com/casinov3/a73ac460/js/chunk.U3e_6Mm5.js
25224.67.js	https://static.gmlinteractive.com/casinov3/a73ac460/js/chunk._7e4AhZk.js
25224.71.js	https://static.gmlinteractive.com/casinov3/a73ac460/js/chunk.VQ0IxCQh.js
25224.75.js	https://static.gmlinteractive.com/casinov3/a73ac460/js/chunk.DDSXmQpR.js
25224.74.js	https://static.gmlinteractive.com/casinov3/a73ac460/js/chunk.HiYhu1fj.js
25224.73.js	https://static.gmlinteractive.com/casinov3/a73ac460/js/chunk.CJSez0Ep.js
25224.64.js	https://static.gmlinteractive.com/casinov3/a73ac460/js/chunk.DDRWTr_U.js
25224.63.js	https://static.gmlinteractive.com/casinov3/a73ac460/js/chunk.lQqb9Nqs.js
25224.72.js	https://static.gmlinteractive.com/casinov3/a73ac460/js/chunk.Dav2gfjE.js
25224.69.js	https://static.gmlinteractive.com/casinov3/a73ac460/js/chunk.7GxsokpS.js
25224.76.js	https://static.gmlinteractive.com/casinov3/a73ac460/js/chunk.Be16HiJF.js
25224.68.js	https://static.gmlinteractive.com/casinov3/a73ac460/js/chunk.Dh29p7QL.js
25224.70.js	https://static.gmlinteractive.com/casinov3/a73ac460/js/chunk.Dcj6YKnB.js
25224.77.js	https://static.gmlinteractive.com/casinov3/a73ac460/js/chunk.D-STApjy.js
25224.78.js	https://static.gmlinteractive.com/casinov3/a73ac460/js/chunk.zhp0ze8A.js
25224.80.js	https://static.gmlinteractive.com/casinov3/a73ac460/js/chunk.537i1yL4.js
25224.81.js	https://static.gmlinteractive.com/casinov3/a73ac460/js/chunk.xCpDP68M.js
25224.83.js	https://static.gmlinteractive.com/casinov3/a73ac460/js/chunk.lcGDLDNw.js
25224.82.js	https://static.gmlinteractive.com/casinov3/a73ac460/js/chunk.BmuxE7rM.js
25224.84.js	https://static.gmlinteractive.com/casinov3/a73ac460/js/chunk.D3DWUQqi.js
25224.79.js	https://static.gmlinteractive.com/casinov3/a73ac460/js/chunk.C0_ibctr.js
25224.85.js	https://static.gmlinteractive.com/casinov3/a73ac460/js/chunk.D5I8SGhl.js
25224.86.js	https://static.gmlinteractive.com/casinov3/a73ac460/js/chunk.1fjffNKj.js
25224.88.js	https://static.gmlinteractive.com/casinov3/a73ac460/js/chunk.D3MfnKqO.js
25224.87.js	https://static.gmlinteractive.com/casinov3/a73ac460/js/chunk.D-t3VI6w.js
25224.91.js	https://static.gmlinteractive.com/casinov3/a73ac460/js/chunk.C5a6dmbK.js
25224.90.js	https://static.gmlinteractive.com/casinov3/a73ac460/js/chunk.Bf2NK1cE.js
25224.93.js	https://static.gmlinteractive.com/casinov3/a73ac460/js/chunk.Ci892fHU.js
25224.94.js	https://static.gmlinteractive.com/casinov3/a73ac460/js/chunk.C7BfBz-_.js
25224.96.js	https://static.gmlinteractive.com/casinov3/a73ac460/js/chunk.CA0f47T3.js
25224.97.js	https://static.gmlinteractive.com/casinov3/a73ac460/js/chunk.CDQMZ_J2.js
25224.95.js	https://static.gmlinteractive.com/casinov3/a73ac460/js/chunk.IuL5-plG.js
25224.98.js	https://static.gmlinteractive.com/casinov3/a73ac460/js/chunk.BbBlzd_Q.js
25224.99.js	https://static.gmlinteractive.com/casinov3/a73ac460/js/chunk.DZ3Tix3B.js
25224.100.js	https://static.gmlinteractive.com/casinov3/a73ac460/js/chunk.BJUEsJRV.js
25224.101.js	https://static.gmlinteractive.com/casinov3/a73ac460/js/chunk.u4vPABi4.js
25224.102.js	https://static.gmlinteractive.com/casinov3/a73ac460/js/chunk.wL1VQXOh.js
25224.103.js	https://static.gmlinteractive.com/casinov3/a73ac460/js/chunk.0A77WSuG.js
25224.106.js	https://static.gmlinteractive.com/casinov3/a73ac460/js/chunk.aziTJOCh.js
25224.107.js	https://static.gmlinteractive.com/casinov3/a73ac460/js/chunk.C44m_qhJ.js
25224.105.js	https://static.gmlinteractive.com/casinov3/a73ac460/js/chunk.fOh4MTka.js
25224.104.js	https://static.gmlinteractive.com/casinov3/a73ac460/js/chunk.cIibpqXx.js
25224.55.json	https://stream-542.optimove.net/
25224.108.js	https://static.gmlinteractive.com/casinov3/a73ac460/js/chunk.D0ho7GVx.js
25224.125.js	https://static.gmlinteractive.com/casinov3/a73ac460/js/chunk.vd-K1VZz.js
25224.127.js	https://static.gmlinteractive.com/casinov3/a73ac460/js/chunk.DMHur1nR.js
25224.131.js	https://static.gmlinteractive.com/casinov3/a73ac460/js/chunk.Do7CNB0a.js
25224.130.js	https://static.gmlinteractive.com/casinov3/a73ac460/js/chunk.BpJOkY5U.js
25224.126.js	https://static.gmlinteractive.com/casinov3/a73ac460/js/chunk.DtHtQSE_.js
25224.129.js	https://static.gmlinteractive.com/casinov3/a73ac460/js/chunk.CcDKCaiu.js
25224.132.js	https://static.gmlinteractive.com/casinov3/a73ac460/js/chunk.BC2jRhmr.js
25224.133.js	https://static.gmlinteractive.com/casinov3/a73ac460/js/chunk.BA1BNOoA.js
25224.128.js	https://static.gmlinteractive.com/casinov3/a73ac460/js/chunk.nFlqTtvz.js
25224.134.js	https://static.gmlinteractive.com/casinov3/a73ac460/js/chunk.BTFM0nDG.js
25224.135.js	https://static.gmlinteractive.com/casinov3/a73ac460/js/chunk.DYdl3_fj.js
25224.124.js	https://static.gmlinteractive.com/casinov3/a73ac460/js/chunk.i4BdLF3w.js
25224.144.js	https://static.gmlinteractive.com/casinov3/a73ac460/js/chunk.CS4hRJ20.js
25224.143.js	https://static.gmlinteractive.com/casinov3/a73ac460/js/chunk.CJpIeO3G.js
25224.141.js	https://static.gmlinteractive.com/casinov3/a73ac460/js/chunk.pQb1mU1s.js
25224.142.js	https://static.gmlinteractive.com/casinov3/a73ac460/js/chunk.CS5IHAwZ.js
25224.145.js	https://static.gmlinteractive.com/casinov3/a73ac460/js/chunk.DompZaJe.js
25224.147.js	https://static.gmlinteractive.com/casinov3/a73ac460/js/chunk.RIERv44I.js
25224.146.js	https://static.gmlinteractive.com/casinov3/a73ac460/js/chunk.0ikMNeoQ.js
25224.111.json	https://www.stoiximan.gr/casino/live/topNotifications/topNotification?v=true
25224.149.js	https://static.gmlinteractive.com/casinov3/a73ac460/js/chunk.CVp7dYsV.js
25224.116.json	https://www.stoiximan.gr/casino/realitycheck/customersettings
25224.151.js	https://static.gmlinteractive.com/casinov3/a73ac460/js/chunk.CJkwPm_8.js
25224.121.json	https://www.stoiximan.gr/casino/timelosslimits
25224.115.json	https://www.stoiximan.gr/casino/customerSession/lastLogin
25224.113.json	https://www.stoiximan.gr/casino/freespins/userFreespins
25224.118.json	https://www.stoiximan.gr/casino/games/recentlysearched
25224.123.json	https://www.stoiximan.gr/casino/customerSession/sessioninactivityconfig
25224.120.json	https://www.stoiximan.gr/casino/api/livefeed
25224.122.json	https://www.stoiximan.gr/casino/depositlimits
25224.112.json	https://www.stoiximan.gr/casino/balance/userBalance
25224.154.json	https://www.stoiximan.gr/casino/api/bonus/stories/translations
25224.153.json	https://www.stoiximan.gr/casino/api/bonus/stories?section=4
25224.114.json	https://www.stoiximan.gr/casino/popup
25224.168.json	https://static.gmlinteractive.com/casinov3/a73ac460/customer-top-wins-coin-icon.DF3q-Gkf.json
25224.140.json	https://www.stoiximan.gr/casino/api/stake-offers/pending
25224.117.json	https://www.stoiximan.gr/casino/games/favorites
25224.170.json	https://www.stoiximan.gr/casino/live/api/games
25224.171.json	https://www.stoiximan.gr/casino/live/api/games/filters
25224.207.json	https://www.stoiximan.gr/casino/api/games/recommendations/operator
25224.208.json	https://www.stoiximan.gr/casino/games/hotcold
25224.139.json	https://realtime-542.optimove.net/reportEvent
25224.169.json	https://static.gmlinteractive.com/casinov3/a73ac460/customer-top-wins-coin-icon.DF3q-Gkf.json
25224.233.js	https://static.gmlinteractive.com/casinov3/a73ac460/js/chunk.1KCX7SsQ.js
25224.234.js	https://static.gmlinteractive.com/casinov3/a73ac460/js/chunk.BAlDg4cu.js
25224.235.js	https://static.gmlinteractive.com/casinov3/a73ac460/js/chunk.Ds3e56Zd.js
25224.236.js	https://static.gmlinteractive.com/casinov3/a73ac460/js/chunk.BAN_lYwN.js
25224.239.js	https://static.gmlinteractive.com/casinov3/a73ac460/js/chunk.hUHlawNE.js
25224.240.js	https://static.gmlinteractive.com/casinov3/a73ac460/js/chunk.D0ttAJ5A.js
25224.241.js	https://static.gmlinteractive.com/casinov3/a73ac460/js/chunk.CdYBcpF9.js
25224.243.js	https://static.gmlinteractive.com/casinov3/a73ac460/js/chunk.CMqzxGB3.js
25224.242.js	https://static.gmlinteractive.com/casinov3/a73ac460/js/chunk._NysdQQ4.js
25224.247.js	https://static.gmlinteractive.com/casinov3/a73ac460/js/chunk.aeSiSbh7.js
25224.248.js	https://static.gmlinteractive.com/casinov3/a73ac460/js/chunk.9CPfRbtP.js
25224.250.js	https://static.gmlinteractive.com/casinov3/a73ac460/js/chunk.CPO9fdVm.js
25224.249.js	https://static.gmlinteractive.com/casinov3/a73ac460/js/chunk.DUbwancu.js
25224.251.js	https://static.gmlinteractive.com/casinov3/a73ac460/js/chunk.e55Onyzz.js
25224.253.js	https://static.gmlinteractive.com/casinov3/a73ac460/js/chunk.ChP-xL8V.js
25224.254.js	https://static.gmlinteractive.com/casinov3/a73ac460/js/chunk.B3HZH2uO.js
25224.257.js	https://static.gmlinteractive.com/casinov3/a73ac460/js/chunk.Cbbpjap1.js
25224.211.json	https://www.stoiximan.gr/casino/customerpush/configuration
25224.210.json	https://www.stoiximan.gr/casino/live/api/minilobbies?type=forYou
25224.281.js	https://static.gmlinteractive.com/casinov3/a73ac460/js/chunk.BzglmUdk.js
25224.282.js	https://static.gmlinteractive.com/casinov3/a73ac460/js/chunk.DccLapCR.js
25224.209.json	https://www.stoiximan.gr/casino/games/recentlyplayed
25224.206.json	https://www.stoiximan.gr/casino/api/games/recommendations/customer
25224.364.js	https://static.gmlinteractive.com/casinov3/a73ac460/js/chunk.B_JPMhhL.js
25224.365.js	https://static.gmlinteractive.com/casinov3/a73ac460/js/chunk.BlbDh5_v.js
25224.280.json	https://www.stoiximan.gr/customerhub_0/negotiate?negotiateVersion=1
25224.434.json	https://cdn.cookielaw.org/consent/799045cc-2657-469e-9b2c-24cc08e431ae/019e4aa1-1c2d-78b9-8210-0ac0f140aa51/el.json
25224.435.json	https://cdn.cookielaw.org/scripttemplates/202501.2.0/assets/otFloatingRounded.json
25224.436.json	https://cdn.cookielaw.org/scripttemplates/202501.2.0/assets/v2/otPcCenter.json
25224.379.json	https://www.stoiximan.gr/casino/api/topwins/operator
25224.441.js	https://euob.greencolumnart.com/sxp/i/04e7029789c8d022812f712860f76e7a.js
25224.464.js	https://www.googletagmanager.com/gtag/js?id=G-NL3TXCS6S3&cx=c&gtm=4e6921
25224.466.json	https://obseu.greencolumnart.com/ct
25880.125.json	https://cdn.frail-chance-42.net/gs2c/SingleSessionAPI/ping
28060.2.json	https://translations.gmlinteractive.com/api/v1/translations/kcv/casinowebsitefrontend/el/24
28060.3.js	https://cdn.cookielaw.org/scripttemplates/otSDKStub.js
28060.10.js	https://static.cloudflareinsights.com/beacon.min.js/v31edd6df95cf4e85bb4c19e7a9bdbcba1788362987495
28060.8.js	https://copilot.gmlinteractive.com/copilot/0.9.6-5e18e9f2/main.js
28060.13.json	https://cdn.cookielaw.org/consent/799045cc-2657-469e-9b2c-24cc08e431ae/799045cc-2657-469e-9b2c-24cc08e431ae.json
28060.15.js	https://edge.fullstory.com/s/fs.js
28060.14.js	https://www.googletagmanager.com/gtm.js?id=GTM-M3QHWW9
28060.44.js	https://copilot.gmlinteractive.com/copilot/0.9.6-5e18e9f2/vue.C1Ckkl3F.js
28060.47.js	https://copilot.gmlinteractive.com/copilot/0.9.6-5e18e9f2/swiper.CqlqoF6A.js
28060.46.js	https://copilot.gmlinteractive.com/copilot/0.9.6-5e18e9f2/vue-i18n.CKK-OYXf.js
28060.23.json	https://geolocation.onetrust.com/cookieconsentpub/v1/geo/location
28060.48.js	https://copilot.gmlinteractive.com/copilot/0.9.6-5e18e9f2/markdown.BMSQkwth.js
28060.45.js	https://copilot.gmlinteractive.com/copilot/0.9.6-5e18e9f2/vue3-lottie.BRAhPEvB.js
28060.6.js	https://static.gmlinteractive.com/casinov3/a73ac460/js/app.DCm7PxGX.js
28060.49.js	https://cdn.cookielaw.org/scripttemplates/202501.2.0/otBannerSdk.js
28060.50.js	https://static.gmlinteractive.com/casinov3/a73ac460/js/chunk.BwlIe5fW.js
28060.9.js	https://sdk.optimove.net/websdk/?tenant_id=542&tenant_token=72b4145aad1747ae9c09acd2bc24a50d
28060.51.js	https://static.gmlinteractive.com/casinov3/a73ac460/js/chunk.hcHMx4TS.js
28060.53.js	https://static.app.delivery/sdks/web/optimove-web-bundle.js
28060.56.js	https://static.gmlinteractive.com/casinov3/a73ac460/js/chunk.xVfC0zpC.js
28060.57.js	https://static.gmlinteractive.com/casinov3/a73ac460/js/chunk.B1WMR3hZ.js
28060.55.js	https://www.stoiximan.gr/cdn-cgi/challenge-platform/h/g/scripts/jsd/330e41bb475c/main.js?
28060.58.js	https://static.gmlinteractive.com/casinov3/a73ac460/js/chunk.CoGGifHz.js
28060.59.js	https://static.gmlinteractive.com/casinov3/a73ac460/js/chunk.Dl1LrD15.js
28060.60.js	https://static.gmlinteractive.com/casinov3/a73ac460/js/chunk.NALbZN9r.js
28060.62.js	https://static.gmlinteractive.com/casinov3/a73ac460/js/chunk.lQqb9Nqs.js
28060.63.js	https://static.gmlinteractive.com/casinov3/a73ac460/js/chunk.DDRWTr_U.js
28060.61.js	https://static.gmlinteractive.com/casinov3/a73ac460/js/chunk.DKP9srV0.js
28060.64.js	https://static.gmlinteractive.com/casinov3/a73ac460/js/chunk.U3e_6Mm5.js
28060.65.js	https://static.gmlinteractive.com/casinov3/a73ac460/js/chunk.DNmEh1iY.js
28060.70.js	https://static.gmlinteractive.com/casinov3/a73ac460/js/chunk.VQ0IxCQh.js
28060.66.js	https://static.gmlinteractive.com/casinov3/a73ac460/js/chunk._7e4AhZk.js
28060.71.js	https://static.gmlinteractive.com/casinov3/a73ac460/js/chunk.Dav2gfjE.js
28060.74.js	https://static.gmlinteractive.com/casinov3/a73ac460/js/chunk.DDSXmQpR.js
28060.68.js	https://static.gmlinteractive.com/casinov3/a73ac460/js/chunk.7GxsokpS.js
28060.67.js	https://static.gmlinteractive.com/casinov3/a73ac460/js/chunk.Dh29p7QL.js
28060.72.js	https://static.gmlinteractive.com/casinov3/a73ac460/js/chunk.CJSez0Ep.js
28060.73.js	https://static.gmlinteractive.com/casinov3/a73ac460/js/chunk.HiYhu1fj.js
28060.75.js	https://static.gmlinteractive.com/casinov3/a73ac460/js/chunk.Be16HiJF.js
28060.76.js	https://static.gmlinteractive.com/casinov3/a73ac460/js/chunk.D-STApjy.js
28060.77.js	https://static.gmlinteractive.com/casinov3/a73ac460/js/chunk.zhp0ze8A.js
28060.69.js	https://static.gmlinteractive.com/casinov3/a73ac460/js/chunk.Dcj6YKnB.js
28060.79.js	https://static.gmlinteractive.com/casinov3/a73ac460/js/chunk.537i1yL4.js
28060.80.js	https://static.gmlinteractive.com/casinov3/a73ac460/js/chunk.xCpDP68M.js
28060.78.js	https://static.gmlinteractive.com/casinov3/a73ac460/js/chunk.C0_ibctr.js
28060.82.js	https://static.gmlinteractive.com/casinov3/a73ac460/js/chunk.lcGDLDNw.js
28060.81.js	https://static.gmlinteractive.com/casinov3/a73ac460/js/chunk.BmuxE7rM.js
28060.83.js	https://static.gmlinteractive.com/casinov3/a73ac460/js/chunk.D3DWUQqi.js
28060.84.js	https://static.gmlinteractive.com/casinov3/a73ac460/js/chunk.D5I8SGhl.js
28060.85.js	https://static.gmlinteractive.com/casinov3/a73ac460/js/chunk.1fjffNKj.js
28060.87.js	https://static.gmlinteractive.com/casinov3/a73ac460/js/chunk.D3MfnKqO.js
28060.86.js	https://static.gmlinteractive.com/casinov3/a73ac460/js/chunk.D-t3VI6w.js
28060.90.js	https://static.gmlinteractive.com/casinov3/a73ac460/js/chunk.C5a6dmbK.js
28060.92.js	https://static.gmlinteractive.com/casinov3/a73ac460/js/chunk.Ci892fHU.js
28060.89.js	https://static.gmlinteractive.com/casinov3/a73ac460/js/chunk.Bf2NK1cE.js
28060.93.js	https://static.gmlinteractive.com/casinov3/a73ac460/js/chunk.C7BfBz-_.js
28060.94.js	https://static.gmlinteractive.com/casinov3/a73ac460/js/chunk.IuL5-plG.js
28060.95.js	https://static.gmlinteractive.com/casinov3/a73ac460/js/chunk.CA0f47T3.js
28060.96.js	https://static.gmlinteractive.com/casinov3/a73ac460/js/chunk.CDQMZ_J2.js
28060.98.js	https://static.gmlinteractive.com/casinov3/a73ac460/js/chunk.DZ3Tix3B.js
28060.97.js	https://static.gmlinteractive.com/casinov3/a73ac460/js/chunk.BbBlzd_Q.js
28060.99.js	https://static.gmlinteractive.com/casinov3/a73ac460/js/chunk.BJUEsJRV.js
28060.100.js	https://static.gmlinteractive.com/casinov3/a73ac460/js/chunk.u4vPABi4.js
28060.101.js	https://static.gmlinteractive.com/casinov3/a73ac460/js/chunk.wL1VQXOh.js
28060.102.js	https://static.gmlinteractive.com/casinov3/a73ac460/js/chunk.0A77WSuG.js
28060.105.js	https://static.gmlinteractive.com/casinov3/a73ac460/js/chunk.aziTJOCh.js
28060.106.js	https://static.gmlinteractive.com/casinov3/a73ac460/js/chunk.C44m_qhJ.js
28060.104.js	https://static.gmlinteractive.com/casinov3/a73ac460/js/chunk.fOh4MTka.js
28060.103.js	https://static.gmlinteractive.com/casinov3/a73ac460/js/chunk.cIibpqXx.js
28060.54.json	https://stream-542.optimove.net/
28060.107.js	https://static.gmlinteractive.com/casinov3/a73ac460/js/chunk.D0ho7GVx.js
28060.125.js	https://static.gmlinteractive.com/casinov3/a73ac460/js/chunk.DtHtQSE_.js
28060.126.js	https://static.gmlinteractive.com/casinov3/a73ac460/js/chunk.DMHur1nR.js
28060.124.js	https://static.gmlinteractive.com/casinov3/a73ac460/js/chunk.vd-K1VZz.js
28060.127.js	https://static.gmlinteractive.com/casinov3/a73ac460/js/chunk.nFlqTtvz.js
28060.128.js	https://static.gmlinteractive.com/casinov3/a73ac460/js/chunk.CcDKCaiu.js
28060.129.js	https://static.gmlinteractive.com/casinov3/a73ac460/js/chunk.BpJOkY5U.js
28060.130.js	https://static.gmlinteractive.com/casinov3/a73ac460/js/chunk.Do7CNB0a.js
28060.131.js	https://static.gmlinteractive.com/casinov3/a73ac460/js/chunk.BC2jRhmr.js
28060.132.js	https://static.gmlinteractive.com/casinov3/a73ac460/js/chunk.BA1BNOoA.js
28060.133.js	https://static.gmlinteractive.com/casinov3/a73ac460/js/chunk.BTFM0nDG.js
28060.134.js	https://static.gmlinteractive.com/casinov3/a73ac460/js/chunk.DYdl3_fj.js
28060.123.js	https://static.gmlinteractive.com/casinov3/a73ac460/js/chunk.i4BdLF3w.js
28060.141.js	https://static.gmlinteractive.com/casinov3/a73ac460/js/chunk.CS5IHAwZ.js
28060.143.js	https://static.gmlinteractive.com/casinov3/a73ac460/js/chunk.CS4hRJ20.js
28060.140.js	https://static.gmlinteractive.com/casinov3/a73ac460/js/chunk.pQb1mU1s.js
28060.142.js	https://static.gmlinteractive.com/casinov3/a73ac460/js/chunk.CJpIeO3G.js
28060.144.js	https://static.gmlinteractive.com/casinov3/a73ac460/js/chunk.DompZaJe.js
28060.146.js	https://static.gmlinteractive.com/casinov3/a73ac460/js/chunk.RIERv44I.js
28060.145.js	https://static.gmlinteractive.com/casinov3/a73ac460/js/chunk.0ikMNeoQ.js
28060.148.js	https://static.gmlinteractive.com/casinov3/a73ac460/js/chunk.CVp7dYsV.js
28060.150.js	https://static.gmlinteractive.com/casinov3/a73ac460/js/chunk.CJkwPm_8.js
28060.110.json	https://www.stoiximan.gr/casino/live/topNotifications/topNotification?v=true
28060.115.json	https://www.stoiximan.gr/casino/realitycheck/customersettings
28060.114.json	https://www.stoiximan.gr/casino/customerSession/lastLogin
28060.120.json	https://www.stoiximan.gr/casino/timelosslimits
28060.122.json	https://www.stoiximan.gr/casino/customerSession/sessioninactivityconfig
28060.117.json	https://www.stoiximan.gr/casino/games/recentlysearched
28060.121.json	https://www.stoiximan.gr/casino/depositlimits
28060.119.json	https://www.stoiximan.gr/casino/api/livefeed
28060.111.json	https://www.stoiximan.gr/casino/balance/userBalance
28060.152.json	https://www.stoiximan.gr/casino/api/bonus/stories?section=4
28060.153.json	https://www.stoiximan.gr/casino/api/bonus/stories/translations
28060.167.json	https://static.gmlinteractive.com/casinov3/a73ac460/customer-top-wins-coin-icon.DF3q-Gkf.json
28060.112.json	https://www.stoiximan.gr/casino/freespins/userFreespins
28060.139.json	https://www.stoiximan.gr/casino/api/stake-offers/pending
28060.169.json	https://www.stoiximan.gr/casino/live/api/games
28060.170.json	https://www.stoiximan.gr/casino/live/api/games/filters
28060.207.json	https://www.stoiximan.gr/casino/games/hotcold
28060.206.json	https://www.stoiximan.gr/casino/api/games/recommendations/operator
28060.116.json	https://www.stoiximan.gr/casino/games/favorites
28060.113.json	https://www.stoiximan.gr/casino/popup
28060.138.json	https://realtime-542.optimove.net/reportEvent
28060.168.json	https://static.gmlinteractive.com/casinov3/a73ac460/customer-top-wins-coin-icon.DF3q-Gkf.json
28060.232.js	https://static.gmlinteractive.com/casinov3/a73ac460/js/chunk.1KCX7SsQ.js
28060.233.js	https://static.gmlinteractive.com/casinov3/a73ac460/js/chunk.BAlDg4cu.js
28060.234.js	https://static.gmlinteractive.com/casinov3/a73ac460/js/chunk.Ds3e56Zd.js
28060.235.js	https://static.gmlinteractive.com/casinov3/a73ac460/js/chunk.BAN_lYwN.js
28060.238.js	https://static.gmlinteractive.com/casinov3/a73ac460/js/chunk.hUHlawNE.js
28060.241.js	https://static.gmlinteractive.com/casinov3/a73ac460/js/chunk._NysdQQ4.js
28060.240.js	https://static.gmlinteractive.com/casinov3/a73ac460/js/chunk.CdYBcpF9.js
28060.242.js	https://static.gmlinteractive.com/casinov3/a73ac460/js/chunk.CMqzxGB3.js
28060.239.js	https://static.gmlinteractive.com/casinov3/a73ac460/js/chunk.D0ttAJ5A.js
28060.246.js	https://static.gmlinteractive.com/casinov3/a73ac460/js/chunk.aeSiSbh7.js
28060.247.js	https://static.gmlinteractive.com/casinov3/a73ac460/js/chunk.9CPfRbtP.js
28060.249.js	https://static.gmlinteractive.com/casinov3/a73ac460/js/chunk.CPO9fdVm.js
28060.250.js	https://static.gmlinteractive.com/casinov3/a73ac460/js/chunk.e55Onyzz.js
28060.248.js	https://static.gmlinteractive.com/casinov3/a73ac460/js/chunk.DUbwancu.js
28060.252.js	https://static.gmlinteractive.com/casinov3/a73ac460/js/chunk.ChP-xL8V.js
28060.253.js	https://static.gmlinteractive.com/casinov3/a73ac460/js/chunk.B3HZH2uO.js
28060.256.js	https://static.gmlinteractive.com/casinov3/a73ac460/js/chunk.Cbbpjap1.js
28060.210.json	https://www.stoiximan.gr/casino/customerpush/configuration
28060.209.json	https://www.stoiximan.gr/casino/live/api/minilobbies?type=forYou
28060.208.json	https://www.stoiximan.gr/casino/games/recentlyplayed
28060.205.json	https://www.stoiximan.gr/casino/api/games/recommendations/customer
28060.280.js	https://static.gmlinteractive.com/casinov3/a73ac460/js/chunk.BzglmUdk.js
28060.281.js	https://static.gmlinteractive.com/casinov3/a73ac460/js/chunk.DccLapCR.js
28060.395.js	https://static.gmlinteractive.com/casinov3/a73ac460/js/chunk.B_JPMhhL.js
28060.396.js	https://static.gmlinteractive.com/casinov3/a73ac460/js/chunk.BlbDh5_v.js
28060.279.json	https://www.stoiximan.gr/customerhub_0/negotiate?negotiateVersion=1
28060.412.json	https://www.stoiximan.gr/casino/api/topwins/operator
28060.496.json	https://edge.fullstory.com/s/settings/o-1FC4W0-na1/v1/web
28060.515.json	https://cdn.cookielaw.org/consent/799045cc-2657-469e-9b2c-24cc08e431ae/019e4aa1-1c2d-78b9-8210-0ac0f140aa51/el.json
28060.517.js	https://www.googletagmanager.com/gtag/js?id=G-NL3TXCS6S3&cx=c&gtm=4e6921
28060.518.json	https://cdn.cookielaw.org/scripttemplates/202501.2.0/assets/otFloatingRounded.json
28060.519.json	https://cdn.cookielaw.org/scripttemplates/202501.2.0/assets/v2/otPcCenter.json
28060.524.js	https://euob.greencolumnart.com/sxp/i/04e7029789c8d022812f712860f76e7a.js
28060.528.json	https://obseu.greencolumnart.com/ct
25880.126.json	https://cdn.frail-chance-42.net/gs2c/SingleSessionAPI/ping
18348.276.json	https://www.stoiximan.gr/casino/timelosslimits
5300.609.json	https://www.stoiximan.gr/casino/timelosslimits
25880.127.json	https://cdn.frail-chance-42.net/gs2c/SingleSessionAPI/ping
25880.128.json	https://cdn.frail-chance-42.net/gs2c/SingleSessionAPI/ping
18348.277.json	https://www.stoiximan.gr/casino/timelosslimits
5300.610.json	https://www.stoiximan.gr/casino/timelosslimits
11468.2.json	https://translations.gmlinteractive.com/api/v1/translations/kcv/casinowebsitefrontend/el/24
11468.3.js	https://cdn.cookielaw.org/scripttemplates/otSDKStub.js
11468.12.js	https://static.cloudflareinsights.com/beacon.min.js/v31edd6df95cf4e85bb4c19e7a9bdbcba1788362987495
11468.10.js	https://copilot.gmlinteractive.com/copilot/0.9.6-5e18e9f2/main.js
11468.13.json	https://cdn.cookielaw.org/consent/799045cc-2657-469e-9b2c-24cc08e431ae/799045cc-2657-469e-9b2c-24cc08e431ae.json
11468.15.js	https://edge.fullstory.com/s/fs.js
11468.14.js	https://www.googletagmanager.com/gtm.js?id=GTM-M3QHWW9
11468.44.js	https://copilot.gmlinteractive.com/copilot/0.9.6-5e18e9f2/vue.C1Ckkl3F.js
11468.46.js	https://copilot.gmlinteractive.com/copilot/0.9.6-5e18e9f2/vue-i18n.CKK-OYXf.js
11468.47.js	https://copilot.gmlinteractive.com/copilot/0.9.6-5e18e9f2/swiper.CqlqoF6A.js
11468.49.json	https://edge.fullstory.com/s/settings/o-1FC4W0-na1/v1/web
11468.48.js	https://copilot.gmlinteractive.com/copilot/0.9.6-5e18e9f2/markdown.BMSQkwth.js
11468.43.json	https://geolocation.onetrust.com/cookieconsentpub/v1/geo/location
11468.45.js	https://copilot.gmlinteractive.com/copilot/0.9.6-5e18e9f2/vue3-lottie.BRAhPEvB.js
11468.50.js	https://cdn.cookielaw.org/scripttemplates/202501.2.0/otBannerSdk.js
11468.8.js	https://static.gmlinteractive.com/casinov3/a73ac460/js/app.DCm7PxGX.js
11468.51.js	https://static.gmlinteractive.com/casinov3/a73ac460/js/chunk.BwlIe5fW.js
11468.52.js	https://static.gmlinteractive.com/casinov3/a73ac460/js/chunk.hcHMx4TS.js
11468.11.js	https://sdk.optimove.net/websdk/?tenant_id=542&tenant_token=72b4145aad1747ae9c09acd2bc24a50d
11468.54.js	https://static.gmlinteractive.com/casinov3/a73ac460/js/chunk.xVfC0zpC.js
11468.55.js	https://static.gmlinteractive.com/casinov3/a73ac460/js/chunk.B1WMR3hZ.js
11468.56.js	https://static.app.delivery/sdks/web/optimove-web-bundle.js
11468.58.js	https://static.gmlinteractive.com/casinov3/a73ac460/js/chunk.CoGGifHz.js
11468.59.js	https://static.gmlinteractive.com/casinov3/a73ac460/js/chunk.Dl1LrD15.js
11468.64.js	https://static.gmlinteractive.com/casinov3/a73ac460/js/chunk.U3e_6Mm5.js
11468.65.js	https://static.gmlinteractive.com/casinov3/a73ac460/js/chunk.DNmEh1iY.js
11468.70.js	https://static.gmlinteractive.com/casinov3/a73ac460/js/chunk.VQ0IxCQh.js
11468.66.js	https://static.gmlinteractive.com/casinov3/a73ac460/js/chunk._7e4AhZk.js
11468.63.js	https://static.gmlinteractive.com/casinov3/a73ac460/js/chunk.DDRWTr_U.js
11468.68.js	https://static.gmlinteractive.com/casinov3/a73ac460/js/chunk.7GxsokpS.js
11468.67.js	https://static.gmlinteractive.com/casinov3/a73ac460/js/chunk.Dh29p7QL.js
11468.62.js	https://static.gmlinteractive.com/casinov3/a73ac460/js/chunk.lQqb9Nqs.js
11468.60.js	https://static.gmlinteractive.com/casinov3/a73ac460/js/chunk.NALbZN9r.js
11468.71.js	https://static.gmlinteractive.com/casinov3/a73ac460/js/chunk.Dav2gfjE.js
11468.72.js	https://static.gmlinteractive.com/casinov3/a73ac460/js/chunk.CJSez0Ep.js
11468.61.js	https://static.gmlinteractive.com/casinov3/a73ac460/js/chunk.DKP9srV0.js
11468.73.js	https://static.gmlinteractive.com/casinov3/a73ac460/js/chunk.HiYhu1fj.js
11468.69.js	https://static.gmlinteractive.com/casinov3/a73ac460/js/chunk.Dcj6YKnB.js
11468.74.js	https://static.gmlinteractive.com/casinov3/a73ac460/js/chunk.DDSXmQpR.js
11468.75.js	https://static.gmlinteractive.com/casinov3/a73ac460/js/chunk.Be16HiJF.js
11468.76.js	https://static.gmlinteractive.com/casinov3/a73ac460/js/chunk.D-STApjy.js
11468.77.js	https://static.gmlinteractive.com/casinov3/a73ac460/js/chunk.zhp0ze8A.js
11468.79.js	https://static.gmlinteractive.com/casinov3/a73ac460/js/chunk.537i1yL4.js
11468.80.js	https://static.gmlinteractive.com/casinov3/a73ac460/js/chunk.xCpDP68M.js
11468.78.js	https://static.gmlinteractive.com/casinov3/a73ac460/js/chunk.C0_ibctr.js
11468.82.js	https://static.gmlinteractive.com/casinov3/a73ac460/js/chunk.lcGDLDNw.js
11468.81.js	https://static.gmlinteractive.com/casinov3/a73ac460/js/chunk.BmuxE7rM.js
11468.83.js	https://static.gmlinteractive.com/casinov3/a73ac460/js/chunk.D3DWUQqi.js
11468.85.js	https://static.gmlinteractive.com/casinov3/a73ac460/js/chunk.1fjffNKj.js
11468.84.js	https://static.gmlinteractive.com/casinov3/a73ac460/js/chunk.D5I8SGhl.js
11468.87.js	https://static.gmlinteractive.com/casinov3/a73ac460/js/chunk.D3MfnKqO.js
11468.86.js	https://static.gmlinteractive.com/casinov3/a73ac460/js/chunk.D-t3VI6w.js
11468.89.js	https://static.gmlinteractive.com/casinov3/a73ac460/js/chunk.Bf2NK1cE.js
11468.90.js	https://static.gmlinteractive.com/casinov3/a73ac460/js/chunk.C5a6dmbK.js
11468.92.js	https://static.gmlinteractive.com/casinov3/a73ac460/js/chunk.Ci892fHU.js
11468.93.js	https://static.gmlinteractive.com/casinov3/a73ac460/js/chunk.C7BfBz-_.js
11468.96.js	https://static.gmlinteractive.com/casinov3/a73ac460/js/chunk.CDQMZ_J2.js
11468.95.js	https://static.gmlinteractive.com/casinov3/a73ac460/js/chunk.CA0f47T3.js
11468.98.js	https://static.gmlinteractive.com/casinov3/a73ac460/js/chunk.DZ3Tix3B.js
11468.97.js	https://static.gmlinteractive.com/casinov3/a73ac460/js/chunk.BbBlzd_Q.js
11468.94.js	https://static.gmlinteractive.com/casinov3/a73ac460/js/chunk.IuL5-plG.js
11468.99.js	https://static.gmlinteractive.com/casinov3/a73ac460/js/chunk.BJUEsJRV.js
11468.100.js	https://static.gmlinteractive.com/casinov3/a73ac460/js/chunk.u4vPABi4.js
11468.101.js	https://static.gmlinteractive.com/casinov3/a73ac460/js/chunk.wL1VQXOh.js
11468.102.js	https://static.gmlinteractive.com/casinov3/a73ac460/js/chunk.0A77WSuG.js
11468.105.js	https://static.gmlinteractive.com/casinov3/a73ac460/js/chunk.aziTJOCh.js
11468.106.js	https://static.gmlinteractive.com/casinov3/a73ac460/js/chunk.C44m_qhJ.js
11468.103.js	https://static.gmlinteractive.com/casinov3/a73ac460/js/chunk.cIibpqXx.js
11468.104.js	https://static.gmlinteractive.com/casinov3/a73ac460/js/chunk.fOh4MTka.js
11468.107.js	https://static.gmlinteractive.com/casinov3/a73ac460/js/chunk.D0ho7GVx.js
11468.124.js	https://static.gmlinteractive.com/casinov3/a73ac460/js/chunk.vd-K1VZz.js
11468.125.js	https://static.gmlinteractive.com/casinov3/a73ac460/js/chunk.DtHtQSE_.js
11468.126.js	https://static.gmlinteractive.com/casinov3/a73ac460/js/chunk.DMHur1nR.js
11468.127.js	https://static.gmlinteractive.com/casinov3/a73ac460/js/chunk.nFlqTtvz.js
11468.128.js	https://static.gmlinteractive.com/casinov3/a73ac460/js/chunk.CcDKCaiu.js
11468.130.js	https://static.gmlinteractive.com/casinov3/a73ac460/js/chunk.Do7CNB0a.js
11468.129.js	https://static.gmlinteractive.com/casinov3/a73ac460/js/chunk.BpJOkY5U.js
11468.131.js	https://static.gmlinteractive.com/casinov3/a73ac460/js/chunk.BC2jRhmr.js
11468.132.js	https://static.gmlinteractive.com/casinov3/a73ac460/js/chunk.BA1BNOoA.js
11468.133.js	https://static.gmlinteractive.com/casinov3/a73ac460/js/chunk.BTFM0nDG.js
11468.134.js	https://static.gmlinteractive.com/casinov3/a73ac460/js/chunk.DYdl3_fj.js
11468.123.js	https://static.gmlinteractive.com/casinov3/a73ac460/js/chunk.i4BdLF3w.js
11468.138.js	https://static.gmlinteractive.com/casinov3/a73ac460/js/chunk.pQb1mU1s.js
11468.139.js	https://static.gmlinteractive.com/casinov3/a73ac460/js/chunk.CS5IHAwZ.js
11468.140.js	https://static.gmlinteractive.com/casinov3/a73ac460/js/chunk.CJpIeO3G.js
11468.141.js	https://static.gmlinteractive.com/casinov3/a73ac460/js/chunk.CS4hRJ20.js
11468.142.js	https://static.gmlinteractive.com/casinov3/a73ac460/js/chunk.DompZaJe.js
11468.144.js	https://static.gmlinteractive.com/casinov3/a73ac460/js/chunk.RIERv44I.js
11468.143.js	https://static.gmlinteractive.com/casinov3/a73ac460/js/chunk.0ikMNeoQ.js
11468.146.js	https://static.gmlinteractive.com/casinov3/a73ac460/js/chunk.CVp7dYsV.js
11468.148.js	https://static.gmlinteractive.com/casinov3/a73ac460/js/chunk.CJkwPm_8.js
11468.151.json	https://www.stoiximan.gr/casino/api/bonus/stories/translations
11468.150.json	https://www.stoiximan.gr/casino/api/bonus/stories?section=4
11468.110.json	https://www.stoiximan.gr/casino/live/topNotifications/topNotification?v=true
11468.115.json	https://www.stoiximan.gr/casino/realitycheck/customersettings
11468.165.json	https://static.gmlinteractive.com/casinov3/a73ac460/customer-top-wins-coin-icon.DF3q-Gkf.json
11468.114.json	https://www.stoiximan.gr/casino/customerSession/lastLogin
11468.122.json	https://www.stoiximan.gr/casino/customerSession/sessioninactivityconfig
11468.117.json	https://www.stoiximan.gr/casino/games/recentlysearched
11468.120.json	https://www.stoiximan.gr/casino/timelosslimits
11468.121.json	https://www.stoiximan.gr/casino/depositlimits
11468.111.json	https://www.stoiximan.gr/casino/balance/userBalance
11468.137.json	https://www.stoiximan.gr/casino/api/stake-offers/pending
11468.119.json	https://www.stoiximan.gr/casino/api/livefeed
11468.113.json	https://www.stoiximan.gr/casino/popup
11468.204.json	https://www.stoiximan.gr/casino/api/games/recommendations/operator
11468.168.json	https://www.stoiximan.gr/casino/live/api/games/filters
11468.205.json	https://www.stoiximan.gr/casino/games/hotcold
11468.112.json	https://www.stoiximan.gr/casino/freespins/userFreespins
11468.57.json	https://stream-542.optimove.net/
11468.166.json	https://static.gmlinteractive.com/casinov3/a73ac460/customer-top-wins-coin-icon.DF3q-Gkf.json
11468.116.json	https://www.stoiximan.gr/casino/games/favorites
11468.203.json	https://www.stoiximan.gr/casino/api/games/recommendations/customer
11468.206.json	https://www.stoiximan.gr/casino/games/recentlyplayed
11468.208.json	https://www.stoiximan.gr/casino/customerpush/configuration
11468.207.json	https://www.stoiximan.gr/casino/live/api/minilobbies?type=forYou
11468.253.json	https://cdn.cookielaw.org/consent/799045cc-2657-469e-9b2c-24cc08e431ae/019e4aa1-1c2d-78b9-8210-0ac0f140aa51/el.json
11468.167.json	https://www.stoiximan.gr/casino/live/api/games
11468.254.js	https://www.googletagmanager.com/gtag/js?id=G-NL3TXCS6S3&cx=c&gtm=4e6921
11468.256.js	https://static.gmlinteractive.com/casinov3/a73ac460/js/chunk.1KCX7SsQ.js
11468.257.js	https://static.gmlinteractive.com/casinov3/a73ac460/js/chunk.BAlDg4cu.js
11468.259.js	https://static.gmlinteractive.com/casinov3/a73ac460/js/chunk.BAN_lYwN.js
11468.258.js	https://static.gmlinteractive.com/casinov3/a73ac460/js/chunk.Ds3e56Zd.js
11468.262.js	https://static.gmlinteractive.com/casinov3/a73ac460/js/chunk.hUHlawNE.js
11468.265.js	https://static.gmlinteractive.com/casinov3/a73ac460/js/chunk._NysdQQ4.js
11468.264.js	https://static.gmlinteractive.com/casinov3/a73ac460/js/chunk.CdYBcpF9.js
11468.263.js	https://static.gmlinteractive.com/casinov3/a73ac460/js/chunk.D0ttAJ5A.js
11468.266.js	https://static.gmlinteractive.com/casinov3/a73ac460/js/chunk.CMqzxGB3.js
11468.271.js	https://static.gmlinteractive.com/casinov3/a73ac460/js/chunk.9CPfRbtP.js
11468.270.js	https://static.gmlinteractive.com/casinov3/a73ac460/js/chunk.aeSiSbh7.js
11468.273.js	https://static.gmlinteractive.com/casinov3/a73ac460/js/chunk.CPO9fdVm.js
11468.274.js	https://static.gmlinteractive.com/casinov3/a73ac460/js/chunk.e55Onyzz.js
11468.272.js	https://static.gmlinteractive.com/casinov3/a73ac460/js/chunk.DUbwancu.js
11468.276.js	https://static.gmlinteractive.com/casinov3/a73ac460/js/chunk.ChP-xL8V.js
11468.277.js	https://static.gmlinteractive.com/casinov3/a73ac460/js/chunk.B3HZH2uO.js
11468.280.js	https://static.gmlinteractive.com/casinov3/a73ac460/js/chunk.Cbbpjap1.js
11468.282.json	https://cdn.cookielaw.org/scripttemplates/202501.2.0/assets/otFloatingRounded.json
11468.283.json	https://cdn.cookielaw.org/scripttemplates/202501.2.0/assets/v2/otPcCenter.json
11468.252.json	https://www.stoiximan.gr/customerhub_0/negotiate?negotiateVersion=1
11468.251.json	https://realtime-542.optimove.net/reportEvent
11468.286.js	https://static.gmlinteractive.com/casinov3/a73ac460/js/chunk.BzglmUdk.js
11468.287.js	https://static.gmlinteractive.com/casinov3/a73ac460/js/chunk.DccLapCR.js
11468.401.js	https://static.gmlinteractive.com/casinov3/a73ac460/js/chunk.B_JPMhhL.js
11468.402.js	https://static.gmlinteractive.com/casinov3/a73ac460/js/chunk.BlbDh5_v.js
11468.442.js	https://euob.greencolumnart.com/sxp/i/04e7029789c8d022812f712860f76e7a.js
11468.417.json	https://www.stoiximan.gr/casino/api/topwins/operator
11468.509.json	https://obseu.greencolumnart.com/ct
25880.129.json	https://cdn.frail-chance-42.net/gs2c/SingleSessionAPI/ping
25880.130.json	https://cdn.frail-chance-42.net/gs2c/SingleSessionAPI/ping
18348.278.json	https://www.stoiximan.gr/casino/timelosslimits
5300.611.json	https://www.stoiximan.gr/casino/timelosslimits
28404.2.json	https://translations.gmlinteractive.com/api/v1/translations/kcv/casinowebsitefrontend/el/24
28404.3.js	https://cdn.cookielaw.org/scripttemplates/otSDKStub.js
28404.6.json	https://cdn.cookielaw.org/consent/799045cc-2657-469e-9b2c-24cc08e431ae/799045cc-2657-469e-9b2c-24cc08e431ae.json
28404.7.js	https://www.googletagmanager.com/gtm.js?id=GTM-M3QHWW9
28404.8.js	https://edge.fullstory.com/s/fs.js
28404.19.js	https://static.cloudflareinsights.com/beacon.min.js/v31edd6df95cf4e85bb4c19e7a9bdbcba1788362987495
28404.17.js	https://copilot.gmlinteractive.com/copilot/0.9.6-5e18e9f2/main.js
28404.20.json	https://geolocation.onetrust.com/cookieconsentpub/v1/geo/location
28404.46.js	https://copilot.gmlinteractive.com/copilot/0.9.6-5e18e9f2/vue-i18n.CKK-OYXf.js
28404.47.js	https://copilot.gmlinteractive.com/copilot/0.9.6-5e18e9f2/swiper.CqlqoF6A.js
28404.49.js	https://cdn.cookielaw.org/scripttemplates/202501.2.0/otBannerSdk.js
28404.44.js	https://copilot.gmlinteractive.com/copilot/0.9.6-5e18e9f2/vue.C1Ckkl3F.js
28404.48.js	https://copilot.gmlinteractive.com/copilot/0.9.6-5e18e9f2/markdown.BMSQkwth.js
28404.45.js	https://copilot.gmlinteractive.com/copilot/0.9.6-5e18e9f2/vue3-lottie.BRAhPEvB.js
28404.11.js	https://static.gmlinteractive.com/casinov3/a73ac460/js/app.DCm7PxGX.js
28404.50.js	https://static.gmlinteractive.com/casinov3/a73ac460/js/chunk.BwlIe5fW.js
28404.51.js	https://static.gmlinteractive.com/casinov3/a73ac460/js/chunk.hcHMx4TS.js
28404.18.js	https://sdk.optimove.net/websdk/?tenant_id=542&tenant_token=72b4145aad1747ae9c09acd2bc24a50d
28404.53.js	https://static.gmlinteractive.com/casinov3/a73ac460/js/chunk.xVfC0zpC.js
28404.54.js	https://static.gmlinteractive.com/casinov3/a73ac460/js/chunk.B1WMR3hZ.js
28404.55.js	https://static.app.delivery/sdks/web/optimove-web-bundle.js
28404.57.js	https://static.gmlinteractive.com/casinov3/a73ac460/js/chunk.CoGGifHz.js
28404.58.js	https://static.gmlinteractive.com/casinov3/a73ac460/js/chunk.Dl1LrD15.js
28404.59.js	https://static.gmlinteractive.com/casinov3/a73ac460/js/chunk.NALbZN9r.js
28404.64.js	https://static.gmlinteractive.com/casinov3/a73ac460/js/chunk.DNmEh1iY.js
28404.72.js	https://static.gmlinteractive.com/casinov3/a73ac460/js/chunk.HiYhu1fj.js
28404.71.js	https://static.gmlinteractive.com/casinov3/a73ac460/js/chunk.CJSez0Ep.js
28404.60.js	https://static.gmlinteractive.com/casinov3/a73ac460/js/chunk.DKP9srV0.js
28404.69.js	https://static.gmlinteractive.com/casinov3/a73ac460/js/chunk.VQ0IxCQh.js
28404.63.js	https://static.gmlinteractive.com/casinov3/a73ac460/js/chunk.U3e_6Mm5.js
28404.65.js	https://static.gmlinteractive.com/casinov3/a73ac460/js/chunk._7e4AhZk.js
28404.62.js	https://static.gmlinteractive.com/casinov3/a73ac460/js/chunk.DDRWTr_U.js
28404.61.js	https://static.gmlinteractive.com/casinov3/a73ac460/js/chunk.lQqb9Nqs.js
28404.67.js	https://static.gmlinteractive.com/casinov3/a73ac460/js/chunk.7GxsokpS.js
28404.70.js	https://static.gmlinteractive.com/casinov3/a73ac460/js/chunk.Dav2gfjE.js
28404.73.js	https://static.gmlinteractive.com/casinov3/a73ac460/js/chunk.DDSXmQpR.js
28404.66.js	https://static.gmlinteractive.com/casinov3/a73ac460/js/chunk.Dh29p7QL.js
28404.68.js	https://static.gmlinteractive.com/casinov3/a73ac460/js/chunk.Dcj6YKnB.js
28404.75.js	https://static.gmlinteractive.com/casinov3/a73ac460/js/chunk.D-STApjy.js
28404.74.js	https://static.gmlinteractive.com/casinov3/a73ac460/js/chunk.Be16HiJF.js
28404.76.js	https://static.gmlinteractive.com/casinov3/a73ac460/js/chunk.zhp0ze8A.js
28404.78.js	https://static.gmlinteractive.com/casinov3/a73ac460/js/chunk.537i1yL4.js
28404.79.js	https://static.gmlinteractive.com/casinov3/a73ac460/js/chunk.xCpDP68M.js
28404.77.js	https://static.gmlinteractive.com/casinov3/a73ac460/js/chunk.C0_ibctr.js
28404.80.js	https://static.gmlinteractive.com/casinov3/a73ac460/js/chunk.BmuxE7rM.js
28404.81.js	https://static.gmlinteractive.com/casinov3/a73ac460/js/chunk.lcGDLDNw.js
28404.82.js	https://static.gmlinteractive.com/casinov3/a73ac460/js/chunk.D3DWUQqi.js
28404.83.js	https://static.gmlinteractive.com/casinov3/a73ac460/js/chunk.D5I8SGhl.js
28404.84.js	https://static.gmlinteractive.com/casinov3/a73ac460/js/chunk.1fjffNKj.js
28404.86.js	https://static.gmlinteractive.com/casinov3/a73ac460/js/chunk.D3MfnKqO.js
28404.85.js	https://static.gmlinteractive.com/casinov3/a73ac460/js/chunk.D-t3VI6w.js
28404.89.js	https://static.gmlinteractive.com/casinov3/a73ac460/js/chunk.C5a6dmbK.js
28404.88.js	https://static.gmlinteractive.com/casinov3/a73ac460/js/chunk.Bf2NK1cE.js
28404.91.js	https://static.gmlinteractive.com/casinov3/a73ac460/js/chunk.Ci892fHU.js
28404.92.js	https://static.gmlinteractive.com/casinov3/a73ac460/js/chunk.C7BfBz-_.js
28404.93.js	https://static.gmlinteractive.com/casinov3/a73ac460/js/chunk.IuL5-plG.js
28404.94.js	https://static.gmlinteractive.com/casinov3/a73ac460/js/chunk.CA0f47T3.js
28404.96.js	https://static.gmlinteractive.com/casinov3/a73ac460/js/chunk.BbBlzd_Q.js
28404.95.js	https://static.gmlinteractive.com/casinov3/a73ac460/js/chunk.CDQMZ_J2.js
28404.97.js	https://static.gmlinteractive.com/casinov3/a73ac460/js/chunk.DZ3Tix3B.js
28404.98.js	https://static.gmlinteractive.com/casinov3/a73ac460/js/chunk.BJUEsJRV.js
28404.99.js	https://static.gmlinteractive.com/casinov3/a73ac460/js/chunk.u4vPABi4.js
28404.100.js	https://static.gmlinteractive.com/casinov3/a73ac460/js/chunk.wL1VQXOh.js
28404.101.js	https://static.gmlinteractive.com/casinov3/a73ac460/js/chunk.0A77WSuG.js
28404.104.js	https://static.gmlinteractive.com/casinov3/a73ac460/js/chunk.aziTJOCh.js
28404.105.js	https://static.gmlinteractive.com/casinov3/a73ac460/js/chunk.C44m_qhJ.js
28404.103.js	https://static.gmlinteractive.com/casinov3/a73ac460/js/chunk.fOh4MTka.js
28404.102.js	https://static.gmlinteractive.com/casinov3/a73ac460/js/chunk.cIibpqXx.js
28404.106.js	https://static.gmlinteractive.com/casinov3/a73ac460/js/chunk.D0ho7GVx.js
28404.124.js	https://static.gmlinteractive.com/casinov3/a73ac460/js/chunk.DtHtQSE_.js
28404.123.js	https://static.gmlinteractive.com/casinov3/a73ac460/js/chunk.vd-K1VZz.js
28404.125.js	https://static.gmlinteractive.com/casinov3/a73ac460/js/chunk.DMHur1nR.js
28404.126.js	https://static.gmlinteractive.com/casinov3/a73ac460/js/chunk.nFlqTtvz.js
28404.129.js	https://static.gmlinteractive.com/casinov3/a73ac460/js/chunk.Do7CNB0a.js
28404.130.js	https://static.gmlinteractive.com/casinov3/a73ac460/js/chunk.BC2jRhmr.js
28404.127.js	https://static.gmlinteractive.com/casinov3/a73ac460/js/chunk.CcDKCaiu.js
28404.131.js	https://static.gmlinteractive.com/casinov3/a73ac460/js/chunk.BA1BNOoA.js
28404.128.js	https://static.gmlinteractive.com/casinov3/a73ac460/js/chunk.BpJOkY5U.js
28404.132.js	https://static.gmlinteractive.com/casinov3/a73ac460/js/chunk.BTFM0nDG.js
28404.133.js	https://static.gmlinteractive.com/casinov3/a73ac460/js/chunk.DYdl3_fj.js
28404.122.js	https://static.gmlinteractive.com/casinov3/a73ac460/js/chunk.i4BdLF3w.js
28404.138.js	https://static.gmlinteractive.com/casinov3/a73ac460/js/chunk.CS5IHAwZ.js
28404.137.js	https://static.gmlinteractive.com/casinov3/a73ac460/js/chunk.pQb1mU1s.js
28404.139.js	https://static.gmlinteractive.com/casinov3/a73ac460/js/chunk.CJpIeO3G.js
28404.140.js	https://static.gmlinteractive.com/casinov3/a73ac460/js/chunk.CS4hRJ20.js
28404.141.js	https://static.gmlinteractive.com/casinov3/a73ac460/js/chunk.DompZaJe.js
28404.143.js	https://static.gmlinteractive.com/casinov3/a73ac460/js/chunk.RIERv44I.js
28404.142.js	https://static.gmlinteractive.com/casinov3/a73ac460/js/chunk.0ikMNeoQ.js
28404.145.js	https://static.gmlinteractive.com/casinov3/a73ac460/js/chunk.CVp7dYsV.js
28404.147.js	https://static.gmlinteractive.com/casinov3/a73ac460/js/chunk.CJkwPm_8.js
28404.149.json	https://www.stoiximan.gr/casino/api/bonus/stories?section=4
28404.150.json	https://www.stoiximan.gr/casino/api/bonus/stories/translations
28404.164.json	https://static.gmlinteractive.com/casinov3/a73ac460/customer-top-wins-coin-icon.DF3q-Gkf.json
28404.109.json	https://www.stoiximan.gr/casino/live/topNotifications/topNotification?v=true
28404.113.json	https://www.stoiximan.gr/casino/customerSession/lastLogin
28404.114.json	https://www.stoiximan.gr/casino/realitycheck/customersettings
28404.120.json	https://www.stoiximan.gr/casino/depositlimits
28404.119.json	https://www.stoiximan.gr/casino/timelosslimits
28404.116.json	https://www.stoiximan.gr/casino/games/recentlysearched
28404.110.json	https://www.stoiximan.gr/casino/balance/userBalance
28404.121.json	https://www.stoiximan.gr/casino/customerSession/sessioninactivityconfig
28404.118.json	https://www.stoiximan.gr/casino/api/livefeed
28404.136.json	https://www.stoiximan.gr/casino/api/stake-offers/pending
28404.112.json	https://www.stoiximan.gr/casino/popup
28404.167.json	https://www.stoiximan.gr/casino/live/api/games/filters
28404.204.json	https://www.stoiximan.gr/casino/games/hotcold
28404.203.json	https://www.stoiximan.gr/casino/api/games/recommendations/operator
28404.56.json	https://stream-542.optimove.net/
28404.111.json	https://www.stoiximan.gr/casino/freespins/userFreespins
28404.165.json	https://static.gmlinteractive.com/casinov3/a73ac460/customer-top-wins-coin-icon.DF3q-Gkf.json
28404.115.json	https://www.stoiximan.gr/casino/games/favorites
28404.202.json	https://www.stoiximan.gr/casino/api/games/recommendations/customer
28404.206.json	https://www.stoiximan.gr/casino/live/api/minilobbies?type=forYou
28404.251.json	https://edge.fullstory.com/s/settings/o-1FC4W0-na1/v1/web
28404.252.json	https://cdn.cookielaw.org/consent/799045cc-2657-469e-9b2c-24cc08e431ae/019e4aa1-1c2d-78b9-8210-0ac0f140aa51/el.json
28404.207.json	https://www.stoiximan.gr/casino/customerpush/configuration
28404.166.json	https://www.stoiximan.gr/casino/live/api/games
28404.254.json	https://cdn.cookielaw.org/scripttemplates/202501.2.0/assets/otFloatingRounded.json
28404.255.json	https://cdn.cookielaw.org/scripttemplates/202501.2.0/assets/v2/otPcCenter.json
28404.205.json	https://www.stoiximan.gr/casino/games/recentlyplayed
28404.257.js	https://static.gmlinteractive.com/casinov3/a73ac460/js/chunk.1KCX7SsQ.js
28404.258.js	https://static.gmlinteractive.com/casinov3/a73ac460/js/chunk.BAlDg4cu.js
28404.260.js	https://static.gmlinteractive.com/casinov3/a73ac460/js/chunk.BAN_lYwN.js
28404.259.js	https://static.gmlinteractive.com/casinov3/a73ac460/js/chunk.Ds3e56Zd.js
28404.263.js	https://static.gmlinteractive.com/casinov3/a73ac460/js/chunk.hUHlawNE.js
28404.266.js	https://static.gmlinteractive.com/casinov3/a73ac460/js/chunk._NysdQQ4.js
28404.267.js	https://static.gmlinteractive.com/casinov3/a73ac460/js/chunk.CMqzxGB3.js
28404.264.js	https://static.gmlinteractive.com/casinov3/a73ac460/js/chunk.D0ttAJ5A.js
28404.265.js	https://static.gmlinteractive.com/casinov3/a73ac460/js/chunk.CdYBcpF9.js
28404.271.js	https://static.gmlinteractive.com/casinov3/a73ac460/js/chunk.aeSiSbh7.js
28404.272.js	https://static.gmlinteractive.com/casinov3/a73ac460/js/chunk.9CPfRbtP.js
28404.274.js	https://static.gmlinteractive.com/casinov3/a73ac460/js/chunk.CPO9fdVm.js
28404.275.js	https://static.gmlinteractive.com/casinov3/a73ac460/js/chunk.e55Onyzz.js
28404.273.js	https://static.gmlinteractive.com/casinov3/a73ac460/js/chunk.DUbwancu.js
28404.277.js	https://static.gmlinteractive.com/casinov3/a73ac460/js/chunk.ChP-xL8V.js
28404.278.js	https://static.gmlinteractive.com/casinov3/a73ac460/js/chunk.B3HZH2uO.js
28404.281.js	https://static.gmlinteractive.com/casinov3/a73ac460/js/chunk.Cbbpjap1.js
28404.286.js	https://euob.greencolumnart.com/sxp/i/04e7029789c8d022812f712860f76e7a.js
28404.289.js	https://static.gmlinteractive.com/casinov3/a73ac460/js/chunk.BzglmUdk.js
28404.290.js	https://static.gmlinteractive.com/casinov3/a73ac460/js/chunk.DccLapCR.js
28404.253.json	https://www.stoiximan.gr/customerhub_0/negotiate?negotiateVersion=1
28404.404.js	https://static.gmlinteractive.com/casinov3/a73ac460/js/chunk.B_JPMhhL.js
28404.250.json	https://realtime-542.optimove.net/reportEvent
28404.405.js	https://static.gmlinteractive.com/casinov3/a73ac460/js/chunk.BlbDh5_v.js
28404.420.json	https://www.stoiximan.gr/casino/api/topwins/operator
28404.526.js	https://www.googletagmanager.com/gtag/js?id=G-NL3TXCS6S3&cx=c&gtm=4e6921
28404.525.json	https://obseu.greencolumnart.com/ct
25880.131.json	https://cdn.frail-chance-42.net/gs2c/SingleSessionAPI/ping
25880.132.json	https://cdn.frail-chance-42.net/gs2c/SingleSessionAPI/ping
18348.279.json	https://www.stoiximan.gr/casino/timelosslimits
5300.612.json	https://www.stoiximan.gr/casino/timelosslimits
28348.2.json	https://translations.gmlinteractive.com/api/v1/translations/kcv/casinowebsitefrontend/el/24
28348.3.js	https://cdn.cookielaw.org/scripttemplates/otSDKStub.js
28348.10.js	https://static.cloudflareinsights.com/beacon.min.js/v31edd6df95cf4e85bb4c19e7a9bdbcba1788362987495
28348.8.js	https://copilot.gmlinteractive.com/copilot/0.9.6-5e18e9f2/main.js
28348.13.json	https://cdn.cookielaw.org/consent/799045cc-2657-469e-9b2c-24cc08e431ae/799045cc-2657-469e-9b2c-24cc08e431ae.json
28348.15.js	https://edge.fullstory.com/s/fs.js
28348.14.js	https://www.googletagmanager.com/gtm.js?id=GTM-M3QHWW9
28348.44.js	https://copilot.gmlinteractive.com/copilot/0.9.6-5e18e9f2/vue.C1Ckkl3F.js
28348.47.js	https://copilot.gmlinteractive.com/copilot/0.9.6-5e18e9f2/swiper.CqlqoF6A.js
28348.46.js	https://copilot.gmlinteractive.com/copilot/0.9.6-5e18e9f2/vue-i18n.CKK-OYXf.js
28348.48.js	https://copilot.gmlinteractive.com/copilot/0.9.6-5e18e9f2/markdown.BMSQkwth.js
28348.49.json	https://edge.fullstory.com/s/settings/o-1FC4W0-na1/v1/web
28348.45.js	https://copilot.gmlinteractive.com/copilot/0.9.6-5e18e9f2/vue3-lottie.BRAhPEvB.js
28348.43.json	https://geolocation.onetrust.com/cookieconsentpub/v1/geo/location
28348.6.js	https://static.gmlinteractive.com/casinov3/a73ac460/js/app.DCm7PxGX.js
28348.50.js	https://cdn.cookielaw.org/scripttemplates/202501.2.0/otBannerSdk.js
28348.51.js	https://static.gmlinteractive.com/casinov3/a73ac460/js/chunk.BwlIe5fW.js
28348.52.js	https://static.gmlinteractive.com/casinov3/a73ac460/js/chunk.hcHMx4TS.js
28348.9.js	https://sdk.optimove.net/websdk/?tenant_id=542&tenant_token=72b4145aad1747ae9c09acd2bc24a50d
28348.54.js	https://static.gmlinteractive.com/casinov3/a73ac460/js/chunk.xVfC0zpC.js
28348.55.js	https://static.gmlinteractive.com/casinov3/a73ac460/js/chunk.B1WMR3hZ.js
28348.56.js	https://static.app.delivery/sdks/web/optimove-web-bundle.js
28348.58.js	https://static.gmlinteractive.com/casinov3/a73ac460/js/chunk.CoGGifHz.js
28348.59.js	https://static.gmlinteractive.com/casinov3/a73ac460/js/chunk.Dl1LrD15.js
28348.60.js	https://static.gmlinteractive.com/casinov3/a73ac460/js/chunk.NALbZN9r.js
28348.61.js	https://static.gmlinteractive.com/casinov3/a73ac460/js/chunk.DKP9srV0.js
28348.62.js	https://static.gmlinteractive.com/casinov3/a73ac460/js/chunk.lQqb9Nqs.js
28348.67.js	https://static.gmlinteractive.com/casinov3/a73ac460/js/chunk.Dh29p7QL.js
28348.64.js	https://static.gmlinteractive.com/casinov3/a73ac460/js/chunk.U3e_6Mm5.js
28348.65.js	https://static.gmlinteractive.com/casinov3/a73ac460/js/chunk.DNmEh1iY.js
28348.71.js	https://static.gmlinteractive.com/casinov3/a73ac460/js/chunk.Dav2gfjE.js
28348.69.js	https://static.gmlinteractive.com/casinov3/a73ac460/js/chunk.Dcj6YKnB.js
28348.70.js	https://static.gmlinteractive.com/casinov3/a73ac460/js/chunk.VQ0IxCQh.js
28348.68.js	https://static.gmlinteractive.com/casinov3/a73ac460/js/chunk.7GxsokpS.js
28348.72.js	https://static.gmlinteractive.com/casinov3/a73ac460/js/chunk.CJSez0Ep.js
28348.63.js	https://static.gmlinteractive.com/casinov3/a73ac460/js/chunk.DDRWTr_U.js
28348.73.js	https://static.gmlinteractive.com/casinov3/a73ac460/js/chunk.HiYhu1fj.js
28348.66.js	https://static.gmlinteractive.com/casinov3/a73ac460/js/chunk._7e4AhZk.js
28348.74.js	https://static.gmlinteractive.com/casinov3/a73ac460/js/chunk.DDSXmQpR.js
28348.75.js	https://static.gmlinteractive.com/casinov3/a73ac460/js/chunk.Be16HiJF.js
28348.76.js	https://static.gmlinteractive.com/casinov3/a73ac460/js/chunk.D-STApjy.js
28348.77.js	https://static.gmlinteractive.com/casinov3/a73ac460/js/chunk.zhp0ze8A.js
28348.79.js	https://static.gmlinteractive.com/casinov3/a73ac460/js/chunk.537i1yL4.js
28348.80.js	https://static.gmlinteractive.com/casinov3/a73ac460/js/chunk.xCpDP68M.js
28348.78.js	https://static.gmlinteractive.com/casinov3/a73ac460/js/chunk.C0_ibctr.js
28348.82.js	https://static.gmlinteractive.com/casinov3/a73ac460/js/chunk.lcGDLDNw.js
28348.81.js	https://static.gmlinteractive.com/casinov3/a73ac460/js/chunk.BmuxE7rM.js
28348.84.js	https://static.gmlinteractive.com/casinov3/a73ac460/js/chunk.D5I8SGhl.js
28348.85.js	https://static.gmlinteractive.com/casinov3/a73ac460/js/chunk.1fjffNKj.js
28348.83.js	https://static.gmlinteractive.com/casinov3/a73ac460/js/chunk.D3DWUQqi.js
28348.87.js	https://static.gmlinteractive.com/casinov3/a73ac460/js/chunk.D3MfnKqO.js
28348.86.js	https://static.gmlinteractive.com/casinov3/a73ac460/js/chunk.D-t3VI6w.js
28348.90.js	https://static.gmlinteractive.com/casinov3/a73ac460/js/chunk.C5a6dmbK.js
28348.89.js	https://static.gmlinteractive.com/casinov3/a73ac460/js/chunk.Bf2NK1cE.js
28348.92.js	https://static.gmlinteractive.com/casinov3/a73ac460/js/chunk.Ci892fHU.js
28348.93.js	https://static.gmlinteractive.com/casinov3/a73ac460/js/chunk.C7BfBz-_.js
28348.96.js	https://static.gmlinteractive.com/casinov3/a73ac460/js/chunk.CDQMZ_J2.js
28348.95.js	https://static.gmlinteractive.com/casinov3/a73ac460/js/chunk.CA0f47T3.js
28348.94.js	https://static.gmlinteractive.com/casinov3/a73ac460/js/chunk.IuL5-plG.js
28348.97.js	https://static.gmlinteractive.com/casinov3/a73ac460/js/chunk.BbBlzd_Q.js
28348.98.js	https://static.gmlinteractive.com/casinov3/a73ac460/js/chunk.DZ3Tix3B.js
28348.99.js	https://static.gmlinteractive.com/casinov3/a73ac460/js/chunk.BJUEsJRV.js
28348.100.js	https://static.gmlinteractive.com/casinov3/a73ac460/js/chunk.u4vPABi4.js
28348.101.js	https://static.gmlinteractive.com/casinov3/a73ac460/js/chunk.wL1VQXOh.js
28348.102.js	https://static.gmlinteractive.com/casinov3/a73ac460/js/chunk.0A77WSuG.js
28348.105.js	https://static.gmlinteractive.com/casinov3/a73ac460/js/chunk.aziTJOCh.js
28348.106.js	https://static.gmlinteractive.com/casinov3/a73ac460/js/chunk.C44m_qhJ.js
28348.104.js	https://static.gmlinteractive.com/casinov3/a73ac460/js/chunk.fOh4MTka.js
28348.103.js	https://static.gmlinteractive.com/casinov3/a73ac460/js/chunk.cIibpqXx.js
28348.107.js	https://static.gmlinteractive.com/casinov3/a73ac460/js/chunk.D0ho7GVx.js
28348.124.js	https://static.gmlinteractive.com/casinov3/a73ac460/js/chunk.vd-K1VZz.js
28348.125.js	https://static.gmlinteractive.com/casinov3/a73ac460/js/chunk.DtHtQSE_.js
28348.126.js	https://static.gmlinteractive.com/casinov3/a73ac460/js/chunk.DMHur1nR.js
28348.127.js	https://static.gmlinteractive.com/casinov3/a73ac460/js/chunk.nFlqTtvz.js
28348.128.js	https://static.gmlinteractive.com/casinov3/a73ac460/js/chunk.CcDKCaiu.js
28348.131.js	https://static.gmlinteractive.com/casinov3/a73ac460/js/chunk.BC2jRhmr.js
28348.129.js	https://static.gmlinteractive.com/casinov3/a73ac460/js/chunk.BpJOkY5U.js
28348.132.js	https://static.gmlinteractive.com/casinov3/a73ac460/js/chunk.BA1BNOoA.js
28348.130.js	https://static.gmlinteractive.com/casinov3/a73ac460/js/chunk.Do7CNB0a.js
28348.133.js	https://static.gmlinteractive.com/casinov3/a73ac460/js/chunk.BTFM0nDG.js
28348.134.js	https://static.gmlinteractive.com/casinov3/a73ac460/js/chunk.DYdl3_fj.js
28348.123.js	https://static.gmlinteractive.com/casinov3/a73ac460/js/chunk.i4BdLF3w.js
28348.139.js	https://static.gmlinteractive.com/casinov3/a73ac460/js/chunk.CS5IHAwZ.js
28348.141.js	https://static.gmlinteractive.com/casinov3/a73ac460/js/chunk.CS4hRJ20.js
28348.142.js	https://static.gmlinteractive.com/casinov3/a73ac460/js/chunk.DompZaJe.js
28348.140.js	https://static.gmlinteractive.com/casinov3/a73ac460/js/chunk.CJpIeO3G.js
28348.138.js	https://static.gmlinteractive.com/casinov3/a73ac460/js/chunk.pQb1mU1s.js
28348.144.js	https://static.gmlinteractive.com/casinov3/a73ac460/js/chunk.RIERv44I.js
28348.143.js	https://static.gmlinteractive.com/casinov3/a73ac460/js/chunk.0ikMNeoQ.js
28348.146.js	https://static.gmlinteractive.com/casinov3/a73ac460/js/chunk.CVp7dYsV.js
28348.148.js	https://static.gmlinteractive.com/casinov3/a73ac460/js/chunk.CJkwPm_8.js
28348.151.json	https://www.stoiximan.gr/casino/api/bonus/stories/translations
28348.150.json	https://www.stoiximan.gr/casino/api/bonus/stories?section=4
28348.115.json	https://www.stoiximan.gr/casino/realitycheck/customersettings
28348.120.json	https://www.stoiximan.gr/casino/timelosslimits
28348.110.json	https://www.stoiximan.gr/casino/live/topNotifications/topNotification?v=true
28348.114.json	https://www.stoiximan.gr/casino/customerSession/lastLogin
28348.165.json	https://static.gmlinteractive.com/casinov3/a73ac460/customer-top-wins-coin-icon.DF3q-Gkf.json
28348.122.json	https://www.stoiximan.gr/casino/customerSession/sessioninactivityconfig
28348.121.json	https://www.stoiximan.gr/casino/depositlimits
28348.117.json	https://www.stoiximan.gr/casino/games/recentlysearched
28348.119.json	https://www.stoiximan.gr/casino/api/livefeed
28348.111.json	https://www.stoiximan.gr/casino/balance/userBalance
28348.137.json	https://www.stoiximan.gr/casino/api/stake-offers/pending
28348.57.json	https://stream-542.optimove.net/
28348.113.json	https://www.stoiximan.gr/casino/popup
28348.205.json	https://www.stoiximan.gr/casino/games/hotcold
28348.204.json	https://www.stoiximan.gr/casino/api/games/recommendations/operator
28348.168.json	https://www.stoiximan.gr/casino/live/api/games/filters
28348.112.json	https://www.stoiximan.gr/casino/freespins/userFreespins
28348.166.json	https://static.gmlinteractive.com/casinov3/a73ac460/customer-top-wins-coin-icon.DF3q-Gkf.json
28348.116.json	https://www.stoiximan.gr/casino/games/favorites
28348.252.json	https://cdn.cookielaw.org/consent/799045cc-2657-469e-9b2c-24cc08e431ae/019e4aa1-1c2d-78b9-8210-0ac0f140aa51/el.json
28348.208.json	https://www.stoiximan.gr/casino/customerpush/configuration
28348.207.json	https://www.stoiximan.gr/casino/live/api/minilobbies?type=forYou
28348.203.json	https://www.stoiximan.gr/casino/api/games/recommendations/customer
28348.206.json	https://www.stoiximan.gr/casino/games/recentlyplayed
28348.253.js	https://www.googletagmanager.com/gtag/js?id=G-NL3TXCS6S3&cx=c&gtm=4e6921
28348.167.json	https://www.stoiximan.gr/casino/live/api/games
28348.259.js	https://static.gmlinteractive.com/casinov3/a73ac460/js/chunk.1KCX7SsQ.js
28348.260.js	https://static.gmlinteractive.com/casinov3/a73ac460/js/chunk.BAlDg4cu.js
28348.261.js	https://static.gmlinteractive.com/casinov3/a73ac460/js/chunk.Ds3e56Zd.js
28348.262.js	https://static.gmlinteractive.com/casinov3/a73ac460/js/chunk.BAN_lYwN.js
28348.265.js	https://static.gmlinteractive.com/casinov3/a73ac460/js/chunk.hUHlawNE.js
28348.268.js	https://static.gmlinteractive.com/casinov3/a73ac460/js/chunk._NysdQQ4.js
28348.266.js	https://static.gmlinteractive.com/casinov3/a73ac460/js/chunk.D0ttAJ5A.js
28348.269.js	https://static.gmlinteractive.com/casinov3/a73ac460/js/chunk.CMqzxGB3.js
28348.267.js	https://static.gmlinteractive.com/casinov3/a73ac460/js/chunk.CdYBcpF9.js
28348.273.js	https://static.gmlinteractive.com/casinov3/a73ac460/js/chunk.aeSiSbh7.js
28348.274.js	https://static.gmlinteractive.com/casinov3/a73ac460/js/chunk.9CPfRbtP.js
28348.276.js	https://static.gmlinteractive.com/casinov3/a73ac460/js/chunk.CPO9fdVm.js
28348.277.js	https://static.gmlinteractive.com/casinov3/a73ac460/js/chunk.e55Onyzz.js
28348.275.js	https://static.gmlinteractive.com/casinov3/a73ac460/js/chunk.DUbwancu.js
28348.279.js	https://static.gmlinteractive.com/casinov3/a73ac460/js/chunk.ChP-xL8V.js
28348.280.js	https://static.gmlinteractive.com/casinov3/a73ac460/js/chunk.B3HZH2uO.js
28348.283.js	https://static.gmlinteractive.com/casinov3/a73ac460/js/chunk.Cbbpjap1.js
28348.256.json	https://cdn.cookielaw.org/scripttemplates/202501.2.0/assets/otFloatingRounded.json
28348.257.json	https://cdn.cookielaw.org/scripttemplates/202501.2.0/assets/v2/otPcCenter.json
28348.251.json	https://realtime-542.optimove.net/reportEvent
28348.285.js	https://static.gmlinteractive.com/casinov3/a73ac460/js/chunk.BzglmUdk.js
28348.286.js	https://static.gmlinteractive.com/casinov3/a73ac460/js/chunk.DccLapCR.js
28348.397.js	https://euob.greencolumnart.com/sxp/i/04e7029789c8d022812f712860f76e7a.js
28348.255.json	https://www.stoiximan.gr/customerhub_0/negotiate?negotiateVersion=1
28348.406.js	https://static.gmlinteractive.com/casinov3/a73ac460/js/chunk.B_JPMhhL.js
28348.407.js	https://static.gmlinteractive.com/casinov3/a73ac460/js/chunk.BlbDh5_v.js
28348.423.json	https://www.stoiximan.gr/casino/api/topwins/operator
28348.508.json	https://obseu.greencolumnart.com/ct
28348.529.json	https://www.stoiximan.gr/casino/games/launch/live/?gameId=35927
16184.2.js	https://gaming-launch-gr.betano.com/operator/1/provider/23/file/launcher.js?v=2
16184.4.js	https://static.cloudflareinsights.com/beacon.min.js/v31edd6df95cf4e85bb4c19e7a9bdbcba1788362987495
16184.8.js	https://gaming-launch-gr.betano.com/cdn-cgi/challenge-platform/h/g/scripts/jsd/330e41bb475c/main.js?
25880.134.js	https://www.frail-chance-42.net/apps/shell/static/js/104.f7bf8472.js
25880.135.js	https://www.frail-chance-42.net/apps/shell/static/js/786.74574695.js
25880.136.js	https://www.frail-chance-42.net/apps/shell/static/js/345.de409feb.js
25880.137.js	https://www.frail-chance-42.net/apps/shell/static/js/index.5afa7f63.js
25880.153.js	https://www.frail-chance-42.net/apps/shell/static/js/async/677.34320ab6.js
25880.152.json	https://www.frail-chance-42.net/apps/translations-ui/latest/en/miniplay.json
25972.456.json	https://client.pragmaticplaylive.net/apps/feature-flags/1.0.0/blackjack.manifest.json
25972.457.json	https://client.pragmaticplaylive.net/apps/feature-flags/1.0.0/promotions.manifest.json
25972.460.json	https://client.pragmaticplaylive.net/apps/theme-manager/1.0.0/themes/pp_blackjack_default/theme.json
25880.161.json	https://cdn.frail-chance-42.net/gs2c/SingleSessionAPI/ping
25880.162.json	https://cdn.frail-chance-42.net/gs2c/SingleSessionAPI/ping
18348.280.json	https://www.stoiximan.gr/casino/timelosslimits
5300.613.json	https://www.stoiximan.gr/casino/timelosslimits
25880.163.json	https://cdn.frail-chance-42.net/gs2c/SingleSessionAPI/ping
25880.164.json	https://cdn.frail-chance-42.net/gs2c/SingleSessionAPI/ping
18348.282.json	https://obseu.greencolumnart.com/mon
5300.614.json	https://www.stoiximan.gr/casino/timelosslimits
18348.283.json	https://www.stoiximan.gr/casino/timelosslimits
25880.165.json	https://cdn.frail-chance-42.net/gs2c/SingleSessionAPI/ping
25880.166.json	https://cdn.frail-chance-42.net/gs2c/SingleSessionAPI/ping
5300.615.json	https://www.stoiximan.gr/casino/timelosslimits
18348.284.json	https://www.stoiximan.gr/casino/timelosslimits
25880.167.json	https://cdn.frail-chance-42.net/gs2c/SingleSessionAPI/ping
25880.168.json	https://cdn.frail-chance-42.net/gs2c/SingleSessionAPI/ping
18348.285.json	https://www.stoiximan.gr/casino/timelosslimits
5300.616.json	https://www.stoiximan.gr/casino/timelosslimits
27764.2.json	https://translations.gmlinteractive.com/api/v1/translations/kcv/casinowebsitefrontend/el/24
27764.3.js	https://cdn.cookielaw.org/scripttemplates/otSDKStub.js
27764.10.js	https://static.cloudflareinsights.com/beacon.min.js/v31edd6df95cf4e85bb4c19e7a9bdbcba1788362987495
27764.8.js	https://copilot.gmlinteractive.com/copilot/0.9.6-5e18e9f2/main.js
27764.13.json	https://cdn.cookielaw.org/consent/799045cc-2657-469e-9b2c-24cc08e431ae/799045cc-2657-469e-9b2c-24cc08e431ae.json
27764.15.js	https://edge.fullstory.com/s/fs.js
27764.14.js	https://www.googletagmanager.com/gtm.js?id=GTM-M3QHWW9
27764.49.json	https://edge.fullstory.com/s/settings/o-1FC4W0-na1/v1/web
27764.47.js	https://copilot.gmlinteractive.com/copilot/0.9.6-5e18e9f2/swiper.CqlqoF6A.js
27764.46.js	https://copilot.gmlinteractive.com/copilot/0.9.6-5e18e9f2/vue-i18n.CKK-OYXf.js
27764.48.js	https://copilot.gmlinteractive.com/copilot/0.9.6-5e18e9f2/markdown.BMSQkwth.js
27764.44.js	https://copilot.gmlinteractive.com/copilot/0.9.6-5e18e9f2/vue.C1Ckkl3F.js
27764.45.js	https://copilot.gmlinteractive.com/copilot/0.9.6-5e18e9f2/vue3-lottie.BRAhPEvB.js
27764.43.json	https://geolocation.onetrust.com/cookieconsentpub/v1/geo/location
27764.50.js	https://cdn.cookielaw.org/scripttemplates/202501.2.0/otBannerSdk.js
27764.6.js	https://static.gmlinteractive.com/casinov3/a73ac460/js/app.DCm7PxGX.js
27764.52.json	https://cdn.cookielaw.org/consent/799045cc-2657-469e-9b2c-24cc08e431ae/019e4aa1-1c2d-78b9-8210-0ac0f140aa51/el.json
27764.51.js	https://static.gmlinteractive.com/casinov3/a73ac460/js/chunk.BwlIe5fW.js
27764.9.js	https://sdk.optimove.net/websdk/?tenant_id=542&tenant_token=72b4145aad1747ae9c09acd2bc24a50d
27764.56.js	https://static.gmlinteractive.com/casinov3/a73ac460/js/chunk.hcHMx4TS.js
27764.53.json	https://cdn.cookielaw.org/scripttemplates/202501.2.0/assets/otFloatingRounded.json
27764.54.json	https://cdn.cookielaw.org/scripttemplates/202501.2.0/assets/v2/otPcCenter.json
27764.60.js	https://static.gmlinteractive.com/casinov3/a73ac460/js/chunk.xVfC0zpC.js
27764.61.js	https://static.gmlinteractive.com/casinov3/a73ac460/js/chunk.B1WMR3hZ.js
27764.58.js	https://static.app.delivery/sdks/web/optimove-web-bundle.js
27764.65.js	https://euob.greencolumnart.com/sxp/i/04e7029789c8d022812f712860f76e7a.js
27764.68.js	https://static.gmlinteractive.com/casinov3/a73ac460/js/chunk.CoGGifHz.js
27764.71.js	https://static.gmlinteractive.com/casinov3/a73ac460/js/chunk.DKP9srV0.js
27764.70.js	https://static.gmlinteractive.com/casinov3/a73ac460/js/chunk.NALbZN9r.js
27764.69.js	https://static.gmlinteractive.com/casinov3/a73ac460/js/chunk.Dl1LrD15.js
27764.72.js	https://static.gmlinteractive.com/casinov3/a73ac460/js/chunk.lQqb9Nqs.js
27764.73.js	https://static.gmlinteractive.com/casinov3/a73ac460/js/chunk.DDRWTr_U.js
27764.78.js	https://static.gmlinteractive.com/casinov3/a73ac460/js/chunk.7GxsokpS.js
27764.81.js	https://static.gmlinteractive.com/casinov3/a73ac460/js/chunk.Dav2gfjE.js
27764.80.js	https://static.gmlinteractive.com/casinov3/a73ac460/js/chunk.VQ0IxCQh.js
27764.75.js	https://static.gmlinteractive.com/casinov3/a73ac460/js/chunk.DNmEh1iY.js
27764.77.js	https://static.gmlinteractive.com/casinov3/a73ac460/js/chunk.Dh29p7QL.js
27764.74.js	https://static.gmlinteractive.com/casinov3/a73ac460/js/chunk.U3e_6Mm5.js
27764.82.js	https://static.gmlinteractive.com/casinov3/a73ac460/js/chunk.CJSez0Ep.js
27764.76.js	https://static.gmlinteractive.com/casinov3/a73ac460/js/chunk._7e4AhZk.js
27764.83.js	https://static.gmlinteractive.com/casinov3/a73ac460/js/chunk.HiYhu1fj.js
27764.84.js	https://static.gmlinteractive.com/casinov3/a73ac460/js/chunk.DDSXmQpR.js
27764.79.js	https://static.gmlinteractive.com/casinov3/a73ac460/js/chunk.Dcj6YKnB.js
27764.85.js	https://static.gmlinteractive.com/casinov3/a73ac460/js/chunk.Be16HiJF.js
27764.86.js	https://static.gmlinteractive.com/casinov3/a73ac460/js/chunk.D-STApjy.js
27764.87.js	https://static.gmlinteractive.com/casinov3/a73ac460/js/chunk.zhp0ze8A.js
27764.89.js	https://static.gmlinteractive.com/casinov3/a73ac460/js/chunk.537i1yL4.js
27764.88.js	https://static.gmlinteractive.com/casinov3/a73ac460/js/chunk.C0_ibctr.js
27764.90.js	https://static.gmlinteractive.com/casinov3/a73ac460/js/chunk.xCpDP68M.js
27764.92.js	https://static.gmlinteractive.com/casinov3/a73ac460/js/chunk.lcGDLDNw.js
27764.91.js	https://static.gmlinteractive.com/casinov3/a73ac460/js/chunk.BmuxE7rM.js
27764.93.js	https://static.gmlinteractive.com/casinov3/a73ac460/js/chunk.D3DWUQqi.js
27764.94.js	https://static.gmlinteractive.com/casinov3/a73ac460/js/chunk.D5I8SGhl.js
27764.95.js	https://static.gmlinteractive.com/casinov3/a73ac460/js/chunk.1fjffNKj.js
27764.96.js	https://static.gmlinteractive.com/casinov3/a73ac460/js/chunk.D-t3VI6w.js
27764.97.js	https://static.gmlinteractive.com/casinov3/a73ac460/js/chunk.D3MfnKqO.js
27764.99.js	https://static.gmlinteractive.com/casinov3/a73ac460/js/chunk.Bf2NK1cE.js
27764.100.js	https://static.gmlinteractive.com/casinov3/a73ac460/js/chunk.C5a6dmbK.js
27764.102.js	https://static.gmlinteractive.com/casinov3/a73ac460/js/chunk.Ci892fHU.js
27764.103.js	https://static.gmlinteractive.com/casinov3/a73ac460/js/chunk.C7BfBz-_.js
27764.106.js	https://static.gmlinteractive.com/casinov3/a73ac460/js/chunk.CDQMZ_J2.js
27764.105.js	https://static.gmlinteractive.com/casinov3/a73ac460/js/chunk.CA0f47T3.js
27764.108.js	https://static.gmlinteractive.com/casinov3/a73ac460/js/chunk.DZ3Tix3B.js
27764.107.js	https://static.gmlinteractive.com/casinov3/a73ac460/js/chunk.BbBlzd_Q.js
27764.104.js	https://static.gmlinteractive.com/casinov3/a73ac460/js/chunk.IuL5-plG.js
27764.109.js	https://static.gmlinteractive.com/casinov3/a73ac460/js/chunk.BJUEsJRV.js
27764.110.js	https://static.gmlinteractive.com/casinov3/a73ac460/js/chunk.u4vPABi4.js
27764.111.js	https://static.gmlinteractive.com/casinov3/a73ac460/js/chunk.wL1VQXOh.js
27764.112.js	https://static.gmlinteractive.com/casinov3/a73ac460/js/chunk.0A77WSuG.js
27764.115.js	https://static.gmlinteractive.com/casinov3/a73ac460/js/chunk.aziTJOCh.js
27764.113.js	https://static.gmlinteractive.com/casinov3/a73ac460/js/chunk.cIibpqXx.js
27764.116.js	https://static.gmlinteractive.com/casinov3/a73ac460/js/chunk.C44m_qhJ.js
27764.114.js	https://static.gmlinteractive.com/casinov3/a73ac460/js/chunk.fOh4MTka.js
27764.117.js	https://static.gmlinteractive.com/casinov3/a73ac460/js/chunk.D0ho7GVx.js
27764.134.js	https://static.gmlinteractive.com/casinov3/a73ac460/js/chunk.vd-K1VZz.js
27764.136.js	https://static.gmlinteractive.com/casinov3/a73ac460/js/chunk.DMHur1nR.js
27764.135.js	https://static.gmlinteractive.com/casinov3/a73ac460/js/chunk.DtHtQSE_.js
27764.137.js	https://static.gmlinteractive.com/casinov3/a73ac460/js/chunk.nFlqTtvz.js
27764.140.js	https://static.gmlinteractive.com/casinov3/a73ac460/js/chunk.Do7CNB0a.js
27764.138.js	https://static.gmlinteractive.com/casinov3/a73ac460/js/chunk.CcDKCaiu.js
27764.141.js	https://static.gmlinteractive.com/casinov3/a73ac460/js/chunk.BC2jRhmr.js
27764.142.js	https://static.gmlinteractive.com/casinov3/a73ac460/js/chunk.BA1BNOoA.js
27764.139.js	https://static.gmlinteractive.com/casinov3/a73ac460/js/chunk.BpJOkY5U.js
27764.143.js	https://static.gmlinteractive.com/casinov3/a73ac460/js/chunk.BTFM0nDG.js
27764.144.js	https://static.gmlinteractive.com/casinov3/a73ac460/js/chunk.DYdl3_fj.js
27764.133.js	https://static.gmlinteractive.com/casinov3/a73ac460/js/chunk.i4BdLF3w.js
27764.148.js	https://static.gmlinteractive.com/casinov3/a73ac460/js/chunk.pQb1mU1s.js
27764.149.js	https://static.gmlinteractive.com/casinov3/a73ac460/js/chunk.CS5IHAwZ.js
27764.150.js	https://static.gmlinteractive.com/casinov3/a73ac460/js/chunk.CJpIeO3G.js
27764.151.js	https://static.gmlinteractive.com/casinov3/a73ac460/js/chunk.CS4hRJ20.js
27764.152.js	https://static.gmlinteractive.com/casinov3/a73ac460/js/chunk.DompZaJe.js
27764.154.js	https://static.gmlinteractive.com/casinov3/a73ac460/js/chunk.RIERv44I.js
27764.153.js	https://static.gmlinteractive.com/casinov3/a73ac460/js/chunk.0ikMNeoQ.js
27764.156.js	https://static.gmlinteractive.com/casinov3/a73ac460/js/chunk.CVp7dYsV.js
27764.158.js	https://static.gmlinteractive.com/casinov3/a73ac460/js/chunk.CJkwPm_8.js
27764.161.json	https://www.stoiximan.gr/casino/api/bonus/stories/translations
27764.160.json	https://www.stoiximan.gr/casino/api/bonus/stories?section=4
27764.175.json	https://static.gmlinteractive.com/casinov3/a73ac460/customer-top-wins-coin-icon.DF3q-Gkf.json
27764.120.json	https://www.stoiximan.gr/casino/live/topNotifications/topNotification?v=true
27764.125.json	https://www.stoiximan.gr/casino/realitycheck/customersettings
27764.132.json	https://www.stoiximan.gr/casino/customerSession/sessioninactivityconfig
27764.130.json	https://www.stoiximan.gr/casino/timelosslimits
27764.127.json	https://www.stoiximan.gr/casino/games/recentlysearched
27764.59.json	https://stream-542.optimove.net/
27764.124.json	https://www.stoiximan.gr/casino/customerSession/lastLogin
27764.215.json	https://www.stoiximan.gr/casino/games/hotcold
27764.214.json	https://www.stoiximan.gr/casino/api/games/recommendations/operator
27764.178.json	https://www.stoiximan.gr/casino/live/api/games/filters
27764.131.json	https://www.stoiximan.gr/casino/depositlimits
27764.121.json	https://www.stoiximan.gr/casino/balance/userBalance
27764.129.json	https://www.stoiximan.gr/casino/api/livefeed
27764.147.json	https://www.stoiximan.gr/casino/api/stake-offers/pending
27764.123.json	https://www.stoiximan.gr/casino/popup
27764.122.json	https://www.stoiximan.gr/casino/freespins/userFreespins
27764.176.json	https://static.gmlinteractive.com/casinov3/a73ac460/customer-top-wins-coin-icon.DF3q-Gkf.json
27764.126.json	https://www.stoiximan.gr/casino/games/favorites
27764.217.json	https://www.stoiximan.gr/casino/live/api/minilobbies?type=forYou
27764.218.json	https://www.stoiximan.gr/casino/customerpush/configuration
27764.213.json	https://www.stoiximan.gr/casino/api/games/recommendations/customer
27764.216.json	https://www.stoiximan.gr/casino/games/recentlyplayed
27764.264.js	https://www.googletagmanager.com/gtag/js?id=G-NL3TXCS6S3&cx=c&gtm=4e6921
27764.177.json	https://www.stoiximan.gr/casino/live/api/games
27764.267.js	https://static.gmlinteractive.com/casinov3/a73ac460/js/chunk.1KCX7SsQ.js
27764.268.js	https://static.gmlinteractive.com/casinov3/a73ac460/js/chunk.BAlDg4cu.js
27764.270.js	https://static.gmlinteractive.com/casinov3/a73ac460/js/chunk.BAN_lYwN.js
27764.269.js	https://static.gmlinteractive.com/casinov3/a73ac460/js/chunk.Ds3e56Zd.js
27764.273.js	https://static.gmlinteractive.com/casinov3/a73ac460/js/chunk.hUHlawNE.js
27764.275.js	https://static.gmlinteractive.com/casinov3/a73ac460/js/chunk.CdYBcpF9.js
27764.274.js	https://static.gmlinteractive.com/casinov3/a73ac460/js/chunk.D0ttAJ5A.js
27764.276.js	https://static.gmlinteractive.com/casinov3/a73ac460/js/chunk._NysdQQ4.js
27764.277.js	https://static.gmlinteractive.com/casinov3/a73ac460/js/chunk.CMqzxGB3.js
27764.281.js	https://static.gmlinteractive.com/casinov3/a73ac460/js/chunk.aeSiSbh7.js
27764.282.js	https://static.gmlinteractive.com/casinov3/a73ac460/js/chunk.9CPfRbtP.js
27764.284.js	https://static.gmlinteractive.com/casinov3/a73ac460/js/chunk.CPO9fdVm.js
27764.285.js	https://static.gmlinteractive.com/casinov3/a73ac460/js/chunk.e55Onyzz.js
27764.283.js	https://static.gmlinteractive.com/casinov3/a73ac460/js/chunk.DUbwancu.js
27764.287.js	https://static.gmlinteractive.com/casinov3/a73ac460/js/chunk.ChP-xL8V.js
27764.288.js	https://static.gmlinteractive.com/casinov3/a73ac460/js/chunk.B3HZH2uO.js
27764.291.js	https://static.gmlinteractive.com/casinov3/a73ac460/js/chunk.Cbbpjap1.js
27764.261.json	https://realtime-542.optimove.net/reportEvent
27764.293.js	https://static.gmlinteractive.com/casinov3/a73ac460/js/chunk.BzglmUdk.js
27764.266.json	https://obseu.greencolumnart.com/ct
27764.294.js	https://static.gmlinteractive.com/casinov3/a73ac460/js/chunk.DccLapCR.js
27764.410.js	https://static.gmlinteractive.com/casinov3/a73ac460/js/chunk.B_JPMhhL.js
27764.411.js	https://static.gmlinteractive.com/casinov3/a73ac460/js/chunk.BlbDh5_v.js
27764.426.json	https://www.stoiximan.gr/casino/api/topwins/operator
27764.262.json	https://www.stoiximan.gr/customerhub_0/negotiate?negotiateVersion=1
27764.529.json	https://www.stoiximan.gr/casino/games/launch/live/?gameId=35927
26208.4.js	https://static.cloudflareinsights.com/beacon.min.js/v31edd6df95cf4e85bb4c19e7a9bdbcba1788362987495
26208.2.js	https://gaming-launch-gr.betano.com/operator/1/provider/23/file/launcher.js?v=2
25880.170.js	https://www.frail-chance-42.net/apps/shell/static/js/104.f7bf8472.js
25880.171.js	https://www.frail-chance-42.net/apps/shell/static/js/786.74574695.js
25880.172.js	https://www.frail-chance-42.net/apps/shell/static/js/345.de409feb.js
25880.173.js	https://www.frail-chance-42.net/apps/shell/static/js/index.5afa7f63.js
25880.189.js	https://www.frail-chance-42.net/apps/shell/static/js/async/677.34320ab6.js
25880.188.json	https://www.frail-chance-42.net/apps/translations-ui/latest/en/miniplay.json
25880.193.json	https://cdn.frail-chance-42.net/gs2c/SingleSessionAPI/ping
25880.194.json	https://cdn.frail-chance-42.net/gs2c/SingleSessionAPI/ping
18348.286.json	https://www.stoiximan.gr/casino/timelosslimits
5300.617.json	https://www.stoiximan.gr/casino/timelosslimits
25880.195.json	https://cdn.frail-chance-42.net/gs2c/SingleSessionAPI/ping
25880.196.json	https://cdn.frail-chance-42.net/gs2c/SingleSessionAPI/ping
18348.287.json	https://www.stoiximan.gr/casino/timelosslimits
5300.618.json	https://www.stoiximan.gr/casino/timelosslimits
24988.2.json	https://translations.gmlinteractive.com/api/v1/translations/kcv/casinowebsitefrontend/el/24
24988.3.js	https://cdn.cookielaw.org/scripttemplates/otSDKStub.js
24988.10.js	https://static.cloudflareinsights.com/beacon.min.js/v31edd6df95cf4e85bb4c19e7a9bdbcba1788362987495
24988.8.js	https://copilot.gmlinteractive.com/copilot/0.9.6-5e18e9f2/main.js
24988.13.json	https://cdn.cookielaw.org/consent/799045cc-2657-469e-9b2c-24cc08e431ae/799045cc-2657-469e-9b2c-24cc08e431ae.json
24988.15.js	https://edge.fullstory.com/s/fs.js
24988.14.js	https://www.googletagmanager.com/gtm.js?id=GTM-M3QHWW9
24988.44.js	https://copilot.gmlinteractive.com/copilot/0.9.6-5e18e9f2/vue.C1Ckkl3F.js
24988.46.js	https://copilot.gmlinteractive.com/copilot/0.9.6-5e18e9f2/vue-i18n.CKK-OYXf.js
24988.47.js	https://copilot.gmlinteractive.com/copilot/0.9.6-5e18e9f2/swiper.CqlqoF6A.js
24988.48.js	https://copilot.gmlinteractive.com/copilot/0.9.6-5e18e9f2/markdown.BMSQkwth.js
24988.49.json	https://edge.fullstory.com/s/settings/o-1FC4W0-na1/v1/web
24988.45.js	https://copilot.gmlinteractive.com/copilot/0.9.6-5e18e9f2/vue3-lottie.BRAhPEvB.js
24988.43.json	https://geolocation.onetrust.com/cookieconsentpub/v1/geo/location
24988.50.js	https://cdn.cookielaw.org/scripttemplates/202501.2.0/otBannerSdk.js
24988.6.js	https://static.gmlinteractive.com/casinov3/a73ac460/js/app.DCm7PxGX.js
24988.51.js	https://static.gmlinteractive.com/casinov3/a73ac460/js/chunk.BwlIe5fW.js
24988.9.js	https://sdk.optimove.net/websdk/?tenant_id=542&tenant_token=72b4145aad1747ae9c09acd2bc24a50d
24988.52.js	https://static.gmlinteractive.com/casinov3/a73ac460/js/chunk.hcHMx4TS.js
24988.54.js	https://static.app.delivery/sdks/web/optimove-web-bundle.js
24988.56.js	https://static.gmlinteractive.com/casinov3/a73ac460/js/chunk.xVfC0zpC.js
24988.57.js	https://static.gmlinteractive.com/casinov3/a73ac460/js/chunk.B1WMR3hZ.js
24988.59.js	https://static.gmlinteractive.com/casinov3/a73ac460/js/chunk.CoGGifHz.js
24988.65.js	https://static.gmlinteractive.com/casinov3/a73ac460/js/chunk.U3e_6Mm5.js
24988.63.js	https://static.gmlinteractive.com/casinov3/a73ac460/js/chunk.lQqb9Nqs.js
24988.62.js	https://static.gmlinteractive.com/casinov3/a73ac460/js/chunk.DKP9srV0.js
24988.60.js	https://static.gmlinteractive.com/casinov3/a73ac460/js/chunk.Dl1LrD15.js
24988.61.js	https://static.gmlinteractive.com/casinov3/a73ac460/js/chunk.NALbZN9r.js
24988.69.js	https://static.gmlinteractive.com/casinov3/a73ac460/js/chunk.7GxsokpS.js
24988.71.js	https://static.gmlinteractive.com/casinov3/a73ac460/js/chunk.VQ0IxCQh.js
24988.66.js	https://static.gmlinteractive.com/casinov3/a73ac460/js/chunk.DNmEh1iY.js
24988.68.js	https://static.gmlinteractive.com/casinov3/a73ac460/js/chunk.Dh29p7QL.js
24988.72.js	https://static.gmlinteractive.com/casinov3/a73ac460/js/chunk.Dav2gfjE.js
24988.67.js	https://static.gmlinteractive.com/casinov3/a73ac460/js/chunk._7e4AhZk.js
24988.73.js	https://static.gmlinteractive.com/casinov3/a73ac460/js/chunk.CJSez0Ep.js
24988.64.js	https://static.gmlinteractive.com/casinov3/a73ac460/js/chunk.DDRWTr_U.js
24988.74.js	https://static.gmlinteractive.com/casinov3/a73ac460/js/chunk.HiYhu1fj.js
24988.75.js	https://static.gmlinteractive.com/casinov3/a73ac460/js/chunk.DDSXmQpR.js
24988.70.js	https://static.gmlinteractive.com/casinov3/a73ac460/js/chunk.Dcj6YKnB.js
24988.77.js	https://static.gmlinteractive.com/casinov3/a73ac460/js/chunk.D-STApjy.js
24988.76.js	https://static.gmlinteractive.com/casinov3/a73ac460/js/chunk.Be16HiJF.js
24988.78.js	https://static.gmlinteractive.com/casinov3/a73ac460/js/chunk.zhp0ze8A.js
24988.80.js	https://static.gmlinteractive.com/casinov3/a73ac460/js/chunk.537i1yL4.js
24988.81.js	https://static.gmlinteractive.com/casinov3/a73ac460/js/chunk.xCpDP68M.js
24988.79.js	https://static.gmlinteractive.com/casinov3/a73ac460/js/chunk.C0_ibctr.js
24988.83.js	https://static.gmlinteractive.com/casinov3/a73ac460/js/chunk.lcGDLDNw.js
24988.84.js	https://static.gmlinteractive.com/casinov3/a73ac460/js/chunk.D3DWUQqi.js
24988.82.js	https://static.gmlinteractive.com/casinov3/a73ac460/js/chunk.BmuxE7rM.js
24988.85.js	https://static.gmlinteractive.com/casinov3/a73ac460/js/chunk.D5I8SGhl.js
24988.86.js	https://static.gmlinteractive.com/casinov3/a73ac460/js/chunk.1fjffNKj.js
24988.88.js	https://static.gmlinteractive.com/casinov3/a73ac460/js/chunk.D3MfnKqO.js
24988.87.js	https://static.gmlinteractive.com/casinov3/a73ac460/js/chunk.D-t3VI6w.js
24988.91.js	https://static.gmlinteractive.com/casinov3/a73ac460/js/chunk.C5a6dmbK.js
24988.93.js	https://static.gmlinteractive.com/casinov3/a73ac460/js/chunk.Ci892fHU.js
24988.90.js	https://static.gmlinteractive.com/casinov3/a73ac460/js/chunk.Bf2NK1cE.js
24988.94.js	https://static.gmlinteractive.com/casinov3/a73ac460/js/chunk.C7BfBz-_.js
24988.95.js	https://static.gmlinteractive.com/casinov3/a73ac460/js/chunk.IuL5-plG.js
24988.96.js	https://static.gmlinteractive.com/casinov3/a73ac460/js/chunk.CA0f47T3.js
24988.97.js	https://static.gmlinteractive.com/casinov3/a73ac460/js/chunk.CDQMZ_J2.js
24988.98.js	https://static.gmlinteractive.com/casinov3/a73ac460/js/chunk.BbBlzd_Q.js
24988.99.js	https://static.gmlinteractive.com/casinov3/a73ac460/js/chunk.DZ3Tix3B.js
24988.100.js	https://static.gmlinteractive.com/casinov3/a73ac460/js/chunk.BJUEsJRV.js
24988.101.js	https://static.gmlinteractive.com/casinov3/a73ac460/js/chunk.u4vPABi4.js
24988.102.js	https://static.gmlinteractive.com/casinov3/a73ac460/js/chunk.wL1VQXOh.js
24988.103.js	https://static.gmlinteractive.com/casinov3/a73ac460/js/chunk.0A77WSuG.js
24988.106.js	https://static.gmlinteractive.com/casinov3/a73ac460/js/chunk.aziTJOCh.js
24988.107.js	https://static.gmlinteractive.com/casinov3/a73ac460/js/chunk.C44m_qhJ.js
24988.104.js	https://static.gmlinteractive.com/casinov3/a73ac460/js/chunk.cIibpqXx.js
24988.105.js	https://static.gmlinteractive.com/casinov3/a73ac460/js/chunk.fOh4MTka.js
24988.58.json	https://cdn.cookielaw.org/consent/799045cc-2657-469e-9b2c-24cc08e431ae/019e4aa1-1c2d-78b9-8210-0ac0f140aa51/el.json
24988.108.js	https://static.gmlinteractive.com/casinov3/a73ac460/js/chunk.D0ho7GVx.js
24988.126.js	https://static.gmlinteractive.com/casinov3/a73ac460/js/chunk.DtHtQSE_.js
24988.125.js	https://static.gmlinteractive.com/casinov3/a73ac460/js/chunk.vd-K1VZz.js
24988.127.js	https://static.gmlinteractive.com/casinov3/a73ac460/js/chunk.DMHur1nR.js
24988.128.js	https://static.gmlinteractive.com/casinov3/a73ac460/js/chunk.nFlqTtvz.js
24988.129.js	https://static.gmlinteractive.com/casinov3/a73ac460/js/chunk.CcDKCaiu.js
24988.131.js	https://static.gmlinteractive.com/casinov3/a73ac460/js/chunk.Do7CNB0a.js
24988.132.js	https://static.gmlinteractive.com/casinov3/a73ac460/js/chunk.BC2jRhmr.js
24988.130.js	https://static.gmlinteractive.com/casinov3/a73ac460/js/chunk.BpJOkY5U.js
24988.133.js	https://static.gmlinteractive.com/casinov3/a73ac460/js/chunk.BA1BNOoA.js
24988.134.js	https://static.gmlinteractive.com/casinov3/a73ac460/js/chunk.BTFM0nDG.js
24988.135.js	https://static.gmlinteractive.com/casinov3/a73ac460/js/chunk.DYdl3_fj.js
24988.124.js	https://static.gmlinteractive.com/casinov3/a73ac460/js/chunk.i4BdLF3w.js
24988.138.json	https://cdn.cookielaw.org/scripttemplates/202501.2.0/assets/otFloatingRounded.json
24988.139.json	https://cdn.cookielaw.org/scripttemplates/202501.2.0/assets/v2/otPcCenter.json
24988.143.js	https://static.gmlinteractive.com/casinov3/a73ac460/js/chunk.CS5IHAwZ.js
24988.145.js	https://static.gmlinteractive.com/casinov3/a73ac460/js/chunk.CS4hRJ20.js
24988.144.js	https://static.gmlinteractive.com/casinov3/a73ac460/js/chunk.CJpIeO3G.js
24988.142.js	https://static.gmlinteractive.com/casinov3/a73ac460/js/chunk.pQb1mU1s.js
24988.146.js	https://static.gmlinteractive.com/casinov3/a73ac460/js/chunk.DompZaJe.js
24988.55.json	https://stream-542.optimove.net/
24988.111.json	https://www.stoiximan.gr/casino/live/topNotifications/topNotification?v=true
24988.148.js	https://static.gmlinteractive.com/casinov3/a73ac460/js/chunk.RIERv44I.js
24988.147.js	https://static.gmlinteractive.com/casinov3/a73ac460/js/chunk.0ikMNeoQ.js
24988.116.json	https://www.stoiximan.gr/casino/realitycheck/customersettings
24988.121.json	https://www.stoiximan.gr/casino/timelosslimits
24988.115.json	https://www.stoiximan.gr/casino/customerSession/lastLogin
24988.122.json	https://www.stoiximan.gr/casino/depositlimits
24988.118.json	https://www.stoiximan.gr/casino/games/recentlysearched
24988.120.json	https://www.stoiximan.gr/casino/api/livefeed
24988.123.json	https://www.stoiximan.gr/casino/customerSession/sessioninactivityconfig
24988.150.js	https://static.gmlinteractive.com/casinov3/a73ac460/js/chunk.CVp7dYsV.js
24988.152.js	https://static.gmlinteractive.com/casinov3/a73ac460/js/chunk.CJkwPm_8.js
24988.112.json	https://www.stoiximan.gr/casino/balance/userBalance
24988.155.json	https://www.stoiximan.gr/casino/api/bonus/stories/translations
24988.141.json	https://www.stoiximan.gr/casino/api/stake-offers/pending
24988.113.json	https://www.stoiximan.gr/casino/freespins/userFreespins
24988.169.json	https://static.gmlinteractive.com/casinov3/a73ac460/customer-top-wins-coin-icon.DF3q-Gkf.json
24988.117.json	https://www.stoiximan.gr/casino/games/favorites
24988.114.json	https://www.stoiximan.gr/casino/popup
24988.208.json	https://www.stoiximan.gr/casino/api/games/recommendations/operator
24988.172.json	https://www.stoiximan.gr/casino/live/api/games/filters
24988.209.json	https://www.stoiximan.gr/casino/games/hotcold
24988.154.json	https://www.stoiximan.gr/casino/api/bonus/stories?section=4
24988.216.js	https://euob.greencolumnart.com/sxp/i/04e7029789c8d022812f712860f76e7a.js
24988.170.json	https://static.gmlinteractive.com/casinov3/a73ac460/customer-top-wins-coin-icon.DF3q-Gkf.json
24988.212.json	https://www.stoiximan.gr/casino/customerpush/configuration
24988.210.json	https://www.stoiximan.gr/casino/games/recentlyplayed
24988.211.json	https://www.stoiximan.gr/casino/live/api/minilobbies?type=forYou
24988.207.json	https://www.stoiximan.gr/casino/api/games/recommendations/customer
24988.171.json	https://www.stoiximan.gr/casino/live/api/games
24988.263.js	https://static.gmlinteractive.com/casinov3/a73ac460/js/chunk.1KCX7SsQ.js
24988.264.js	https://static.gmlinteractive.com/casinov3/a73ac460/js/chunk.BAlDg4cu.js
24988.266.js	https://static.gmlinteractive.com/casinov3/a73ac460/js/chunk.BAN_lYwN.js
24988.265.js	https://static.gmlinteractive.com/casinov3/a73ac460/js/chunk.Ds3e56Zd.js
24988.269.js	https://static.gmlinteractive.com/casinov3/a73ac460/js/chunk.hUHlawNE.js
24988.272.js	https://static.gmlinteractive.com/casinov3/a73ac460/js/chunk._NysdQQ4.js
24988.273.js	https://static.gmlinteractive.com/casinov3/a73ac460/js/chunk.CMqzxGB3.js
24988.270.js	https://static.gmlinteractive.com/casinov3/a73ac460/js/chunk.D0ttAJ5A.js
24988.271.js	https://static.gmlinteractive.com/casinov3/a73ac460/js/chunk.CdYBcpF9.js
24988.277.js	https://static.gmlinteractive.com/casinov3/a73ac460/js/chunk.aeSiSbh7.js
24988.278.js	https://static.gmlinteractive.com/casinov3/a73ac460/js/chunk.9CPfRbtP.js
24988.280.js	https://static.gmlinteractive.com/casinov3/a73ac460/js/chunk.CPO9fdVm.js
24988.281.js	https://static.gmlinteractive.com/casinov3/a73ac460/js/chunk.e55Onyzz.js
24988.279.js	https://static.gmlinteractive.com/casinov3/a73ac460/js/chunk.DUbwancu.js
24988.283.js	https://static.gmlinteractive.com/casinov3/a73ac460/js/chunk.ChP-xL8V.js
24988.284.js	https://static.gmlinteractive.com/casinov3/a73ac460/js/chunk.B3HZH2uO.js
24988.287.js	https://static.gmlinteractive.com/casinov3/a73ac460/js/chunk.Cbbpjap1.js
24988.289.js	https://static.gmlinteractive.com/casinov3/a73ac460/js/chunk.BzglmUdk.js
24988.290.js	https://static.gmlinteractive.com/casinov3/a73ac460/js/chunk.DccLapCR.js
24988.262.json	https://www.stoiximan.gr/customerhub_0/negotiate?negotiateVersion=1
24988.261.json	https://realtime-542.optimove.net/reportEvent
24988.405.js	https://static.gmlinteractive.com/casinov3/a73ac460/js/chunk.B_JPMhhL.js
24988.406.js	https://static.gmlinteractive.com/casinov3/a73ac460/js/chunk.BlbDh5_v.js
24988.421.json	https://www.stoiximan.gr/casino/api/topwins/operator
24988.526.js	https://www.googletagmanager.com/gtag/js?id=G-NL3TXCS6S3&cx=c&gtm=4e6921
24988.507.json	https://obseu.greencolumnart.com/ct
24988.529.json	https://www.stoiximan.gr/casino/games/launch/live/?gameId=35927
31876.4.js	https://static.cloudflareinsights.com/beacon.min.js/v31edd6df95cf4e85bb4c19e7a9bdbcba1788362987495
31876.2.js	https://gaming-launch-gr.betano.com/operator/1/provider/23/file/launcher.js?v=2
25880.198.js	https://www.frail-chance-42.net/apps/shell/static/js/104.f7bf8472.js
25880.199.js	https://www.frail-chance-42.net/apps/shell/static/js/786.74574695.js
25880.200.js	https://www.frail-chance-42.net/apps/shell/static/js/345.de409feb.js
25880.201.js	https://www.frail-chance-42.net/apps/shell/static/js/index.5afa7f63.js
25880.216.json	https://www.frail-chance-42.net/apps/translations-ui/latest/en/miniplay.json
25880.217.js	https://www.frail-chance-42.net/apps/shell/static/js/async/677.34320ab6.js
25972.503.json	https://client.pragmaticplaylive.net/apps/theme-manager/1.0.0/themes/pp_blackjack_default/theme.json
25972.500.json	https://client.pragmaticplaylive.net/apps/feature-flags/1.0.0/blackjack.manifest.json
25972.501.json	https://client.pragmaticplaylive.net/apps/feature-flags/1.0.0/promotions.manifest.json
25972.506.js	https://client.pragmaticplaylive.net/apps/blackjack/3.2.83/release.js
25972.509.js	https://client.pragmaticplaylive.net/apps/video/2.1.2/index.js
25972.543.js	https://client.pragmaticplaylive.net/apps/video/2.1.2/constants-CQe0O6qb.js
25880.225.json	https://cdn.frail-chance-42.net/gs2c/SingleSessionAPI/ping
18348.288.json	https://www.stoiximan.gr/casino/timelosslimits
5300.619.json	https://www.stoiximan.gr/casino/timelosslimits
25880.226.json	https://cdn.frail-chance-42.net/gs2c/SingleSessionAPI/ping
5300.620.json	https://www.stoiximan.gr/casino/depositlimits
25880.227.json	https://cdn.frail-chance-42.net/gs2c/SingleSessionAPI/ping
18348.289.json	https://www.stoiximan.gr/casino/timelosslimits
5300.621.json	https://www.stoiximan.gr/casino/timelosslimits
25880.228.json	https://cdn.frail-chance-42.net/gs2c/SingleSessionAPI/ping
25880.229.json	https://cdn.frail-chance-42.net/gs2c/SingleSessionAPI/ping
5300.622.json	https://www.stoiximan.gr/casino/timelosslimits
18348.290.json	https://www.stoiximan.gr/casino/timelosslimits
25880.230.json	https://cdn.frail-chance-42.net/gs2c/SingleSessionAPI/ping
25880.231.json	https://cdn.frail-chance-42.net/gs2c/SingleSessionAPI/ping
5300.623.json	https://www.stoiximan.gr/casino/timelosslimits
18348.291.json	https://www.stoiximan.gr/casino/timelosslimits
25880.232.json	https://cdn.frail-chance-42.net/gs2c/SingleSessionAPI/ping
25880.233.json	https://cdn.frail-chance-42.net/gs2c/SingleSessionAPI/ping
18348.292.json	https://www.stoiximan.gr/casino/timelosslimits
5300.624.json	https://www.stoiximan.gr/casino/timelosslimits
25880.234.json	https://cdn.frail-chance-42.net/gs2c/SingleSessionAPI/ping
25880.235.json	https://cdn.frail-chance-42.net/gs2c/SingleSessionAPI/ping
5300.625.json	https://www.stoiximan.gr/casino/timelosslimits
18348.293.json	https://www.stoiximan.gr/casino/timelosslimits
25880.236.json	https://cdn.frail-chance-42.net/gs2c/SingleSessionAPI/ping
25880.237.json	https://cdn.frail-chance-42.net/gs2c/SingleSessionAPI/ping
5300.626.json	https://www.stoiximan.gr/casino/timelosslimits
18348.294.json	https://www.stoiximan.gr/casino/timelosslimits
25880.238.json	https://cdn.frail-chance-42.net/gs2c/SingleSessionAPI/ping
25880.239.json	https://cdn.frail-chance-42.net/gs2c/SingleSessionAPI/ping
18348.295.json	https://www.stoiximan.gr/casino/timelosslimits
5300.627.json	https://www.stoiximan.gr/casino/timelosslimits
25880.240.json	https://cdn.frail-chance-42.net/gs2c/SingleSessionAPI/ping
31980.2.json	https://translations.gmlinteractive.com/api/v1/translations/kcv/casinowebsitefrontend/el/24
31980.3.js	https://cdn.cookielaw.org/scripttemplates/otSDKStub.js
31980.10.js	https://static.cloudflareinsights.com/beacon.min.js/v31edd6df95cf4e85bb4c19e7a9bdbcba1788362987495
31980.8.js	https://copilot.gmlinteractive.com/copilot/0.9.6-5e18e9f2/main.js
31980.13.json	https://cdn.cookielaw.org/consent/799045cc-2657-469e-9b2c-24cc08e431ae/799045cc-2657-469e-9b2c-24cc08e431ae.json
31980.46.js	https://copilot.gmlinteractive.com/copilot/0.9.6-5e18e9f2/vue-i18n.CKK-OYXf.js
31980.47.js	https://copilot.gmlinteractive.com/copilot/0.9.6-5e18e9f2/swiper.CqlqoF6A.js
31980.48.js	https://copilot.gmlinteractive.com/copilot/0.9.6-5e18e9f2/markdown.BMSQkwth.js
31980.44.js	https://copilot.gmlinteractive.com/copilot/0.9.6-5e18e9f2/vue.C1Ckkl3F.js
31980.45.js	https://copilot.gmlinteractive.com/copilot/0.9.6-5e18e9f2/vue3-lottie.BRAhPEvB.js
31980.43.json	https://geolocation.onetrust.com/cookieconsentpub/v1/geo/location
31980.6.js	https://static.gmlinteractive.com/casinov3/a73ac460/js/app.DCm7PxGX.js
31980.49.js	https://cdn.cookielaw.org/scripttemplates/202501.2.0/otBannerSdk.js
31980.51.json	https://cdn.cookielaw.org/consent/799045cc-2657-469e-9b2c-24cc08e431ae/019e4aa1-1c2d-78b9-8210-0ac0f140aa51/el.json
31980.50.js	https://static.gmlinteractive.com/casinov3/a73ac460/js/chunk.BwlIe5fW.js
31980.15.js	https://edge.fullstory.com/s/fs.js
31980.9.js	https://sdk.optimove.net/websdk/?tenant_id=542&tenant_token=72b4145aad1747ae9c09acd2bc24a50d
31980.14.js	https://www.googletagmanager.com/gtm.js?id=GTM-M3QHWW9
31980.55.js	https://static.gmlinteractive.com/casinov3/a73ac460/js/chunk.hcHMx4TS.js
31980.52.json	https://cdn.cookielaw.org/scripttemplates/202501.2.0/assets/otFloatingRounded.json
31980.53.json	https://cdn.cookielaw.org/scripttemplates/202501.2.0/assets/v2/otPcCenter.json
31980.60.js	https://static.gmlinteractive.com/casinov3/a73ac460/js/chunk.xVfC0zpC.js
31980.61.js	https://static.gmlinteractive.com/casinov3/a73ac460/js/chunk.B1WMR3hZ.js
31980.59.js	https://www.stoiximan.gr/cdn-cgi/challenge-platform/h/g/scripts/jsd/330e41bb475c/main.js?
31980.57.js	https://static.app.delivery/sdks/web/optimove-web-bundle.js
31980.69.js	https://static.gmlinteractive.com/casinov3/a73ac460/js/chunk.CoGGifHz.js
31980.71.js	https://static.gmlinteractive.com/casinov3/a73ac460/js/chunk.NALbZN9r.js
31980.72.js	https://static.gmlinteractive.com/casinov3/a73ac460/js/chunk.DKP9srV0.js
31980.73.js	https://static.gmlinteractive.com/casinov3/a73ac460/js/chunk.lQqb9Nqs.js
31980.75.js	https://static.gmlinteractive.com/casinov3/a73ac460/js/chunk.U3e_6Mm5.js
31980.85.js	https://static.gmlinteractive.com/casinov3/a73ac460/js/chunk.DDSXmQpR.js
31980.77.js	https://static.gmlinteractive.com/casinov3/a73ac460/js/chunk._7e4AhZk.js
31980.82.js	https://static.gmlinteractive.com/casinov3/a73ac460/js/chunk.Dav2gfjE.js
31980.79.js	https://static.gmlinteractive.com/casinov3/a73ac460/js/chunk.7GxsokpS.js
31980.81.js	https://static.gmlinteractive.com/casinov3/a73ac460/js/chunk.VQ0IxCQh.js
31980.76.js	https://static.gmlinteractive.com/casinov3/a73ac460/js/chunk.DNmEh1iY.js
31980.78.js	https://static.gmlinteractive.com/casinov3/a73ac460/js/chunk.Dh29p7QL.js
31980.80.js	https://static.gmlinteractive.com/casinov3/a73ac460/js/chunk.Dcj6YKnB.js
31980.70.js	https://static.gmlinteractive.com/casinov3/a73ac460/js/chunk.Dl1LrD15.js
31980.74.js	https://static.gmlinteractive.com/casinov3/a73ac460/js/chunk.DDRWTr_U.js
31980.84.js	https://static.gmlinteractive.com/casinov3/a73ac460/js/chunk.HiYhu1fj.js
31980.86.js	https://static.gmlinteractive.com/casinov3/a73ac460/js/chunk.Be16HiJF.js
31980.83.js	https://static.gmlinteractive.com/casinov3/a73ac460/js/chunk.CJSez0Ep.js
31980.88.js	https://static.gmlinteractive.com/casinov3/a73ac460/js/chunk.zhp0ze8A.js
31980.87.js	https://static.gmlinteractive.com/casinov3/a73ac460/js/chunk.D-STApjy.js
31980.90.js	https://static.gmlinteractive.com/casinov3/a73ac460/js/chunk.537i1yL4.js
31980.91.js	https://static.gmlinteractive.com/casinov3/a73ac460/js/chunk.xCpDP68M.js
31980.89.js	https://static.gmlinteractive.com/casinov3/a73ac460/js/chunk.C0_ibctr.js
31980.92.js	https://static.gmlinteractive.com/casinov3/a73ac460/js/chunk.BmuxE7rM.js
31980.93.js	https://static.gmlinteractive.com/casinov3/a73ac460/js/chunk.lcGDLDNw.js
31980.94.js	https://static.gmlinteractive.com/casinov3/a73ac460/js/chunk.D3DWUQqi.js
31980.95.js	https://static.gmlinteractive.com/casinov3/a73ac460/js/chunk.D5I8SGhl.js
31980.96.js	https://static.gmlinteractive.com/casinov3/a73ac460/js/chunk.1fjffNKj.js
31980.98.js	https://static.gmlinteractive.com/casinov3/a73ac460/js/chunk.D3MfnKqO.js
31980.97.js	https://static.gmlinteractive.com/casinov3/a73ac460/js/chunk.D-t3VI6w.js
31980.101.js	https://static.gmlinteractive.com/casinov3/a73ac460/js/chunk.C5a6dmbK.js
31980.100.js	https://static.gmlinteractive.com/casinov3/a73ac460/js/chunk.Bf2NK1cE.js
31980.103.js	https://static.gmlinteractive.com/casinov3/a73ac460/js/chunk.Ci892fHU.js
31980.104.js	https://static.gmlinteractive.com/casinov3/a73ac460/js/chunk.C7BfBz-_.js
31980.106.js	https://static.gmlinteractive.com/casinov3/a73ac460/js/chunk.CA0f47T3.js
31980.107.js	https://static.gmlinteractive.com/casinov3/a73ac460/js/chunk.CDQMZ_J2.js
31980.108.js	https://static.gmlinteractive.com/casinov3/a73ac460/js/chunk.BbBlzd_Q.js
31980.109.js	https://static.gmlinteractive.com/casinov3/a73ac460/js/chunk.DZ3Tix3B.js
31980.105.js	https://static.gmlinteractive.com/casinov3/a73ac460/js/chunk.IuL5-plG.js
31980.110.js	https://static.gmlinteractive.com/casinov3/a73ac460/js/chunk.BJUEsJRV.js
31980.111.js	https://static.gmlinteractive.com/casinov3/a73ac460/js/chunk.u4vPABi4.js
31980.112.js	https://static.gmlinteractive.com/casinov3/a73ac460/js/chunk.wL1VQXOh.js
31980.113.js	https://static.gmlinteractive.com/casinov3/a73ac460/js/chunk.0A77WSuG.js
31980.116.js	https://static.gmlinteractive.com/casinov3/a73ac460/js/chunk.aziTJOCh.js
31980.117.js	https://static.gmlinteractive.com/casinov3/a73ac460/js/chunk.C44m_qhJ.js
31980.114.js	https://static.gmlinteractive.com/casinov3/a73ac460/js/chunk.cIibpqXx.js
31980.115.js	https://static.gmlinteractive.com/casinov3/a73ac460/js/chunk.fOh4MTka.js
31980.118.js	https://static.gmlinteractive.com/casinov3/a73ac460/js/chunk.D0ho7GVx.js
31980.136.js	https://static.gmlinteractive.com/casinov3/a73ac460/js/chunk.DtHtQSE_.js
31980.68.js	https://www.stoiximan.gr/cdn-cgi/challenge-platform/h/g/scripts/jsd/330e41bb475c/main.js?
31980.135.js	https://static.gmlinteractive.com/casinov3/a73ac460/js/chunk.vd-K1VZz.js
31980.137.js	https://static.gmlinteractive.com/casinov3/a73ac460/js/chunk.DMHur1nR.js
31980.139.js	https://static.gmlinteractive.com/casinov3/a73ac460/js/chunk.CcDKCaiu.js
31980.138.js	https://static.gmlinteractive.com/casinov3/a73ac460/js/chunk.nFlqTtvz.js
31980.141.js	https://static.gmlinteractive.com/casinov3/a73ac460/js/chunk.Do7CNB0a.js
31980.140.js	https://static.gmlinteractive.com/casinov3/a73ac460/js/chunk.BpJOkY5U.js
31980.142.js	https://static.gmlinteractive.com/casinov3/a73ac460/js/chunk.BC2jRhmr.js
31980.144.js	https://static.gmlinteractive.com/casinov3/a73ac460/js/chunk.BTFM0nDG.js
31980.143.js	https://static.gmlinteractive.com/casinov3/a73ac460/js/chunk.BA1BNOoA.js
31980.145.js	https://static.gmlinteractive.com/casinov3/a73ac460/js/chunk.DYdl3_fj.js
31980.134.js	https://static.gmlinteractive.com/casinov3/a73ac460/js/chunk.i4BdLF3w.js
31980.58.json	https://stream-542.optimove.net/
31980.151.js	https://static.gmlinteractive.com/casinov3/a73ac460/js/chunk.CS5IHAwZ.js
31980.153.js	https://static.gmlinteractive.com/casinov3/a73ac460/js/chunk.CS4hRJ20.js
31980.152.js	https://static.gmlinteractive.com/casinov3/a73ac460/js/chunk.CJpIeO3G.js
31980.150.js	https://static.gmlinteractive.com/casinov3/a73ac460/js/chunk.pQb1mU1s.js
31980.154.js	https://static.gmlinteractive.com/casinov3/a73ac460/js/chunk.DompZaJe.js
31980.155.js	https://static.gmlinteractive.com/casinov3/a73ac460/js/chunk.0ikMNeoQ.js
31980.156.js	https://static.gmlinteractive.com/casinov3/a73ac460/js/chunk.RIERv44I.js
31980.158.js	https://static.gmlinteractive.com/casinov3/a73ac460/js/chunk.CVp7dYsV.js
31980.160.js	https://static.gmlinteractive.com/casinov3/a73ac460/js/chunk.CJkwPm_8.js
31980.163.json	https://www.stoiximan.gr/casino/api/bonus/stories/translations
31980.121.json	https://www.stoiximan.gr/casino/live/topNotifications/topNotification?v=true
31980.125.json	https://www.stoiximan.gr/casino/customerSession/lastLogin
31980.126.json	https://www.stoiximan.gr/casino/realitycheck/customersettings
31980.177.json	https://static.gmlinteractive.com/casinov3/a73ac460/customer-top-wins-coin-icon.DF3q-Gkf.json
31980.131.json	https://www.stoiximan.gr/casino/timelosslimits
31980.133.json	https://www.stoiximan.gr/casino/customerSession/sessioninactivityconfig
31980.132.json	https://www.stoiximan.gr/casino/depositlimits
31980.128.json	https://www.stoiximan.gr/casino/games/recentlysearched
31980.130.json	https://www.stoiximan.gr/casino/api/livefeed
31980.122.json	https://www.stoiximan.gr/casino/balance/userBalance
31980.148.json	https://www.stoiximan.gr/casino/api/stake-offers/pending
31980.124.json	https://www.stoiximan.gr/casino/popup
31980.180.json	https://www.stoiximan.gr/casino/live/api/games/filters
31980.217.json	https://www.stoiximan.gr/casino/games/hotcold
31980.216.json	https://www.stoiximan.gr/casino/api/games/recommendations/operator
31980.123.json	https://www.stoiximan.gr/casino/freespins/userFreespins
31980.178.json	https://static.gmlinteractive.com/casinov3/a73ac460/customer-top-wins-coin-icon.DF3q-Gkf.json
31980.127.json	https://www.stoiximan.gr/casino/games/favorites
31980.149.json	https://realtime-542.optimove.net/reportEvent
31980.220.json	https://www.stoiximan.gr/casino/customerpush/configuration
31980.162.json	https://www.stoiximan.gr/casino/api/bonus/stories?section=4
31980.222.js	https://euob.greencolumnart.com/sxp/i/04e7029789c8d022812f712860f76e7a.js
31980.215.json	https://www.stoiximan.gr/casino/api/games/recommendations/customer
31980.219.json	https://www.stoiximan.gr/casino/live/api/minilobbies?type=forYou
31980.218.json	https://www.stoiximan.gr/casino/games/recentlyplayed
31980.179.json	https://www.stoiximan.gr/casino/live/api/games
31980.221.json	https://edge.fullstory.com/s/settings/o-1FC4W0-na1/v1/web
31980.245.js	https://static.gmlinteractive.com/casinov3/a73ac460/js/chunk.1KCX7SsQ.js
31980.246.js	https://static.gmlinteractive.com/casinov3/a73ac460/js/chunk.BAlDg4cu.js
31980.247.js	https://static.gmlinteractive.com/casinov3/a73ac460/js/chunk.Ds3e56Zd.js
31980.248.js	https://static.gmlinteractive.com/casinov3/a73ac460/js/chunk.BAN_lYwN.js
31980.251.js	https://static.gmlinteractive.com/casinov3/a73ac460/js/chunk.hUHlawNE.js
31980.254.js	https://static.gmlinteractive.com/casinov3/a73ac460/js/chunk._NysdQQ4.js
31980.253.js	https://static.gmlinteractive.com/casinov3/a73ac460/js/chunk.CdYBcpF9.js
31980.255.js	https://static.gmlinteractive.com/casinov3/a73ac460/js/chunk.CMqzxGB3.js
31980.252.js	https://static.gmlinteractive.com/casinov3/a73ac460/js/chunk.D0ttAJ5A.js
31980.259.js	https://static.gmlinteractive.com/casinov3/a73ac460/js/chunk.aeSiSbh7.js
31980.260.js	https://static.gmlinteractive.com/casinov3/a73ac460/js/chunk.9CPfRbtP.js
31980.262.js	https://static.gmlinteractive.com/casinov3/a73ac460/js/chunk.CPO9fdVm.js
31980.263.js	https://static.gmlinteractive.com/casinov3/a73ac460/js/chunk.e55Onyzz.js
31980.261.js	https://static.gmlinteractive.com/casinov3/a73ac460/js/chunk.DUbwancu.js
31980.265.js	https://static.gmlinteractive.com/casinov3/a73ac460/js/chunk.ChP-xL8V.js
31980.266.js	https://static.gmlinteractive.com/casinov3/a73ac460/js/chunk.B3HZH2uO.js
31980.269.js	https://static.gmlinteractive.com/casinov3/a73ac460/js/chunk.Cbbpjap1.js
31980.292.js	https://static.gmlinteractive.com/casinov3/a73ac460/js/chunk.BzglmUdk.js
31980.293.js	https://static.gmlinteractive.com/casinov3/a73ac460/js/chunk.DccLapCR.js
31980.223.json	https://www.stoiximan.gr/customerhub_0/negotiate?negotiateVersion=1
31980.407.js	https://static.gmlinteractive.com/casinov3/a73ac460/js/chunk.B_JPMhhL.js
31980.408.js	https://static.gmlinteractive.com/casinov3/a73ac460/js/chunk.BlbDh5_v.js
31980.423.json	https://www.stoiximan.gr/casino/api/topwins/operator
31980.528.json	https://obseu.greencolumnart.com/ct
31980.530.js	https://www.googletagmanager.com/gtag/js?id=G-NL3TXCS6S3&cx=c&gtm=4e6921
31980.448.json	https://www.stoiximan.gr/casino/games/launch/live/?gameId=35927
31480.4.js	https://static.cloudflareinsights.com/beacon.min.js/v31edd6df95cf4e85bb4c19e7a9bdbcba1788362987495
31480.2.js	https://gaming-launch-gr.betano.com/operator/1/provider/23/file/launcher.js?v=2
31480.8.js	https://gaming-launch-gr.betano.com/cdn-cgi/challenge-platform/h/g/scripts/jsd/330e41bb475c/main.js?
31480.10.js	https://gaming-launch-gr.betano.com/cdn-cgi/challenge-platform/h/g/scripts/jsd/330e41bb475c/main.js?
25880.242.js	https://www.frail-chance-42.net/apps/shell/static/js/104.f7bf8472.js
25880.243.js	https://www.frail-chance-42.net/apps/shell/static/js/786.74574695.js
25880.244.js	https://www.frail-chance-42.net/apps/shell/static/js/345.de409feb.js
25880.245.js	https://www.frail-chance-42.net/apps/shell/static/js/index.5afa7f63.js
25880.258.js	https://www.frail-chance-42.net/apps/shell/static/js/async/677.34320ab6.js
25880.257.json	https://www.frail-chance-42.net/apps/translations-ui/latest/en/miniplay.json
25880.265.json	https://cdn.frail-chance-42.net/gs2c/SingleSessionAPI/ping
5300.628.json	https://www.stoiximan.gr/casino/timelosslimits
18348.296.json	https://www.stoiximan.gr/casino/timelosslimits
25880.266.json	https://cdn.frail-chance-42.net/gs2c/SingleSessionAPI/ping
25880.267.json	https://cdn.frail-chance-42.net/gs2c/SingleSessionAPI/ping
5300.629.json	https://www.stoiximan.gr/casino/timelosslimits
18348.297.json	https://www.stoiximan.gr/casino/timelosslimits
25880.268.json	https://cdn.frail-chance-42.net/gs2c/SingleSessionAPI/ping
25880.269.json	https://cdn.frail-chance-42.net/gs2c/SingleSessionAPI/ping
18348.298.json	https://www.stoiximan.gr/casino/timelosslimits
5300.630.json	https://www.stoiximan.gr/casino/timelosslimits
25880.270.json	https://cdn.frail-chance-42.net/gs2c/SingleSessionAPI/ping
25880.271.json	https://cdn.frail-chance-42.net/gs2c/SingleSessionAPI/ping
5300.631.json	https://www.stoiximan.gr/casino/timelosslimits
18348.299.json	https://www.stoiximan.gr/casino/timelosslimits
25880.272.json	https://cdn.frail-chance-42.net/gs2c/SingleSessionAPI/ping
25880.273.json	https://cdn.frail-chance-42.net/gs2c/SingleSessionAPI/ping
5300.632.json	https://www.stoiximan.gr/casino/timelosslimits
18348.300.json	https://www.stoiximan.gr/casino/timelosslimits
25880.274.json	https://cdn.frail-chance-42.net/gs2c/SingleSessionAPI/ping
25880.275.json	https://cdn.frail-chance-42.net/gs2c/SingleSessionAPI/ping
5300.633.json	https://www.stoiximan.gr/casino/timelosslimits
18348.301.json	https://www.stoiximan.gr/casino/timelosslimits
25880.276.json	https://cdn.frail-chance-42.net/gs2c/SingleSessionAPI/ping
25880.277.json	https://cdn.frail-chance-42.net/gs2c/SingleSessionAPI/ping
5300.634.json	https://www.stoiximan.gr/casino/timelosslimits
18348.302.json	https://www.stoiximan.gr/casino/timelosslimits
18348.303.json	https://www.stoiximan.gr/casino/depositlimits
25880.278.json	https://cdn.frail-chance-42.net/gs2c/SingleSessionAPI/ping
25880.279.json	https://cdn.frail-chance-42.net/gs2c/SingleSessionAPI/ping
18348.304.json	https://www.stoiximan.gr/casino/timelosslimits
5300.635.json	https://www.stoiximan.gr/casino/timelosslimits
25880.280.json	https://cdn.frail-chance-42.net/gs2c/SingleSessionAPI/ping
25880.281.json	https://cdn.frail-chance-42.net/gs2c/SingleSessionAPI/ping
5300.636.json	https://www.stoiximan.gr/casino/timelosslimits
18348.305.json	https://www.stoiximan.gr/casino/timelosslimits
25880.282.json	https://cdn.frail-chance-42.net/gs2c/SingleSessionAPI/ping
18348.306.json	https://www.stoiximan.gr/casino/timelosslimits
5300.637.json	https://www.stoiximan.gr/casino/timelosslimits
25880.283.json	https://cdn.frail-chance-42.net/gs2c/SingleSessionAPI/ping
25880.284.json	https://cdn.frail-chance-42.net/gs2c/SingleSessionAPI/ping
18348.307.json	https://www.stoiximan.gr/casino/timelosslimits
5300.638.json	https://www.stoiximan.gr/casino/timelosslimits
25880.285.json	https://cdn.frail-chance-42.net/gs2c/SingleSessionAPI/ping
25880.286.json	https://cdn.frail-chance-42.net/gs2c/SingleSessionAPI/ping
18348.308.json	https://www.stoiximan.gr/casino/timelosslimits
5300.639.json	https://www.stoiximan.gr/casino/timelosslimits
25880.287.json	https://cdn.frail-chance-42.net/gs2c/SingleSessionAPI/ping
25880.288.json	https://cdn.frail-chance-42.net/gs2c/SingleSessionAPI/ping
5300.640.json	https://www.stoiximan.gr/casino/timelosslimits
18348.309.json	https://www.stoiximan.gr/casino/timelosslimits
25880.289.json	https://cdn.frail-chance-42.net/gs2c/SingleSessionAPI/ping
25880.290.json	https://cdn.frail-chance-42.net/gs2c/SingleSessionAPI/ping
18348.310.json	https://www.stoiximan.gr/casino/timelosslimits
5300.641.json	https://www.stoiximan.gr/casino/timelosslimits
25880.291.json	https://cdn.frail-chance-42.net/gs2c/SingleSessionAPI/ping
25880.292.json	https://cdn.frail-chance-42.net/gs2c/SingleSessionAPI/ping
18348.311.json	https://www.stoiximan.gr/casino/timelosslimits
5300.642.json	https://www.stoiximan.gr/casino/timelosslimits
25880.293.json	https://cdn.frail-chance-42.net/gs2c/SingleSessionAPI/ping
25880.294.json	https://cdn.frail-chance-42.net/gs2c/SingleSessionAPI/ping
5300.643.json	https://www.stoiximan.gr/casino/timelosslimits
18348.312.json	https://www.stoiximan.gr/casino/timelosslimits
25880.295.json	https://cdn.frail-chance-42.net/gs2c/SingleSessionAPI/ping
25880.296.json	https://cdn.frail-chance-42.net/gs2c/SingleSessionAPI/ping
5300.644.json	https://www.stoiximan.gr/casino/timelosslimits
18348.313.json	https://www.stoiximan.gr/casino/timelosslimits
25880.297.json	https://cdn.frail-chance-42.net/gs2c/SingleSessionAPI/ping
25880.298.json	https://cdn.frail-chance-42.net/gs2c/SingleSessionAPI/ping
18348.314.json	https://www.stoiximan.gr/casino/timelosslimits
5300.645.json	https://www.stoiximan.gr/casino/timelosslimits
25880.299.json	https://cdn.frail-chance-42.net/gs2c/SingleSessionAPI/ping
25880.300.json	https://cdn.frail-chance-42.net/gs2c/SingleSessionAPI/ping
18348.315.json	https://www.stoiximan.gr/casino/timelosslimits
5300.646.json	https://www.stoiximan.gr/casino/timelosslimits
25880.301.json	https://cdn.frail-chance-42.net/gs2c/SingleSessionAPI/ping
25880.302.json	https://cdn.frail-chance-42.net/gs2c/SingleSessionAPI/ping
5300.647.json	https://www.stoiximan.gr/casino/timelosslimits
18348.316.json	https://www.stoiximan.gr/casino/timelosslimits
25880.303.json	https://cdn.frail-chance-42.net/gs2c/SingleSessionAPI/ping
25880.304.json	https://cdn.frail-chance-42.net/gs2c/SingleSessionAPI/ping
18348.317.json	https://www.stoiximan.gr/casino/timelosslimits
5300.648.json	https://www.stoiximan.gr/casino/timelosslimits
25880.305.json	https://cdn.frail-chance-42.net/gs2c/SingleSessionAPI/ping
25880.306.json	https://cdn.frail-chance-42.net/gs2c/SingleSessionAPI/ping
5300.649.json	https://www.stoiximan.gr/casino/timelosslimits
18348.318.json	https://www.stoiximan.gr/casino/timelosslimits
25880.307.json	https://cdn.frail-chance-42.net/gs2c/SingleSessionAPI/ping
25880.308.json	https://cdn.frail-chance-42.net/gs2c/SingleSessionAPI/ping
18348.319.json	https://www.stoiximan.gr/casino/timelosslimits
5300.650.json	https://www.stoiximan.gr/casino/timelosslimits
25880.309.json	https://cdn.frail-chance-42.net/gs2c/SingleSessionAPI/ping
25880.310.json	https://cdn.frail-chance-42.net/gs2c/SingleSessionAPI/ping
18348.320.json	https://www.stoiximan.gr/casino/timelosslimits
5300.651.json	https://www.stoiximan.gr/casino/timelosslimits
25880.311.json	https://cdn.frail-chance-42.net/gs2c/SingleSessionAPI/ping
25880.312.json	https://cdn.frail-chance-42.net/gs2c/SingleSessionAPI/ping
18348.321.json	https://www.stoiximan.gr/casino/timelosslimits
5300.652.json	https://www.stoiximan.gr/casino/timelosslimits
25880.313.json	https://cdn.frail-chance-42.net/gs2c/SingleSessionAPI/ping
25880.314.json	https://cdn.frail-chance-42.net/gs2c/SingleSessionAPI/ping
18348.322.json	https://www.stoiximan.gr/casino/timelosslimits
5300.653.json	https://www.stoiximan.gr/casino/timelosslimits
25880.315.json	https://cdn.frail-chance-42.net/gs2c/SingleSessionAPI/ping
25880.316.json	https://cdn.frail-chance-42.net/gs2c/SingleSessionAPI/ping
5300.654.json	https://www.stoiximan.gr/casino/timelosslimits
18348.323.json	https://www.stoiximan.gr/casino/timelosslimits
25880.317.json	https://cdn.frail-chance-42.net/gs2c/SingleSessionAPI/ping
25880.318.json	https://cdn.frail-chance-42.net/gs2c/SingleSessionAPI/ping
5300.655.json	https://www.stoiximan.gr/casino/timelosslimits
18348.324.json	https://www.stoiximan.gr/casino/timelosslimits
25880.319.json	https://cdn.frail-chance-42.net/gs2c/SingleSessionAPI/ping
25880.320.json	https://cdn.frail-chance-42.net/gs2c/SingleSessionAPI/ping
5300.656.json	https://www.stoiximan.gr/casino/timelosslimits
18348.325.json	https://www.stoiximan.gr/casino/timelosslimits
25880.321.json	https://cdn.frail-chance-42.net/gs2c/SingleSessionAPI/ping
25880.322.json	https://cdn.frail-chance-42.net/gs2c/SingleSessionAPI/ping
18348.326.json	https://www.stoiximan.gr/casino/timelosslimits
5300.657.json	https://www.stoiximan.gr/casino/timelosslimits
25880.323.json	https://cdn.frail-chance-42.net/gs2c/SingleSessionAPI/ping
25880.324.json	https://cdn.frail-chance-42.net/gs2c/SingleSessionAPI/ping
18348.327.json	https://www.stoiximan.gr/casino/timelosslimits
5300.658.json	https://www.stoiximan.gr/casino/timelosslimits
25880.325.json	https://cdn.frail-chance-42.net/gs2c/SingleSessionAPI/ping
25880.326.json	https://cdn.frail-chance-42.net/gs2c/SingleSessionAPI/ping
18348.328.json	https://www.stoiximan.gr/casino/timelosslimits
5300.659.json	https://www.stoiximan.gr/casino/timelosslimits
25880.327.json	https://cdn.frail-chance-42.net/gs2c/SingleSessionAPI/ping
25880.328.json	https://cdn.frail-chance-42.net/gs2c/SingleSessionAPI/ping
5300.660.json	https://www.stoiximan.gr/casino/timelosslimits
18348.329.json	https://www.stoiximan.gr/casino/timelosslimits
25880.329.json	https://cdn.frail-chance-42.net/gs2c/SingleSessionAPI/ping
25880.330.json	https://cdn.frail-chance-42.net/gs2c/SingleSessionAPI/ping
18348.330.json	https://www.stoiximan.gr/casino/timelosslimits
5300.661.json	https://www.stoiximan.gr/casino/timelosslimits
25880.331.json	https://cdn.frail-chance-42.net/gs2c/SingleSessionAPI/ping
25880.332.json	https://cdn.frail-chance-42.net/gs2c/SingleSessionAPI/ping
5300.662.json	https://www.stoiximan.gr/casino/timelosslimits
18348.331.json	https://www.stoiximan.gr/casino/timelosslimits
25880.333.json	https://cdn.frail-chance-42.net/gs2c/SingleSessionAPI/ping
25880.334.json	https://cdn.frail-chance-42.net/gs2c/SingleSessionAPI/ping
18348.332.json	https://www.stoiximan.gr/casino/timelosslimits
5300.663.json	https://www.stoiximan.gr/casino/timelosslimits
25880.335.json	https://cdn.frail-chance-42.net/gs2c/SingleSessionAPI/ping
25880.336.json	https://cdn.frail-chance-42.net/gs2c/SingleSessionAPI/ping
18348.333.json	https://www.stoiximan.gr/casino/timelosslimits
5300.664.json	https://www.stoiximan.gr/casino/timelosslimits
25880.337.json	https://cdn.frail-chance-42.net/gs2c/SingleSessionAPI/ping
25880.338.json	https://cdn.frail-chance-42.net/gs2c/SingleSessionAPI/ping
5300.665.json	https://www.stoiximan.gr/casino/timelosslimits
18348.334.json	https://www.stoiximan.gr/casino/timelosslimits
5300.666.json	https://www.stoiximan.gr/casino/depositlimits
25880.339.json	https://cdn.frail-chance-42.net/gs2c/SingleSessionAPI/ping
25880.340.json	https://cdn.frail-chance-42.net/gs2c/SingleSessionAPI/ping
5300.667.json	https://www.stoiximan.gr/casino/timelosslimits
18348.335.json	https://www.stoiximan.gr/casino/timelosslimits
25880.341.json	https://cdn.frail-chance-42.net/gs2c/SingleSessionAPI/ping
25880.342.json	https://cdn.frail-chance-42.net/gs2c/SingleSessionAPI/ping
18348.336.json	https://www.stoiximan.gr/casino/timelosslimits
5300.668.json	https://www.stoiximan.gr/casino/timelosslimits
25880.343.json	https://cdn.frail-chance-42.net/gs2c/SingleSessionAPI/ping
25880.344.json	https://cdn.frail-chance-42.net/gs2c/SingleSessionAPI/ping
5300.669.json	https://www.stoiximan.gr/casino/timelosslimits
18348.337.json	https://www.stoiximan.gr/casino/timelosslimits
25880.345.json	https://cdn.frail-chance-42.net/gs2c/SingleSessionAPI/ping
25880.346.json	https://cdn.frail-chance-42.net/gs2c/SingleSessionAPI/ping
18348.338.json	https://www.stoiximan.gr/casino/timelosslimits
5300.670.json	https://www.stoiximan.gr/casino/timelosslimits
25880.347.json	https://cdn.frail-chance-42.net/gs2c/SingleSessionAPI/ping
25880.348.json	https://cdn.frail-chance-42.net/gs2c/SingleSessionAPI/ping
5300.671.json	https://www.stoiximan.gr/casino/timelosslimits
18348.339.json	https://www.stoiximan.gr/casino/timelosslimits
14260.3.js	https://cdn.cookielaw.org/scripttemplates/otSDKStub.js
14260.2.json	https://translations.gmlinteractive.com/api/v1/translations/kcv/casinowebsitefrontend/el/24
14260.13.json	https://cdn.cookielaw.org/consent/799045cc-2657-469e-9b2c-24cc08e431ae/799045cc-2657-469e-9b2c-24cc08e431ae.json
14260.10.js	https://copilot.gmlinteractive.com/copilot/0.9.6-5e18e9f2/main.js
14260.12.js	https://static.cloudflareinsights.com/beacon.min.js/v31edd6df95cf4e85bb4c19e7a9bdbcba1788362987495
14260.24.js	https://copilot.gmlinteractive.com/copilot/0.9.6-5e18e9f2/vue.C1Ckkl3F.js
14260.25.js	https://copilot.gmlinteractive.com/copilot/0.9.6-5e18e9f2/vue3-lottie.BRAhPEvB.js
14260.26.js	https://copilot.gmlinteractive.com/copilot/0.9.6-5e18e9f2/vue-i18n.CKK-OYXf.js
14260.27.js	https://copilot.gmlinteractive.com/copilot/0.9.6-5e18e9f2/swiper.CqlqoF6A.js
14260.28.js	https://copilot.gmlinteractive.com/copilot/0.9.6-5e18e9f2/markdown.BMSQkwth.js
14260.20.json	https://geolocation.onetrust.com/cookieconsentpub/v1/geo/location
14260.8.js	https://static.gmlinteractive.com/casinov3/a73ac460/js/app.DCm7PxGX.js
14260.15.js	https://edge.fullstory.com/s/fs.js
14260.49.js	https://cdn.cookielaw.org/scripttemplates/202501.2.0/otBannerSdk.js
14260.52.json	https://cdn.cookielaw.org/consent/799045cc-2657-469e-9b2c-24cc08e431ae/019e4aa1-1c2d-78b9-8210-0ac0f140aa51/el.json
14260.50.js	https://static.gmlinteractive.com/casinov3/a73ac460/js/chunk.BwlIe5fW.js
14260.11.js	https://sdk.optimove.net/websdk/?tenant_id=542&tenant_token=72b4145aad1747ae9c09acd2bc24a50d
14260.56.js	https://static.gmlinteractive.com/casinov3/a73ac460/js/chunk.hcHMx4TS.js
14260.53.json	https://cdn.cookielaw.org/scripttemplates/202501.2.0/assets/otFloatingRounded.json
14260.54.json	https://cdn.cookielaw.org/scripttemplates/202501.2.0/assets/v2/otPcCenter.json
14260.61.js	https://static.gmlinteractive.com/casinov3/a73ac460/js/chunk.xVfC0zpC.js
14260.60.js	https://www.stoiximan.gr/cdn-cgi/challenge-platform/h/g/scripts/jsd/330e41bb475c/main.js?
14260.14.js	https://www.googletagmanager.com/gtm.js?id=GTM-M3QHWW9
14260.58.js	https://static.app.delivery/sdks/web/optimove-web-bundle.js
14260.51.json	https://edge.fullstory.com/s/settings/o-1FC4W0-na1/v1/web
14260.62.js	https://static.gmlinteractive.com/casinov3/a73ac460/js/chunk.B1WMR3hZ.js
14260.69.js	https://www.stoiximan.gr/cdn-cgi/challenge-platform/h/g/scripts/jsd/330e41bb475c/main.js?
14260.59.json	https://stream-542.optimove.net/
14260.70.js	https://static.gmlinteractive.com/casinov3/a73ac460/js/chunk.CoGGifHz.js
14260.71.js	https://static.gmlinteractive.com/casinov3/a73ac460/js/chunk.Dl1LrD15.js
14260.72.js	https://static.gmlinteractive.com/casinov3/a73ac460/js/chunk.NALbZN9r.js
14260.73.js	https://static.gmlinteractive.com/casinov3/a73ac460/js/chunk.DKP9srV0.js
14260.74.js	https://static.gmlinteractive.com/casinov3/a73ac460/js/chunk.lQqb9Nqs.js
14260.75.js	https://static.gmlinteractive.com/casinov3/a73ac460/js/chunk.DDRWTr_U.js
14260.76.js	https://static.gmlinteractive.com/casinov3/a73ac460/js/chunk.U3e_6Mm5.js
14260.77.js	https://static.gmlinteractive.com/casinov3/a73ac460/js/chunk.DNmEh1iY.js
14260.78.js	https://static.gmlinteractive.com/casinov3/a73ac460/js/chunk._7e4AhZk.js
14260.79.js	https://static.gmlinteractive.com/casinov3/a73ac460/js/chunk.Dh29p7QL.js
14260.80.js	https://static.gmlinteractive.com/casinov3/a73ac460/js/chunk.7GxsokpS.js
14260.81.js	https://static.gmlinteractive.com/casinov3/a73ac460/js/chunk.Dcj6YKnB.js
14260.82.js	https://static.gmlinteractive.com/casinov3/a73ac460/js/chunk.VQ0IxCQh.js
14260.83.js	https://static.gmlinteractive.com/casinov3/a73ac460/js/chunk.Dav2gfjE.js
14260.84.js	https://static.gmlinteractive.com/casinov3/a73ac460/js/chunk.CJSez0Ep.js
14260.85.js	https://static.gmlinteractive.com/casinov3/a73ac460/js/chunk.HiYhu1fj.js
14260.86.js	https://static.gmlinteractive.com/casinov3/a73ac460/js/chunk.DDSXmQpR.js
14260.87.js	https://static.gmlinteractive.com/casinov3/a73ac460/js/chunk.Be16HiJF.js
14260.88.js	https://static.gmlinteractive.com/casinov3/a73ac460/js/chunk.D-STApjy.js
14260.89.js	https://static.gmlinteractive.com/casinov3/a73ac460/js/chunk.zhp0ze8A.js
14260.90.js	https://static.gmlinteractive.com/casinov3/a73ac460/js/chunk.C0_ibctr.js
14260.91.js	https://static.gmlinteractive.com/casinov3/a73ac460/js/chunk.537i1yL4.js
14260.92.js	https://static.gmlinteractive.com/casinov3/a73ac460/js/chunk.xCpDP68M.js
14260.93.js	https://static.gmlinteractive.com/casinov3/a73ac460/js/chunk.BmuxE7rM.js
14260.94.js	https://static.gmlinteractive.com/casinov3/a73ac460/js/chunk.lcGDLDNw.js
14260.95.js	https://static.gmlinteractive.com/casinov3/a73ac460/js/chunk.D3DWUQqi.js
14260.96.js	https://static.gmlinteractive.com/casinov3/a73ac460/js/chunk.D5I8SGhl.js
14260.97.js	https://static.gmlinteractive.com/casinov3/a73ac460/js/chunk.1fjffNKj.js
14260.98.js	https://static.gmlinteractive.com/casinov3/a73ac460/js/chunk.D-t3VI6w.js
14260.99.js	https://static.gmlinteractive.com/casinov3/a73ac460/js/chunk.D3MfnKqO.js
14260.101.js	https://static.gmlinteractive.com/casinov3/a73ac460/js/chunk.Bf2NK1cE.js
14260.104.js	https://static.gmlinteractive.com/casinov3/a73ac460/js/chunk.Ci892fHU.js
14260.102.js	https://static.gmlinteractive.com/casinov3/a73ac460/js/chunk.C5a6dmbK.js
14260.105.js	https://static.gmlinteractive.com/casinov3/a73ac460/js/chunk.C7BfBz-_.js
14260.107.js	https://static.gmlinteractive.com/casinov3/a73ac460/js/chunk.CA0f47T3.js
14260.106.js	https://static.gmlinteractive.com/casinov3/a73ac460/js/chunk.IuL5-plG.js
14260.108.js	https://static.gmlinteractive.com/casinov3/a73ac460/js/chunk.CDQMZ_J2.js
14260.109.js	https://static.gmlinteractive.com/casinov3/a73ac460/js/chunk.BbBlzd_Q.js
14260.111.js	https://static.gmlinteractive.com/casinov3/a73ac460/js/chunk.BJUEsJRV.js
14260.110.js	https://static.gmlinteractive.com/casinov3/a73ac460/js/chunk.DZ3Tix3B.js
14260.112.js	https://static.gmlinteractive.com/casinov3/a73ac460/js/chunk.u4vPABi4.js
14260.113.js	https://static.gmlinteractive.com/casinov3/a73ac460/js/chunk.wL1VQXOh.js
14260.114.js	https://static.gmlinteractive.com/casinov3/a73ac460/js/chunk.0A77WSuG.js
14260.117.js	https://static.gmlinteractive.com/casinov3/a73ac460/js/chunk.aziTJOCh.js
14260.115.js	https://static.gmlinteractive.com/casinov3/a73ac460/js/chunk.cIibpqXx.js
14260.116.js	https://static.gmlinteractive.com/casinov3/a73ac460/js/chunk.fOh4MTka.js
14260.118.js	https://static.gmlinteractive.com/casinov3/a73ac460/js/chunk.C44m_qhJ.js
14260.136.js	https://static.gmlinteractive.com/casinov3/a73ac460/js/chunk.vd-K1VZz.js
14260.119.js	https://static.gmlinteractive.com/casinov3/a73ac460/js/chunk.D0ho7GVx.js
14260.135.js	https://static.gmlinteractive.com/casinov3/a73ac460/js/chunk.i4BdLF3w.js
14260.137.js	https://static.gmlinteractive.com/casinov3/a73ac460/js/chunk.DtHtQSE_.js
14260.138.js	https://static.gmlinteractive.com/casinov3/a73ac460/js/chunk.DMHur1nR.js
14260.127.json	https://www.stoiximan.gr/casino/realitycheck/customersettings
14260.122.json	https://www.stoiximan.gr/casino/live/topNotifications/topNotification?v=true
14260.141.js	https://static.gmlinteractive.com/casinov3/a73ac460/js/chunk.BpJOkY5U.js
14260.139.js	https://static.gmlinteractive.com/casinov3/a73ac460/js/chunk.nFlqTtvz.js
14260.140.js	https://static.gmlinteractive.com/casinov3/a73ac460/js/chunk.CcDKCaiu.js
14260.126.json	https://www.stoiximan.gr/casino/customerSession/lastLogin
14260.134.json	https://www.stoiximan.gr/casino/customerSession/sessioninactivityconfig
14260.132.json	https://www.stoiximan.gr/casino/timelosslimits
14260.131.json	https://www.stoiximan.gr/casino/api/livefeed
14260.143.js	https://static.gmlinteractive.com/casinov3/a73ac460/js/chunk.BC2jRhmr.js
14260.142.js	https://static.gmlinteractive.com/casinov3/a73ac460/js/chunk.Do7CNB0a.js
14260.144.js	https://static.gmlinteractive.com/casinov3/a73ac460/js/chunk.BA1BNOoA.js
14260.133.json	https://www.stoiximan.gr/casino/depositlimits
14260.145.js	https://static.gmlinteractive.com/casinov3/a73ac460/js/chunk.BTFM0nDG.js
14260.146.js	https://static.gmlinteractive.com/casinov3/a73ac460/js/chunk.DYdl3_fj.js
14260.153.js	https://static.gmlinteractive.com/casinov3/a73ac460/js/chunk.pQb1mU1s.js
14260.129.json	https://www.stoiximan.gr/casino/games/recentlysearched
14260.154.js	https://static.gmlinteractive.com/casinov3/a73ac460/js/chunk.CS5IHAwZ.js
14260.156.js	https://static.gmlinteractive.com/casinov3/a73ac460/js/chunk.CS4hRJ20.js
14260.155.js	https://static.gmlinteractive.com/casinov3/a73ac460/js/chunk.CJpIeO3G.js
14260.123.json	https://www.stoiximan.gr/casino/balance/userBalance
14260.125.json	https://www.stoiximan.gr/casino/popup
14260.124.json	https://www.stoiximan.gr/casino/freespins/userFreespins
14260.152.json	https://www.stoiximan.gr/casino/api/stake-offers/pending
14260.166.json	https://www.stoiximan.gr/casino/api/bonus/stories/translations
14260.180.json	https://static.gmlinteractive.com/casinov3/a73ac460/customer-top-wins-coin-icon.DF3q-Gkf.json
14260.149.json	https://realtime-542.optimove.net/reportEvent
14260.151.json	https://push-eu-central-2.kumulos.com/v2/web/config?tenantId=542&installId=723d2254-ffc1-4348-bf5f-de21e0236690
14260.183.json	https://www.stoiximan.gr/casino/live/api/games/filters
14260.219.json	https://www.stoiximan.gr/casino/api/games/recommendations/operator
14260.220.json	https://www.stoiximan.gr/casino/games/hotcold
14260.181.json	https://static.gmlinteractive.com/casinov3/a73ac460/customer-top-wins-coin-icon.DF3q-Gkf.json
14260.157.js	https://static.gmlinteractive.com/casinov3/a73ac460/js/chunk.DompZaJe.js
14260.158.js	https://static.gmlinteractive.com/casinov3/a73ac460/js/chunk.0ikMNeoQ.js
14260.159.js	https://static.gmlinteractive.com/casinov3/a73ac460/js/chunk.RIERv44I.js
14260.161.js	https://static.gmlinteractive.com/casinov3/a73ac460/js/chunk.CVp7dYsV.js
14260.163.js	https://static.gmlinteractive.com/casinov3/a73ac460/js/chunk.CJkwPm_8.js
14260.150.js	https://euob.greencolumnart.com/sxp/i/04e7029789c8d022812f712860f76e7a.js
14260.128.json	https://www.stoiximan.gr/casino/games/favorites
14260.223.json	https://www.stoiximan.gr/casino/customerpush/configuration
14260.222.json	https://www.stoiximan.gr/casino/live/api/minilobbies?type=forYou
14260.221.json	https://www.stoiximan.gr/casino/games/recentlyplayed
14260.165.json	https://www.stoiximan.gr/casino/api/bonus/stories?section=4
14260.182.json	https://www.stoiximan.gr/casino/live/api/games
14260.218.json	https://www.stoiximan.gr/casino/api/games/recommendations/customer
14260.249.js	https://static.gmlinteractive.com/casinov3/a73ac460/js/chunk.1KCX7SsQ.js
14260.250.js	https://static.gmlinteractive.com/casinov3/a73ac460/js/chunk.BAlDg4cu.js
14260.227.json	https://www.stoiximan.gr/customerhub_0/negotiate?negotiateVersion=1
14260.251.js	https://static.gmlinteractive.com/casinov3/a73ac460/js/chunk.Ds3e56Zd.js
14260.252.js	https://static.gmlinteractive.com/casinov3/a73ac460/js/chunk.BAN_lYwN.js
14260.255.js	https://static.gmlinteractive.com/casinov3/a73ac460/js/chunk.hUHlawNE.js
14260.256.js	https://static.gmlinteractive.com/casinov3/a73ac460/js/chunk.D0ttAJ5A.js
14260.257.js	https://static.gmlinteractive.com/casinov3/a73ac460/js/chunk.CdYBcpF9.js
14260.258.js	https://static.gmlinteractive.com/casinov3/a73ac460/js/chunk._NysdQQ4.js
14260.226.js	https://www.googletagmanager.com/gtag/js?id=G-NL3TXCS6S3&cx=c&gtm=4e6921
14260.259.js	https://static.gmlinteractive.com/casinov3/a73ac460/js/chunk.CMqzxGB3.js
14260.263.js	https://static.gmlinteractive.com/casinov3/a73ac460/js/chunk.aeSiSbh7.js
14260.264.js	https://static.gmlinteractive.com/casinov3/a73ac460/js/chunk.9CPfRbtP.js
14260.266.js	https://static.gmlinteractive.com/casinov3/a73ac460/js/chunk.CPO9fdVm.js
14260.267.js	https://static.gmlinteractive.com/casinov3/a73ac460/js/chunk.e55Onyzz.js
14260.265.js	https://static.gmlinteractive.com/casinov3/a73ac460/js/chunk.DUbwancu.js
14260.269.js	https://static.gmlinteractive.com/casinov3/a73ac460/js/chunk.ChP-xL8V.js
14260.270.js	https://static.gmlinteractive.com/casinov3/a73ac460/js/chunk.B3HZH2uO.js
14260.273.js	https://static.gmlinteractive.com/casinov3/a73ac460/js/chunk.Cbbpjap1.js
14260.281.js	https://static.gmlinteractive.com/casinov3/a73ac460/js/chunk.B_JPMhhL.js
14260.297.js	https://static.gmlinteractive.com/casinov3/a73ac460/js/chunk.BlbDh5_v.js
14260.329.js	https://static.gmlinteractive.com/casinov3/a73ac460/js/chunk.BzglmUdk.js
14260.283.json	https://www.stoiximan.gr/casino/games/launch/live/?gameId=35927
14260.299.json	https://www.stoiximan.gr/casino/api/topwins/operator
424.4.js	https://static.cloudflareinsights.com/beacon.min.js/v31edd6df95cf4e85bb4c19e7a9bdbcba1788362987495
424.2.js	https://gaming-launch-gr.betano.com/operator/1/provider/23/file/launcher.js?v=2
424.8.js	https://gaming-launch-gr.betano.com/cdn-cgi/challenge-platform/h/g/scripts/jsd/330e41bb475c/main.js?
424.10.js	https://gaming-launch-gr.betano.com/cdn-cgi/challenge-platform/h/g/scripts/jsd/330e41bb475c/main.js?
25880.350.js	https://www.frail-chance-42.net/apps/shell/static/js/104.f7bf8472.js
25880.351.js	https://www.frail-chance-42.net/apps/shell/static/js/786.74574695.js
25880.352.js	https://www.frail-chance-42.net/apps/shell/static/js/345.de409feb.js
25880.353.js	https://www.frail-chance-42.net/apps/shell/static/js/index.5afa7f63.js
25880.366.js	https://www.frail-chance-42.net/apps/shell/static/js/async/677.34320ab6.js
25880.365.json	https://www.frail-chance-42.net/apps/translations-ui/latest/en/miniplay.json
25880.373.json	https://cdn.frail-chance-42.net/gs2c/SingleSessionAPI/ping
25880.374.json	https://cdn.frail-chance-42.net/gs2c/SingleSessionAPI/ping
5300.672.json	https://www.stoiximan.gr/casino/timelosslimits
18348.340.json	https://www.stoiximan.gr/casino/timelosslimits
25880.375.json	https://cdn.frail-chance-42.net/gs2c/SingleSessionAPI/ping
25880.376.json	https://cdn.frail-chance-42.net/gs2c/SingleSessionAPI/ping
18348.341.json	https://www.stoiximan.gr/casino/timelosslimits
5300.673.json	https://www.stoiximan.gr/casino/timelosslimits
25880.377.json	https://cdn.frail-chance-42.net/gs2c/SingleSessionAPI/ping
25880.378.json	https://cdn.frail-chance-42.net/gs2c/SingleSessionAPI/ping
18348.342.json	https://www.stoiximan.gr/casino/timelosslimits
5300.674.json	https://www.stoiximan.gr/casino/timelosslimits
25880.379.json	https://cdn.frail-chance-42.net/gs2c/SingleSessionAPI/ping
25880.380.json	https://cdn.frail-chance-42.net/gs2c/SingleSessionAPI/ping
18348.343.json	https://www.stoiximan.gr/casino/timelosslimits
5300.675.json	https://www.stoiximan.gr/casino/timelosslimits
25880.381.json	https://cdn.frail-chance-42.net/gs2c/SingleSessionAPI/ping
28476.2.json	https://translations.gmlinteractive.com/api/v1/translations/kcv/casinowebsitefrontend/el/24
28476.3.js	https://cdn.cookielaw.org/scripttemplates/otSDKStub.js
28476.12.js	https://static.cloudflareinsights.com/beacon.min.js/v31edd6df95cf4e85bb4c19e7a9bdbcba1788362987495
28476.13.json	https://cdn.cookielaw.org/consent/799045cc-2657-469e-9b2c-24cc08e431ae/799045cc-2657-469e-9b2c-24cc08e431ae.json
28476.10.js	https://copilot.gmlinteractive.com/copilot/0.9.6-5e18e9f2/main.js
28476.15.js	https://edge.fullstory.com/s/fs.js
28476.14.js	https://www.googletagmanager.com/gtm.js?id=GTM-M3QHWW9
28476.49.json	https://edge.fullstory.com/s/settings/o-1FC4W0-na1/v1/web
28476.46.js	https://copilot.gmlinteractive.com/copilot/0.9.6-5e18e9f2/vue-i18n.CKK-OYXf.js
28476.44.js	https://copilot.gmlinteractive.com/copilot/0.9.6-5e18e9f2/vue.C1Ckkl3F.js
28476.47.js	https://copilot.gmlinteractive.com/copilot/0.9.6-5e18e9f2/swiper.CqlqoF6A.js
28476.48.js	https://copilot.gmlinteractive.com/copilot/0.9.6-5e18e9f2/markdown.BMSQkwth.js
28476.43.json	https://geolocation.onetrust.com/cookieconsentpub/v1/geo/location
28476.45.js	https://copilot.gmlinteractive.com/copilot/0.9.6-5e18e9f2/vue3-lottie.BRAhPEvB.js
28476.8.js	https://static.gmlinteractive.com/casinov3/a73ac460/js/app.DCm7PxGX.js
28476.50.js	https://cdn.cookielaw.org/scripttemplates/202501.2.0/otBannerSdk.js
28476.53.json	https://cdn.cookielaw.org/consent/799045cc-2657-469e-9b2c-24cc08e431ae/019e4aa1-1c2d-78b9-8210-0ac0f140aa51/el.json
28476.52.js	https://static.gmlinteractive.com/casinov3/a73ac460/js/chunk.BwlIe5fW.js
28476.11.js	https://sdk.optimove.net/websdk/?tenant_id=542&tenant_token=72b4145aad1747ae9c09acd2bc24a50d
28476.57.js	https://static.gmlinteractive.com/casinov3/a73ac460/js/chunk.hcHMx4TS.js
28476.54.json	https://cdn.cookielaw.org/scripttemplates/202501.2.0/assets/otFloatingRounded.json
28476.55.json	https://cdn.cookielaw.org/scripttemplates/202501.2.0/assets/v2/otPcCenter.json
28476.59.js	https://static.app.delivery/sdks/web/optimove-web-bundle.js
28476.61.js	https://static.gmlinteractive.com/casinov3/a73ac460/js/chunk.xVfC0zpC.js
28476.62.js	https://static.gmlinteractive.com/casinov3/a73ac460/js/chunk.B1WMR3hZ.js
28476.66.js	https://euob.greencolumnart.com/sxp/i/04e7029789c8d022812f712860f76e7a.js
28476.69.js	https://static.gmlinteractive.com/casinov3/a73ac460/js/chunk.CoGGifHz.js
28476.71.js	https://static.gmlinteractive.com/casinov3/a73ac460/js/chunk.NALbZN9r.js
28476.70.js	https://static.gmlinteractive.com/casinov3/a73ac460/js/chunk.Dl1LrD15.js
28476.72.js	https://static.gmlinteractive.com/casinov3/a73ac460/js/chunk.DKP9srV0.js
28476.73.js	https://static.gmlinteractive.com/casinov3/a73ac460/js/chunk.lQqb9Nqs.js
28476.74.js	https://static.gmlinteractive.com/casinov3/a73ac460/js/chunk.DDRWTr_U.js
28476.75.js	https://static.gmlinteractive.com/casinov3/a73ac460/js/chunk.U3e_6Mm5.js
28476.76.js	https://static.gmlinteractive.com/casinov3/a73ac460/js/chunk.DNmEh1iY.js
28476.78.js	https://static.gmlinteractive.com/casinov3/a73ac460/js/chunk.Dh29p7QL.js
28476.77.js	https://static.gmlinteractive.com/casinov3/a73ac460/js/chunk._7e4AhZk.js
28476.82.js	https://static.gmlinteractive.com/casinov3/a73ac460/js/chunk.Dav2gfjE.js
28476.79.js	https://static.gmlinteractive.com/casinov3/a73ac460/js/chunk.7GxsokpS.js
28476.81.js	https://static.gmlinteractive.com/casinov3/a73ac460/js/chunk.VQ0IxCQh.js
28476.83.js	https://static.gmlinteractive.com/casinov3/a73ac460/js/chunk.CJSez0Ep.js
28476.84.js	https://static.gmlinteractive.com/casinov3/a73ac460/js/chunk.HiYhu1fj.js
28476.80.js	https://static.gmlinteractive.com/casinov3/a73ac460/js/chunk.Dcj6YKnB.js
28476.85.js	https://static.gmlinteractive.com/casinov3/a73ac460/js/chunk.DDSXmQpR.js
28476.87.js	https://static.gmlinteractive.com/casinov3/a73ac460/js/chunk.D-STApjy.js
28476.86.js	https://static.gmlinteractive.com/casinov3/a73ac460/js/chunk.Be16HiJF.js
28476.88.js	https://static.gmlinteractive.com/casinov3/a73ac460/js/chunk.zhp0ze8A.js
28476.90.js	https://static.gmlinteractive.com/casinov3/a73ac460/js/chunk.537i1yL4.js
28476.91.js	https://static.gmlinteractive.com/casinov3/a73ac460/js/chunk.xCpDP68M.js
28476.93.js	https://static.gmlinteractive.com/casinov3/a73ac460/js/chunk.lcGDLDNw.js
28476.89.js	https://static.gmlinteractive.com/casinov3/a73ac460/js/chunk.C0_ibctr.js
28476.94.js	https://static.gmlinteractive.com/casinov3/a73ac460/js/chunk.D3DWUQqi.js
28476.95.js	https://static.gmlinteractive.com/casinov3/a73ac460/js/chunk.D5I8SGhl.js
28476.96.js	https://static.gmlinteractive.com/casinov3/a73ac460/js/chunk.1fjffNKj.js
28476.92.js	https://static.gmlinteractive.com/casinov3/a73ac460/js/chunk.BmuxE7rM.js
28476.98.js	https://static.gmlinteractive.com/casinov3/a73ac460/js/chunk.D3MfnKqO.js
28476.97.js	https://static.gmlinteractive.com/casinov3/a73ac460/js/chunk.D-t3VI6w.js
28476.101.js	https://static.gmlinteractive.com/casinov3/a73ac460/js/chunk.C5a6dmbK.js
28476.100.js	https://static.gmlinteractive.com/casinov3/a73ac460/js/chunk.Bf2NK1cE.js
28476.103.js	https://static.gmlinteractive.com/casinov3/a73ac460/js/chunk.Ci892fHU.js
28476.104.js	https://static.gmlinteractive.com/casinov3/a73ac460/js/chunk.C7BfBz-_.js
28476.105.js	https://static.gmlinteractive.com/casinov3/a73ac460/js/chunk.IuL5-plG.js
28476.106.js	https://static.gmlinteractive.com/casinov3/a73ac460/js/chunk.CA0f47T3.js
28476.107.js	https://static.gmlinteractive.com/casinov3/a73ac460/js/chunk.CDQMZ_J2.js
28476.108.js	https://static.gmlinteractive.com/casinov3/a73ac460/js/chunk.BbBlzd_Q.js
28476.109.js	https://static.gmlinteractive.com/casinov3/a73ac460/js/chunk.DZ3Tix3B.js
28476.110.js	https://static.gmlinteractive.com/casinov3/a73ac460/js/chunk.BJUEsJRV.js
28476.111.js	https://static.gmlinteractive.com/casinov3/a73ac460/js/chunk.u4vPABi4.js
28476.112.js	https://static.gmlinteractive.com/casinov3/a73ac460/js/chunk.wL1VQXOh.js
28476.113.js	https://static.gmlinteractive.com/casinov3/a73ac460/js/chunk.0A77WSuG.js
28476.116.js	https://static.gmlinteractive.com/casinov3/a73ac460/js/chunk.aziTJOCh.js
28476.117.js	https://static.gmlinteractive.com/casinov3/a73ac460/js/chunk.C44m_qhJ.js
28476.115.js	https://static.gmlinteractive.com/casinov3/a73ac460/js/chunk.fOh4MTka.js
28476.114.js	https://static.gmlinteractive.com/casinov3/a73ac460/js/chunk.cIibpqXx.js
28476.118.js	https://static.gmlinteractive.com/casinov3/a73ac460/js/chunk.D0ho7GVx.js
28476.136.js	https://static.gmlinteractive.com/casinov3/a73ac460/js/chunk.DtHtQSE_.js
28476.135.js	https://static.gmlinteractive.com/casinov3/a73ac460/js/chunk.vd-K1VZz.js
28476.137.js	https://static.gmlinteractive.com/casinov3/a73ac460/js/chunk.DMHur1nR.js
28476.138.js	https://static.gmlinteractive.com/casinov3/a73ac460/js/chunk.nFlqTtvz.js
28476.141.js	https://static.gmlinteractive.com/casinov3/a73ac460/js/chunk.Do7CNB0a.js
28476.139.js	https://static.gmlinteractive.com/casinov3/a73ac460/js/chunk.CcDKCaiu.js
28476.142.js	https://static.gmlinteractive.com/casinov3/a73ac460/js/chunk.BC2jRhmr.js
28476.140.js	https://static.gmlinteractive.com/casinov3/a73ac460/js/chunk.BpJOkY5U.js
28476.143.js	https://static.gmlinteractive.com/casinov3/a73ac460/js/chunk.BA1BNOoA.js
28476.144.js	https://static.gmlinteractive.com/casinov3/a73ac460/js/chunk.BTFM0nDG.js
28476.145.js	https://static.gmlinteractive.com/casinov3/a73ac460/js/chunk.DYdl3_fj.js
28476.134.js	https://static.gmlinteractive.com/casinov3/a73ac460/js/chunk.i4BdLF3w.js
28476.60.json	https://stream-542.optimove.net/
28476.149.js	https://static.gmlinteractive.com/casinov3/a73ac460/js/chunk.pQb1mU1s.js
28476.150.js	https://static.gmlinteractive.com/casinov3/a73ac460/js/chunk.CS5IHAwZ.js
28476.151.js	https://static.gmlinteractive.com/casinov3/a73ac460/js/chunk.CJpIeO3G.js
28476.152.js	https://static.gmlinteractive.com/casinov3/a73ac460/js/chunk.CS4hRJ20.js
28476.153.js	https://static.gmlinteractive.com/casinov3/a73ac460/js/chunk.DompZaJe.js
28476.156.js	https://static.gmlinteractive.com/casinov3/a73ac460/js/chunk.RIERv44I.js
28476.155.js	https://static.gmlinteractive.com/casinov3/a73ac460/js/chunk.0ikMNeoQ.js
28476.158.js	https://static.gmlinteractive.com/casinov3/a73ac460/js/chunk.CVp7dYsV.js
28476.160.js	https://static.gmlinteractive.com/casinov3/a73ac460/js/chunk.CJkwPm_8.js
28476.163.json	https://www.stoiximan.gr/casino/api/bonus/stories/translations
28476.162.json	https://www.stoiximan.gr/casino/api/bonus/stories?section=4
28476.126.json	https://www.stoiximan.gr/casino/realitycheck/customersettings
28476.121.json	https://www.stoiximan.gr/casino/live/topNotifications/topNotification?v=true
28476.131.json	https://www.stoiximan.gr/casino/timelosslimits
28476.177.json	https://static.gmlinteractive.com/casinov3/a73ac460/customer-top-wins-coin-icon.DF3q-Gkf.json
28476.133.json	https://www.stoiximan.gr/casino/customerSession/sessioninactivityconfig
28476.125.json	https://www.stoiximan.gr/casino/customerSession/lastLogin
28476.132.json	https://www.stoiximan.gr/casino/depositlimits
28476.130.json	https://www.stoiximan.gr/casino/api/livefeed
28476.128.json	https://www.stoiximan.gr/casino/games/recentlysearched
28476.122.json	https://www.stoiximan.gr/casino/balance/userBalance
28476.148.json	https://www.stoiximan.gr/casino/api/stake-offers/pending
28476.180.json	https://www.stoiximan.gr/casino/live/api/games/filters
28476.216.json	https://www.stoiximan.gr/casino/api/games/recommendations/operator
28476.217.json	https://www.stoiximan.gr/casino/games/hotcold
28476.123.json	https://www.stoiximan.gr/casino/freespins/userFreespins
28476.127.json	https://www.stoiximan.gr/casino/games/favorites
28476.178.json	https://static.gmlinteractive.com/casinov3/a73ac460/customer-top-wins-coin-icon.DF3q-Gkf.json
28476.124.json	https://www.stoiximan.gr/casino/popup
28476.215.json	https://www.stoiximan.gr/casino/api/games/recommendations/customer
28476.219.json	https://www.stoiximan.gr/casino/live/api/minilobbies?type=forYou
28476.218.json	https://www.stoiximan.gr/casino/games/recentlyplayed
28476.154.json	https://realtime-542.optimove.net/reportEvent
28476.220.json	https://www.stoiximan.gr/casino/customerpush/configuration
28476.265.js	https://www.googletagmanager.com/gtag/js?id=G-NL3TXCS6S3&cx=c&gtm=4e6921
28476.179.json	https://www.stoiximan.gr/casino/live/api/games
28476.269.js	https://static.gmlinteractive.com/casinov3/a73ac460/js/chunk.1KCX7SsQ.js
28476.270.js	https://static.gmlinteractive.com/casinov3/a73ac460/js/chunk.BAlDg4cu.js
28476.272.js	https://static.gmlinteractive.com/casinov3/a73ac460/js/chunk.BAN_lYwN.js
28476.271.js	https://static.gmlinteractive.com/casinov3/a73ac460/js/chunk.Ds3e56Zd.js
28476.275.js	https://static.gmlinteractive.com/casinov3/a73ac460/js/chunk.hUHlawNE.js
28476.276.js	https://static.gmlinteractive.com/casinov3/a73ac460/js/chunk.D0ttAJ5A.js
28476.279.js	https://static.gmlinteractive.com/casinov3/a73ac460/js/chunk.CMqzxGB3.js
28476.278.js	https://static.gmlinteractive.com/casinov3/a73ac460/js/chunk._NysdQQ4.js
28476.277.js	https://static.gmlinteractive.com/casinov3/a73ac460/js/chunk.CdYBcpF9.js
28476.283.js	https://static.gmlinteractive.com/casinov3/a73ac460/js/chunk.aeSiSbh7.js
28476.284.js	https://static.gmlinteractive.com/casinov3/a73ac460/js/chunk.9CPfRbtP.js
28476.286.js	https://static.gmlinteractive.com/casinov3/a73ac460/js/chunk.CPO9fdVm.js
28476.287.js	https://static.gmlinteractive.com/casinov3/a73ac460/js/chunk.e55Onyzz.js
28476.285.js	https://static.gmlinteractive.com/casinov3/a73ac460/js/chunk.DUbwancu.js
28476.290.js	https://static.gmlinteractive.com/casinov3/a73ac460/js/chunk.B3HZH2uO.js
28476.289.js	https://static.gmlinteractive.com/casinov3/a73ac460/js/chunk.ChP-xL8V.js
28476.293.js	https://static.gmlinteractive.com/casinov3/a73ac460/js/chunk.Cbbpjap1.js
28476.264.json	https://www.stoiximan.gr/customerhub_0/negotiate?negotiateVersion=1
28476.295.js	https://static.gmlinteractive.com/casinov3/a73ac460/js/chunk.BzglmUdk.js
28476.296.js	https://static.gmlinteractive.com/casinov3/a73ac460/js/chunk.DccLapCR.js
28476.410.js	https://static.gmlinteractive.com/casinov3/a73ac460/js/chunk.B_JPMhhL.js
28476.411.js	https://static.gmlinteractive.com/casinov3/a73ac460/js/chunk.BlbDh5_v.js
28476.267.json	https://obseu.greencolumnart.com/ct
28476.426.json	https://www.stoiximan.gr/casino/api/topwins/operator
28476.530.json	https://www.stoiximan.gr/casino/games/launch/live/?gameId=35927
29348.4.js	https://static.cloudflareinsights.com/beacon.min.js/v31edd6df95cf4e85bb4c19e7a9bdbcba1788362987495
29348.2.js	https://gaming-launch-gr.betano.com/operator/1/provider/23/file/launcher.js?v=2
25880.383.js	https://www.frail-chance-42.net/apps/shell/static/js/104.f7bf8472.js
25880.384.js	https://www.frail-chance-42.net/apps/shell/static/js/786.74574695.js
25880.385.js	https://www.frail-chance-42.net/apps/shell/static/js/345.de409feb.js
25880.386.js	https://www.frail-chance-42.net/apps/shell/static/js/index.5afa7f63.js
25880.402.js	https://www.frail-chance-42.net/apps/shell/static/js/async/677.34320ab6.js
25880.401.json	https://www.frail-chance-42.net/apps/translations-ui/latest/en/miniplay.json
25880.406.json	https://cdn.frail-chance-42.net/gs2c/SingleSessionAPI/ping
18348.344.json	https://www.stoiximan.gr/casino/timelosslimits
5300.676.json	https://www.stoiximan.gr/casino/timelosslimits
25880.407.json	https://cdn.frail-chance-42.net/gs2c/SingleSessionAPI/ping
25880.408.json	https://cdn.frail-chance-42.net/gs2c/SingleSessionAPI/ping
18348.345.json	https://www.stoiximan.gr/casino/timelosslimits
5300.677.json	https://www.stoiximan.gr/casino/timelosslimits
25880.409.json	https://cdn.frail-chance-42.net/gs2c/SingleSessionAPI/ping
25880.410.json	https://cdn.frail-chance-42.net/gs2c/SingleSessionAPI/ping
5300.678.json	https://www.stoiximan.gr/casino/timelosslimits
18348.346.json	https://www.stoiximan.gr/casino/timelosslimits
25880.411.json	https://cdn.frail-chance-42.net/gs2c/SingleSessionAPI/ping
25880.412.json	https://cdn.frail-chance-42.net/gs2c/SingleSessionAPI/ping
18348.347.json	https://www.stoiximan.gr/casino/timelosslimits
5300.679.json	https://www.stoiximan.gr/casino/timelosslimits
25880.413.json	https://cdn.frail-chance-42.net/gs2c/SingleSessionAPI/ping
25880.414.json	https://cdn.frail-chance-42.net/gs2c/SingleSessionAPI/ping
5300.680.json	https://www.stoiximan.gr/casino/timelosslimits
18348.348.json	https://www.stoiximan.gr/casino/timelosslimits
18348.349.json	https://www.stoiximan.gr/casino/depositlimits
25880.415.json	https://cdn.frail-chance-42.net/gs2c/SingleSessionAPI/ping
25880.416.json	https://cdn.frail-chance-42.net/gs2c/SingleSessionAPI/ping
5300.681.json	https://www.stoiximan.gr/casino/timelosslimits
18348.350.json	https://www.stoiximan.gr/casino/timelosslimits
25880.417.json	https://cdn.frail-chance-42.net/gs2c/SingleSessionAPI/ping
18348.351.json	https://www.stoiximan.gr/casino/timelosslimits
5300.682.json	https://www.stoiximan.gr/casino/timelosslimits
25880.418.json	https://cdn.frail-chance-42.net/gs2c/SingleSessionAPI/ping
25880.419.json	https://cdn.frail-chance-42.net/gs2c/SingleSessionAPI/ping
18348.352.json	https://www.stoiximan.gr/casino/timelosslimits
5300.683.json	https://www.stoiximan.gr/casino/timelosslimits
25880.420.json	https://cdn.frail-chance-42.net/gs2c/SingleSessionAPI/ping
25880.421.json	https://cdn.frail-chance-42.net/gs2c/SingleSessionAPI/ping
5300.684.json	https://www.stoiximan.gr/casino/timelosslimits
18348.353.json	https://www.stoiximan.gr/casino/timelosslimits
25880.422.json	https://cdn.frail-chance-42.net/gs2c/SingleSessionAPI/ping
25880.423.json	https://cdn.frail-chance-42.net/gs2c/SingleSessionAPI/ping
18348.354.json	https://www.stoiximan.gr/casino/timelosslimits
5300.685.json	https://www.stoiximan.gr/casino/timelosslimits
25880.424.json	https://cdn.frail-chance-42.net/gs2c/SingleSessionAPI/ping
25880.425.json	https://cdn.frail-chance-42.net/gs2c/SingleSessionAPI/ping
18348.355.json	https://www.stoiximan.gr/casino/timelosslimits
5300.686.json	https://www.stoiximan.gr/casino/timelosslimits
25880.426.json	https://cdn.frail-chance-42.net/gs2c/SingleSessionAPI/ping
25880.427.json	https://cdn.frail-chance-42.net/gs2c/SingleSessionAPI/ping
5300.687.json	https://www.stoiximan.gr/casino/timelosslimits
18348.356.json	https://www.stoiximan.gr/casino/timelosslimits
25880.428.json	https://cdn.frail-chance-42.net/gs2c/SingleSessionAPI/ping
12664.2.json	https://translations.gmlinteractive.com/api/v1/translations/kcv/casinowebsitefrontend/el/24
12664.3.js	https://cdn.cookielaw.org/scripttemplates/otSDKStub.js
12664.10.js	https://static.cloudflareinsights.com/beacon.min.js/v31edd6df95cf4e85bb4c19e7a9bdbcba1788362987495
12664.8.js	https://copilot.gmlinteractive.com/copilot/0.9.6-5e18e9f2/main.js
12664.13.json	https://cdn.cookielaw.org/consent/799045cc-2657-469e-9b2c-24cc08e431ae/799045cc-2657-469e-9b2c-24cc08e431ae.json
12664.46.js	https://copilot.gmlinteractive.com/copilot/0.9.6-5e18e9f2/vue-i18n.CKK-OYXf.js
12664.47.js	https://copilot.gmlinteractive.com/copilot/0.9.6-5e18e9f2/swiper.CqlqoF6A.js
12664.44.js	https://copilot.gmlinteractive.com/copilot/0.9.6-5e18e9f2/vue.C1Ckkl3F.js
12664.48.js	https://copilot.gmlinteractive.com/copilot/0.9.6-5e18e9f2/markdown.BMSQkwth.js
12664.45.js	https://copilot.gmlinteractive.com/copilot/0.9.6-5e18e9f2/vue3-lottie.BRAhPEvB.js
12664.6.js	https://static.gmlinteractive.com/casinov3/a73ac460/js/app.DCm7PxGX.js
12664.43.json	https://geolocation.onetrust.com/cookieconsentpub/v1/geo/location
12664.49.js	https://cdn.cookielaw.org/scripttemplates/202501.2.0/otBannerSdk.js
12664.51.json	https://cdn.cookielaw.org/consent/799045cc-2657-469e-9b2c-24cc08e431ae/019e4aa1-1c2d-78b9-8210-0ac0f140aa51/el.json
12664.50.js	https://static.gmlinteractive.com/casinov3/a73ac460/js/chunk.BwlIe5fW.js
12664.9.js	https://sdk.optimove.net/websdk/?tenant_id=542&tenant_token=72b4145aad1747ae9c09acd2bc24a50d
12664.15.js	https://edge.fullstory.com/s/fs.js
12664.14.js	https://www.googletagmanager.com/gtm.js?id=GTM-M3QHWW9
12664.55.js	https://static.gmlinteractive.com/casinov3/a73ac460/js/chunk.hcHMx4TS.js
12664.52.json	https://cdn.cookielaw.org/scripttemplates/202501.2.0/assets/otFloatingRounded.json
12664.53.json	https://cdn.cookielaw.org/scripttemplates/202501.2.0/assets/v2/otPcCenter.json
12664.60.js	https://static.gmlinteractive.com/casinov3/a73ac460/js/chunk.xVfC0zpC.js
12664.61.js	https://static.gmlinteractive.com/casinov3/a73ac460/js/chunk.B1WMR3hZ.js
12664.59.js	https://www.stoiximan.gr/cdn-cgi/challenge-platform/h/g/scripts/jsd/330e41bb475c/main.js?
12664.57.js	https://static.app.delivery/sdks/web/optimove-web-bundle.js
12664.69.js	https://static.gmlinteractive.com/casinov3/a73ac460/js/chunk.CoGGifHz.js
12664.71.js	https://static.gmlinteractive.com/casinov3/a73ac460/js/chunk.NALbZN9r.js
12664.72.js	https://static.gmlinteractive.com/casinov3/a73ac460/js/chunk.DKP9srV0.js
12664.70.js	https://static.gmlinteractive.com/casinov3/a73ac460/js/chunk.Dl1LrD15.js
12664.73.js	https://static.gmlinteractive.com/casinov3/a73ac460/js/chunk.lQqb9Nqs.js
12664.82.js	https://static.gmlinteractive.com/casinov3/a73ac460/js/chunk.Dav2gfjE.js
12664.81.js	https://static.gmlinteractive.com/casinov3/a73ac460/js/chunk.VQ0IxCQh.js
12664.79.js	https://static.gmlinteractive.com/casinov3/a73ac460/js/chunk.7GxsokpS.js
12664.76.js	https://static.gmlinteractive.com/casinov3/a73ac460/js/chunk.DNmEh1iY.js
12664.74.js	https://static.gmlinteractive.com/casinov3/a73ac460/js/chunk.DDRWTr_U.js
12664.75.js	https://static.gmlinteractive.com/casinov3/a73ac460/js/chunk.U3e_6Mm5.js
12664.78.js	https://static.gmlinteractive.com/casinov3/a73ac460/js/chunk.Dh29p7QL.js
12664.77.js	https://static.gmlinteractive.com/casinov3/a73ac460/js/chunk._7e4AhZk.js
12664.83.js	https://static.gmlinteractive.com/casinov3/a73ac460/js/chunk.CJSez0Ep.js
12664.84.js	https://static.gmlinteractive.com/casinov3/a73ac460/js/chunk.HiYhu1fj.js
12664.80.js	https://static.gmlinteractive.com/casinov3/a73ac460/js/chunk.Dcj6YKnB.js
12664.85.js	https://static.gmlinteractive.com/casinov3/a73ac460/js/chunk.DDSXmQpR.js
12664.86.js	https://static.gmlinteractive.com/casinov3/a73ac460/js/chunk.Be16HiJF.js
12664.87.js	https://static.gmlinteractive.com/casinov3/a73ac460/js/chunk.D-STApjy.js
12664.88.js	https://static.gmlinteractive.com/casinov3/a73ac460/js/chunk.zhp0ze8A.js
12664.90.js	https://static.gmlinteractive.com/casinov3/a73ac460/js/chunk.537i1yL4.js
12664.91.js	https://static.gmlinteractive.com/casinov3/a73ac460/js/chunk.xCpDP68M.js
12664.89.js	https://static.gmlinteractive.com/casinov3/a73ac460/js/chunk.C0_ibctr.js
12664.92.js	https://static.gmlinteractive.com/casinov3/a73ac460/js/chunk.BmuxE7rM.js
12664.93.js	https://static.gmlinteractive.com/casinov3/a73ac460/js/chunk.lcGDLDNw.js
12664.94.js	https://static.gmlinteractive.com/casinov3/a73ac460/js/chunk.D3DWUQqi.js
12664.96.js	https://static.gmlinteractive.com/casinov3/a73ac460/js/chunk.1fjffNKj.js
12664.95.js	https://static.gmlinteractive.com/casinov3/a73ac460/js/chunk.D5I8SGhl.js
12664.98.js	https://static.gmlinteractive.com/casinov3/a73ac460/js/chunk.D3MfnKqO.js
12664.97.js	https://static.gmlinteractive.com/casinov3/a73ac460/js/chunk.D-t3VI6w.js
12664.101.js	https://static.gmlinteractive.com/casinov3/a73ac460/js/chunk.C5a6dmbK.js
12664.100.js	https://static.gmlinteractive.com/casinov3/a73ac460/js/chunk.Bf2NK1cE.js
12664.103.js	https://static.gmlinteractive.com/casinov3/a73ac460/js/chunk.Ci892fHU.js
12664.104.js	https://static.gmlinteractive.com/casinov3/a73ac460/js/chunk.C7BfBz-_.js
12664.106.js	https://static.gmlinteractive.com/casinov3/a73ac460/js/chunk.CA0f47T3.js
12664.107.js	https://static.gmlinteractive.com/casinov3/a73ac460/js/chunk.CDQMZ_J2.js
12664.109.js	https://static.gmlinteractive.com/casinov3/a73ac460/js/chunk.DZ3Tix3B.js
12664.108.js	https://static.gmlinteractive.com/casinov3/a73ac460/js/chunk.BbBlzd_Q.js
12664.105.js	https://static.gmlinteractive.com/casinov3/a73ac460/js/chunk.IuL5-plG.js
12664.110.js	https://static.gmlinteractive.com/casinov3/a73ac460/js/chunk.BJUEsJRV.js
12664.111.js	https://static.gmlinteractive.com/casinov3/a73ac460/js/chunk.u4vPABi4.js
12664.112.js	https://static.gmlinteractive.com/casinov3/a73ac460/js/chunk.wL1VQXOh.js
12664.113.js	https://static.gmlinteractive.com/casinov3/a73ac460/js/chunk.0A77WSuG.js
12664.116.js	https://static.gmlinteractive.com/casinov3/a73ac460/js/chunk.aziTJOCh.js
12664.114.js	https://static.gmlinteractive.com/casinov3/a73ac460/js/chunk.cIibpqXx.js
12664.117.js	https://static.gmlinteractive.com/casinov3/a73ac460/js/chunk.C44m_qhJ.js
12664.115.js	https://static.gmlinteractive.com/casinov3/a73ac460/js/chunk.fOh4MTka.js
12664.118.js	https://static.gmlinteractive.com/casinov3/a73ac460/js/chunk.D0ho7GVx.js
12664.135.js	https://static.gmlinteractive.com/casinov3/a73ac460/js/chunk.vd-K1VZz.js
12664.136.js	https://static.gmlinteractive.com/casinov3/a73ac460/js/chunk.DtHtQSE_.js
12664.137.js	https://static.gmlinteractive.com/casinov3/a73ac460/js/chunk.DMHur1nR.js
12664.138.js	https://static.gmlinteractive.com/casinov3/a73ac460/js/chunk.nFlqTtvz.js
12664.141.js	https://static.gmlinteractive.com/casinov3/a73ac460/js/chunk.Do7CNB0a.js
12664.139.js	https://static.gmlinteractive.com/casinov3/a73ac460/js/chunk.CcDKCaiu.js
12664.140.js	https://static.gmlinteractive.com/casinov3/a73ac460/js/chunk.BpJOkY5U.js
12664.142.js	https://static.gmlinteractive.com/casinov3/a73ac460/js/chunk.BC2jRhmr.js
12664.143.js	https://static.gmlinteractive.com/casinov3/a73ac460/js/chunk.BA1BNOoA.js
12664.144.js	https://static.gmlinteractive.com/casinov3/a73ac460/js/chunk.BTFM0nDG.js
12664.145.js	https://static.gmlinteractive.com/casinov3/a73ac460/js/chunk.DYdl3_fj.js
12664.134.js	https://static.gmlinteractive.com/casinov3/a73ac460/js/chunk.i4BdLF3w.js
12664.68.js	https://www.stoiximan.gr/cdn-cgi/challenge-platform/h/g/scripts/jsd/330e41bb475c/main.js?
12664.58.json	https://stream-542.optimove.net/
12664.151.js	https://static.gmlinteractive.com/casinov3/a73ac460/js/chunk.CS5IHAwZ.js
12664.153.js	https://static.gmlinteractive.com/casinov3/a73ac460/js/chunk.CS4hRJ20.js
12664.152.js	https://static.gmlinteractive.com/casinov3/a73ac460/js/chunk.CJpIeO3G.js
12664.154.js	https://static.gmlinteractive.com/casinov3/a73ac460/js/chunk.DompZaJe.js
12664.150.js	https://static.gmlinteractive.com/casinov3/a73ac460/js/chunk.pQb1mU1s.js
12664.156.js	https://static.gmlinteractive.com/casinov3/a73ac460/js/chunk.RIERv44I.js
12664.155.js	https://static.gmlinteractive.com/casinov3/a73ac460/js/chunk.0ikMNeoQ.js
12664.158.js	https://static.gmlinteractive.com/casinov3/a73ac460/js/chunk.CVp7dYsV.js
12664.160.js	https://static.gmlinteractive.com/casinov3/a73ac460/js/chunk.CJkwPm_8.js
12664.121.json	https://www.stoiximan.gr/casino/live/topNotifications/topNotification?v=true
12664.126.json	https://www.stoiximan.gr/casino/realitycheck/customersettings
12664.125.json	https://www.stoiximan.gr/casino/customerSession/lastLogin
12664.131.json	https://www.stoiximan.gr/casino/timelosslimits
12664.130.json	https://www.stoiximan.gr/casino/api/livefeed
12664.163.json	https://www.stoiximan.gr/casino/api/bonus/stories/translations
12664.133.json	https://www.stoiximan.gr/casino/customerSession/sessioninactivityconfig
12664.132.json	https://www.stoiximan.gr/casino/depositlimits
12664.122.json	https://www.stoiximan.gr/casino/balance/userBalance
12664.148.json	https://www.stoiximan.gr/casino/api/stake-offers/pending
12664.124.json	https://www.stoiximan.gr/casino/popup
12664.177.json	https://static.gmlinteractive.com/casinov3/a73ac460/customer-top-wins-coin-icon.DF3q-Gkf.json
12664.128.json	https://www.stoiximan.gr/casino/games/recentlysearched
12664.123.json	https://www.stoiximan.gr/casino/freespins/userFreespins
12664.180.json	https://www.stoiximan.gr/casino/live/api/games/filters
12664.216.json	https://www.stoiximan.gr/casino/api/games/recommendations/operator
12664.217.json	https://www.stoiximan.gr/casino/games/hotcold
12664.127.json	https://www.stoiximan.gr/casino/games/favorites
12664.178.json	https://static.gmlinteractive.com/casinov3/a73ac460/customer-top-wins-coin-icon.DF3q-Gkf.json
12664.149.json	https://realtime-542.optimove.net/reportEvent
12664.162.json	https://www.stoiximan.gr/casino/api/bonus/stories?section=4
12664.220.json	https://www.stoiximan.gr/casino/customerpush/configuration
12664.215.json	https://www.stoiximan.gr/casino/api/games/recommendations/customer
12664.218.json	https://www.stoiximan.gr/casino/games/recentlyplayed
12664.219.json	https://www.stoiximan.gr/casino/live/api/minilobbies?type=forYou
12664.179.json	https://www.stoiximan.gr/casino/live/api/games
12664.265.js	https://static.gmlinteractive.com/casinov3/a73ac460/js/chunk.1KCX7SsQ.js
12664.266.js	https://static.gmlinteractive.com/casinov3/a73ac460/js/chunk.BAlDg4cu.js
12664.267.js	https://static.gmlinteractive.com/casinov3/a73ac460/js/chunk.Ds3e56Zd.js
12664.268.js	https://static.gmlinteractive.com/casinov3/a73ac460/js/chunk.BAN_lYwN.js
12664.271.js	https://static.gmlinteractive.com/casinov3/a73ac460/js/chunk.hUHlawNE.js
12664.273.js	https://static.gmlinteractive.com/casinov3/a73ac460/js/chunk.CdYBcpF9.js
12664.272.js	https://static.gmlinteractive.com/casinov3/a73ac460/js/chunk.D0ttAJ5A.js
12664.275.js	https://static.gmlinteractive.com/casinov3/a73ac460/js/chunk.CMqzxGB3.js
12664.274.js	https://static.gmlinteractive.com/casinov3/a73ac460/js/chunk._NysdQQ4.js
12664.279.js	https://static.gmlinteractive.com/casinov3/a73ac460/js/chunk.aeSiSbh7.js
12664.280.js	https://static.gmlinteractive.com/casinov3/a73ac460/js/chunk.9CPfRbtP.js
12664.282.js	https://static.gmlinteractive.com/casinov3/a73ac460/js/chunk.CPO9fdVm.js
12664.283.js	https://static.gmlinteractive.com/casinov3/a73ac460/js/chunk.e55Onyzz.js
12664.281.js	https://static.gmlinteractive.com/casinov3/a73ac460/js/chunk.DUbwancu.js
12664.285.js	https://static.gmlinteractive.com/casinov3/a73ac460/js/chunk.ChP-xL8V.js
12664.286.js	https://static.gmlinteractive.com/casinov3/a73ac460/js/chunk.B3HZH2uO.js
12664.289.js	https://static.gmlinteractive.com/casinov3/a73ac460/js/chunk.Cbbpjap1.js
12664.264.json	https://edge.fullstory.com/s/settings/o-1FC4W0-na1/v1/web
12664.291.js	https://static.gmlinteractive.com/casinov3/a73ac460/js/chunk.BzglmUdk.js
12664.292.js	https://static.gmlinteractive.com/casinov3/a73ac460/js/chunk.DccLapCR.js
12664.263.json	https://www.stoiximan.gr/customerhub_0/negotiate?negotiateVersion=1
12664.373.js	https://static.gmlinteractive.com/casinov3/a73ac460/js/chunk.B_JPMhhL.js
12664.388.js	https://static.gmlinteractive.com/casinov3/a73ac460/js/chunk.BlbDh5_v.js
12664.403.json	https://www.stoiximan.gr/casino/api/topwins/operator
12664.506.js	https://euob.greencolumnart.com/sxp/i/04e7029789c8d022812f712860f76e7a.js
12664.487.json	https://www.stoiximan.gr/casino/games/launch/live/?gameId=35927
32488.4.js	https://static.cloudflareinsights.com/beacon.min.js/v31edd6df95cf4e85bb4c19e7a9bdbcba1788362987495
32488.2.js	https://gaming-launch-gr.betano.com/operator/1/provider/23/file/launcher.js?v=2
32488.8.js	https://gaming-launch-gr.betano.com/cdn-cgi/challenge-platform/h/g/scripts/jsd/330e41bb475c/main.js?
32488.10.js	https://gaming-launch-gr.betano.com/cdn-cgi/challenge-platform/h/g/scripts/jsd/330e41bb475c/main.js?
25880.430.js	https://www.frail-chance-42.net/apps/shell/static/js/104.f7bf8472.js
25880.431.js	https://www.frail-chance-42.net/apps/shell/static/js/786.74574695.js
25880.432.js	https://www.frail-chance-42.net/apps/shell/static/js/345.de409feb.js
25880.433.js	https://www.frail-chance-42.net/apps/shell/static/js/index.5afa7f63.js
25880.449.js	https://www.frail-chance-42.net/apps/shell/static/js/async/677.34320ab6.js
25880.448.json	https://www.frail-chance-42.net/apps/translations-ui/latest/en/miniplay.json
25880.453.json	https://cdn.frail-chance-42.net/gs2c/SingleSessionAPI/ping
5300.688.json	https://www.stoiximan.gr/casino/timelosslimits
18348.357.json	https://www.stoiximan.gr/casino/timelosslimits
25880.454.json	https://cdn.frail-chance-42.net/gs2c/SingleSessionAPI/ping
25880.455.json	https://cdn.frail-chance-42.net/gs2c/SingleSessionAPI/ping
18348.358.json	https://www.stoiximan.gr/casino/timelosslimits
5300.689.json	https://www.stoiximan.gr/casino/timelosslimits
25880.456.json	https://cdn.frail-chance-42.net/gs2c/SingleSessionAPI/ping
25880.457.json	https://cdn.frail-chance-42.net/gs2c/SingleSessionAPI/ping
5300.690.json	https://www.stoiximan.gr/casino/timelosslimits
18348.359.json	https://www.stoiximan.gr/casino/timelosslimits
25880.458.json	https://cdn.frail-chance-42.net/gs2c/SingleSessionAPI/ping
25880.459.json	https://cdn.frail-chance-42.net/gs2c/SingleSessionAPI/ping
5300.691.json	https://www.stoiximan.gr/casino/timelosslimits
18348.360.json	https://www.stoiximan.gr/casino/timelosslimits
25880.460.json	https://cdn.frail-chance-42.net/gs2c/SingleSessionAPI/ping
25880.461.json	https://cdn.frail-chance-42.net/gs2c/SingleSessionAPI/ping
5300.692.json	https://www.stoiximan.gr/casino/timelosslimits
18348.361.json	https://www.stoiximan.gr/casino/timelosslimits
25880.462.json	https://cdn.frail-chance-42.net/gs2c/SingleSessionAPI/ping
25880.463.json	https://cdn.frail-chance-42.net/gs2c/SingleSessionAPI/ping
18348.362.json	https://www.stoiximan.gr/casino/timelosslimits
5300.693.json	https://www.stoiximan.gr/casino/timelosslimits
25880.464.json	https://cdn.frail-chance-42.net/gs2c/SingleSessionAPI/ping
25880.465.json	https://cdn.frail-chance-42.net/gs2c/SingleSessionAPI/ping
18348.363.json	https://www.stoiximan.gr/casino/timelosslimits
5300.694.json	https://www.stoiximan.gr/casino/timelosslimits
25880.466.json	https://cdn.frail-chance-42.net/gs2c/SingleSessionAPI/ping
25880.467.json	https://cdn.frail-chance-42.net/gs2c/SingleSessionAPI/ping
18348.364.json	https://www.stoiximan.gr/casino/timelosslimits
5300.695.json	https://www.stoiximan.gr/casino/timelosslimits
25880.468.json	https://cdn.frail-chance-42.net/gs2c/SingleSessionAPI/ping
25880.469.json	https://cdn.frail-chance-42.net/gs2c/SingleSessionAPI/ping
18348.365.json	https://www.stoiximan.gr/casino/timelosslimits
5300.696.json	https://www.stoiximan.gr/casino/timelosslimits
25880.470.json	https://cdn.frail-chance-42.net/gs2c/SingleSessionAPI/ping
25880.471.json	https://cdn.frail-chance-42.net/gs2c/SingleSessionAPI/ping
5300.697.json	https://www.stoiximan.gr/casino/timelosslimits
18348.366.json	https://www.stoiximan.gr/casino/timelosslimits
25880.472.json	https://cdn.frail-chance-42.net/gs2c/SingleSessionAPI/ping
18348.367.json	https://www.stoiximan.gr/casino/timelosslimits
25880.473.json	https://cdn.frail-chance-42.net/gs2c/SingleSessionAPI/ping
5300.698.json	https://www.stoiximan.gr/casino/timelosslimits
25880.474.json	https://cdn.frail-chance-42.net/gs2c/SingleSessionAPI/ping
18348.368.json	https://www.stoiximan.gr/casino/timelosslimits
5300.699.json	https://www.stoiximan.gr/casino/timelosslimits
25880.475.json	https://cdn.frail-chance-42.net/gs2c/SingleSessionAPI/ping
25880.476.json	https://cdn.frail-chance-42.net/gs2c/SingleSessionAPI/ping
18348.369.json	https://www.stoiximan.gr/casino/timelosslimits
5300.700.json	https://www.stoiximan.gr/casino/timelosslimits
25880.477.json	https://cdn.frail-chance-42.net/gs2c/SingleSessionAPI/ping
25880.478.json	https://cdn.frail-chance-42.net/gs2c/SingleSessionAPI/ping
18348.370.json	https://www.stoiximan.gr/casino/timelosslimits
5300.701.json	https://www.stoiximan.gr/casino/timelosslimits
25880.479.json	https://cdn.frail-chance-42.net/gs2c/SingleSessionAPI/ping
25880.480.json	https://cdn.frail-chance-42.net/gs2c/SingleSessionAPI/ping
18348.371.json	https://www.stoiximan.gr/casino/timelosslimits
5300.702.json	https://www.stoiximan.gr/casino/timelosslimits
25880.481.json	https://cdn.frail-chance-42.net/gs2c/SingleSessionAPI/ping
25880.482.json	https://cdn.frail-chance-42.net/gs2c/SingleSessionAPI/ping
18348.372.json	https://www.stoiximan.gr/casino/timelosslimits
5300.703.json	https://www.stoiximan.gr/casino/timelosslimits
25880.483.json	https://cdn.frail-chance-42.net/gs2c/SingleSessionAPI/ping
25880.484.json	https://cdn.frail-chance-42.net/gs2c/SingleSessionAPI/ping
5300.704.json	https://www.stoiximan.gr/casino/timelosslimits
18348.373.json	https://www.stoiximan.gr/casino/timelosslimits
25880.485.json	https://cdn.frail-chance-42.net/gs2c/SingleSessionAPI/ping
25880.486.json	https://cdn.frail-chance-42.net/gs2c/SingleSessionAPI/ping
5300.705.json	https://www.stoiximan.gr/casino/timelosslimits
18348.374.json	https://www.stoiximan.gr/casino/timelosslimits
25880.487.json	https://cdn.frail-chance-42.net/gs2c/SingleSessionAPI/ping
25880.488.json	https://cdn.frail-chance-42.net/gs2c/SingleSessionAPI/ping
18348.375.json	https://www.stoiximan.gr/casino/timelosslimits
5300.706.json	https://www.stoiximan.gr/casino/timelosslimits
25880.489.json	https://cdn.frail-chance-42.net/gs2c/SingleSessionAPI/ping
25880.490.json	https://cdn.frail-chance-42.net/gs2c/SingleSessionAPI/ping
18348.376.json	https://www.stoiximan.gr/casino/timelosslimits
5300.707.json	https://www.stoiximan.gr/casino/timelosslimits
25880.491.json	https://cdn.frail-chance-42.net/gs2c/SingleSessionAPI/ping
25880.492.json	https://cdn.frail-chance-42.net/gs2c/SingleSessionAPI/ping
5300.708.json	https://www.stoiximan.gr/casino/timelosslimits
18348.377.json	https://www.stoiximan.gr/casino/timelosslimits
25880.493.json	https://cdn.frail-chance-42.net/gs2c/SingleSessionAPI/ping
25880.494.json	https://cdn.frail-chance-42.net/gs2c/SingleSessionAPI/ping
18348.378.json	https://www.stoiximan.gr/casino/timelosslimits
5300.709.json	https://www.stoiximan.gr/casino/timelosslimits
25880.495.json	https://cdn.frail-chance-42.net/gs2c/SingleSessionAPI/ping
25880.496.json	https://cdn.frail-chance-42.net/gs2c/SingleSessionAPI/ping
18348.379.json	https://www.stoiximan.gr/casino/timelosslimits
5300.710.json	https://www.stoiximan.gr/casino/timelosslimits
25880.497.json	https://cdn.frail-chance-42.net/gs2c/SingleSessionAPI/ping
25880.498.json	https://cdn.frail-chance-42.net/gs2c/SingleSessionAPI/ping
5300.711.json	https://www.stoiximan.gr/casino/timelosslimits
18348.380.json	https://www.stoiximan.gr/casino/timelosslimits
25880.499.json	https://cdn.frail-chance-42.net/gs2c/SingleSessionAPI/ping
5300.712.json	https://www.stoiximan.gr/casino/depositlimits
25880.500.json	https://cdn.frail-chance-42.net/gs2c/SingleSessionAPI/ping
18348.381.json	https://www.stoiximan.gr/casino/timelosslimits
5300.713.json	https://www.stoiximan.gr/casino/timelosslimits
25880.501.json	https://cdn.frail-chance-42.net/gs2c/SingleSessionAPI/ping
25880.502.json	https://cdn.frail-chance-42.net/gs2c/SingleSessionAPI/ping
5300.714.json	https://www.stoiximan.gr/casino/timelosslimits
18348.382.json	https://www.stoiximan.gr/casino/timelosslimits
25880.503.json	https://cdn.frail-chance-42.net/gs2c/SingleSessionAPI/ping
25880.504.json	https://cdn.frail-chance-42.net/gs2c/SingleSessionAPI/ping
18348.383.json	https://www.stoiximan.gr/casino/timelosslimits
5300.715.json	https://www.stoiximan.gr/casino/timelosslimits
25880.505.json	https://cdn.frail-chance-42.net/gs2c/SingleSessionAPI/ping
25880.506.json	https://cdn.frail-chance-42.net/gs2c/SingleSessionAPI/ping
5300.716.json	https://www.stoiximan.gr/casino/timelosslimits
18348.384.json	https://www.stoiximan.gr/casino/timelosslimits
25880.507.json	https://cdn.frail-chance-42.net/gs2c/SingleSessionAPI/ping
25880.508.json	https://cdn.frail-chance-42.net/gs2c/SingleSessionAPI/ping
18348.385.json	https://www.stoiximan.gr/casino/timelosslimits
5300.717.json	https://www.stoiximan.gr/casino/timelosslimits
25880.509.json	https://cdn.frail-chance-42.net/gs2c/SingleSessionAPI/ping
25880.510.json	https://cdn.frail-chance-42.net/gs2c/SingleSessionAPI/ping
5300.718.json	https://www.stoiximan.gr/casino/timelosslimits
18348.386.json	https://www.stoiximan.gr/casino/timelosslimits
25880.511.json	https://cdn.frail-chance-42.net/gs2c/SingleSessionAPI/ping
25880.512.json	https://cdn.frail-chance-42.net/gs2c/SingleSessionAPI/ping
18348.387.json	https://www.stoiximan.gr/casino/timelosslimits
5300.719.json	https://www.stoiximan.gr/casino/timelosslimits
25880.513.json	https://cdn.frail-chance-42.net/gs2c/SingleSessionAPI/ping
25880.514.json	https://cdn.frail-chance-42.net/gs2c/SingleSessionAPI/ping
18348.388.json	https://www.stoiximan.gr/casino/timelosslimits
5300.720.json	https://www.stoiximan.gr/casino/timelosslimits
25880.515.json	https://cdn.frail-chance-42.net/gs2c/SingleSessionAPI/ping
25880.516.json	https://cdn.frail-chance-42.net/gs2c/SingleSessionAPI/ping
18348.389.json	https://www.stoiximan.gr/casino/timelosslimits
5300.721.json	https://www.stoiximan.gr/casino/timelosslimits
25880.517.json	https://cdn.frail-chance-42.net/gs2c/SingleSessionAPI/ping
25880.518.json	https://cdn.frail-chance-42.net/gs2c/SingleSessionAPI/ping
18348.390.json	https://www.stoiximan.gr/casino/timelosslimits
5300.722.json	https://www.stoiximan.gr/casino/timelosslimits
25880.519.json	https://cdn.frail-chance-42.net/gs2c/SingleSessionAPI/ping
25880.520.json	https://cdn.frail-chance-42.net/gs2c/SingleSessionAPI/ping
18348.391.json	https://www.stoiximan.gr/casino/timelosslimits
5300.723.json	https://www.stoiximan.gr/casino/timelosslimits
25880.521.json	https://cdn.frail-chance-42.net/gs2c/SingleSessionAPI/ping
25880.522.json	https://cdn.frail-chance-42.net/gs2c/SingleSessionAPI/ping
18348.392.json	https://www.stoiximan.gr/casino/timelosslimits
5300.724.json	https://www.stoiximan.gr/casino/timelosslimits
25880.523.json	https://cdn.frail-chance-42.net/gs2c/SingleSessionAPI/ping
25880.524.json	https://cdn.frail-chance-42.net/gs2c/SingleSessionAPI/ping
18348.393.json	https://www.stoiximan.gr/casino/timelosslimits
5300.725.json	https://www.stoiximan.gr/casino/timelosslimits
33832.2.json	https://translations.gmlinteractive.com/api/v1/translations/kcv/casinowebsitefrontend/el/24
33832.3.js	https://cdn.cookielaw.org/scripttemplates/otSDKStub.js
33832.10.js	https://static.cloudflareinsights.com/beacon.min.js/v31edd6df95cf4e85bb4c19e7a9bdbcba1788362987495
33832.8.js	https://copilot.gmlinteractive.com/copilot/0.9.6-5e18e9f2/main.js
33832.13.json	https://cdn.cookielaw.org/consent/799045cc-2657-469e-9b2c-24cc08e431ae/799045cc-2657-469e-9b2c-24cc08e431ae.json
33832.15.js	https://edge.fullstory.com/s/fs.js
33832.44.js	https://copilot.gmlinteractive.com/copilot/0.9.6-5e18e9f2/vue.C1Ckkl3F.js
33832.46.js	https://copilot.gmlinteractive.com/copilot/0.9.6-5e18e9f2/vue-i18n.CKK-OYXf.js
33832.47.js	https://copilot.gmlinteractive.com/copilot/0.9.6-5e18e9f2/swiper.CqlqoF6A.js
33832.48.js	https://copilot.gmlinteractive.com/copilot/0.9.6-5e18e9f2/markdown.BMSQkwth.js
33832.45.js	https://copilot.gmlinteractive.com/copilot/0.9.6-5e18e9f2/vue3-lottie.BRAhPEvB.js
33832.6.js	https://static.gmlinteractive.com/casinov3/a73ac460/js/app.DCm7PxGX.js
33832.43.json	https://geolocation.onetrust.com/cookieconsentpub/v1/geo/location
33832.50.js	https://cdn.cookielaw.org/scripttemplates/202501.2.0/otBannerSdk.js
33832.52.json	https://cdn.cookielaw.org/consent/799045cc-2657-469e-9b2c-24cc08e431ae/019e4aa1-1c2d-78b9-8210-0ac0f140aa51/el.json
33832.51.js	https://static.gmlinteractive.com/casinov3/a73ac460/js/chunk.BwlIe5fW.js
33832.9.js	https://sdk.optimove.net/websdk/?tenant_id=542&tenant_token=72b4145aad1747ae9c09acd2bc24a50d
33832.49.json	https://edge.fullstory.com/s/settings/o-1FC4W0-na1/v1/web
33832.56.js	https://static.gmlinteractive.com/casinov3/a73ac460/js/chunk.hcHMx4TS.js
33832.53.json	https://cdn.cookielaw.org/scripttemplates/202501.2.0/assets/otFloatingRounded.json
33832.54.json	https://cdn.cookielaw.org/scripttemplates/202501.2.0/assets/v2/otPcCenter.json
33832.61.js	https://static.gmlinteractive.com/casinov3/a73ac460/js/chunk.xVfC0zpC.js
33832.62.js	https://static.gmlinteractive.com/casinov3/a73ac460/js/chunk.B1WMR3hZ.js
33832.60.js	https://www.stoiximan.gr/cdn-cgi/challenge-platform/h/g/scripts/jsd/330e41bb475c/main.js?
33832.58.js	https://static.app.delivery/sdks/web/optimove-web-bundle.js
33832.14.js	https://www.googletagmanager.com/gtm.js?id=GTM-M3QHWW9
33832.70.js	https://static.gmlinteractive.com/casinov3/a73ac460/js/chunk.CoGGifHz.js
33832.73.js	https://static.gmlinteractive.com/casinov3/a73ac460/js/chunk.DKP9srV0.js
33832.71.js	https://static.gmlinteractive.com/casinov3/a73ac460/js/chunk.Dl1LrD15.js
33832.74.js	https://static.gmlinteractive.com/casinov3/a73ac460/js/chunk.lQqb9Nqs.js
33832.72.js	https://static.gmlinteractive.com/casinov3/a73ac460/js/chunk.NALbZN9r.js
33832.79.js	https://static.gmlinteractive.com/casinov3/a73ac460/js/chunk.Dh29p7QL.js
33832.75.js	https://static.gmlinteractive.com/casinov3/a73ac460/js/chunk.DDRWTr_U.js
33832.80.js	https://static.gmlinteractive.com/casinov3/a73ac460/js/chunk.7GxsokpS.js
33832.85.js	https://static.gmlinteractive.com/casinov3/a73ac460/js/chunk.HiYhu1fj.js
33832.78.js	https://static.gmlinteractive.com/casinov3/a73ac460/js/chunk._7e4AhZk.js
33832.77.js	https://static.gmlinteractive.com/casinov3/a73ac460/js/chunk.DNmEh1iY.js
33832.82.js	https://static.gmlinteractive.com/casinov3/a73ac460/js/chunk.VQ0IxCQh.js
33832.76.js	https://static.gmlinteractive.com/casinov3/a73ac460/js/chunk.U3e_6Mm5.js
33832.83.js	https://static.gmlinteractive.com/casinov3/a73ac460/js/chunk.Dav2gfjE.js
33832.86.js	https://static.gmlinteractive.com/casinov3/a73ac460/js/chunk.DDSXmQpR.js
33832.84.js	https://static.gmlinteractive.com/casinov3/a73ac460/js/chunk.CJSez0Ep.js
33832.81.js	https://static.gmlinteractive.com/casinov3/a73ac460/js/chunk.Dcj6YKnB.js
33832.87.js	https://static.gmlinteractive.com/casinov3/a73ac460/js/chunk.Be16HiJF.js
33832.88.js	https://static.gmlinteractive.com/casinov3/a73ac460/js/chunk.D-STApjy.js
33832.89.js	https://static.gmlinteractive.com/casinov3/a73ac460/js/chunk.zhp0ze8A.js
33832.91.js	https://static.gmlinteractive.com/casinov3/a73ac460/js/chunk.537i1yL4.js
33832.90.js	https://static.gmlinteractive.com/casinov3/a73ac460/js/chunk.C0_ibctr.js
33832.92.js	https://static.gmlinteractive.com/casinov3/a73ac460/js/chunk.xCpDP68M.js
33832.93.js	https://static.gmlinteractive.com/casinov3/a73ac460/js/chunk.BmuxE7rM.js
33832.94.js	https://static.gmlinteractive.com/casinov3/a73ac460/js/chunk.lcGDLDNw.js
33832.95.js	https://static.gmlinteractive.com/casinov3/a73ac460/js/chunk.D3DWUQqi.js
33832.97.js	https://static.gmlinteractive.com/casinov3/a73ac460/js/chunk.1fjffNKj.js
33832.96.js	https://static.gmlinteractive.com/casinov3/a73ac460/js/chunk.D5I8SGhl.js
33832.99.js	https://static.gmlinteractive.com/casinov3/a73ac460/js/chunk.D3MfnKqO.js
33832.98.js	https://static.gmlinteractive.com/casinov3/a73ac460/js/chunk.D-t3VI6w.js
33832.102.js	https://static.gmlinteractive.com/casinov3/a73ac460/js/chunk.C5a6dmbK.js
33832.101.js	https://static.gmlinteractive.com/casinov3/a73ac460/js/chunk.Bf2NK1cE.js
33832.104.js	https://static.gmlinteractive.com/casinov3/a73ac460/js/chunk.Ci892fHU.js
33832.105.js	https://static.gmlinteractive.com/casinov3/a73ac460/js/chunk.C7BfBz-_.js
33832.108.js	https://static.gmlinteractive.com/casinov3/a73ac460/js/chunk.CDQMZ_J2.js
33832.107.js	https://static.gmlinteractive.com/casinov3/a73ac460/js/chunk.CA0f47T3.js
33832.110.js	https://static.gmlinteractive.com/casinov3/a73ac460/js/chunk.DZ3Tix3B.js
33832.109.js	https://static.gmlinteractive.com/casinov3/a73ac460/js/chunk.BbBlzd_Q.js
33832.106.js	https://static.gmlinteractive.com/casinov3/a73ac460/js/chunk.IuL5-plG.js
33832.111.js	https://static.gmlinteractive.com/casinov3/a73ac460/js/chunk.BJUEsJRV.js
33832.112.js	https://static.gmlinteractive.com/casinov3/a73ac460/js/chunk.u4vPABi4.js
33832.113.js	https://static.gmlinteractive.com/casinov3/a73ac460/js/chunk.wL1VQXOh.js
33832.114.js	https://static.gmlinteractive.com/casinov3/a73ac460/js/chunk.0A77WSuG.js
33832.117.js	https://static.gmlinteractive.com/casinov3/a73ac460/js/chunk.aziTJOCh.js
33832.118.js	https://static.gmlinteractive.com/casinov3/a73ac460/js/chunk.C44m_qhJ.js
33832.116.js	https://static.gmlinteractive.com/casinov3/a73ac460/js/chunk.fOh4MTka.js
33832.115.js	https://static.gmlinteractive.com/casinov3/a73ac460/js/chunk.cIibpqXx.js
33832.119.js	https://static.gmlinteractive.com/casinov3/a73ac460/js/chunk.D0ho7GVx.js
33832.136.js	https://static.gmlinteractive.com/casinov3/a73ac460/js/chunk.vd-K1VZz.js
33832.137.js	https://static.gmlinteractive.com/casinov3/a73ac460/js/chunk.DtHtQSE_.js
33832.138.js	https://static.gmlinteractive.com/casinov3/a73ac460/js/chunk.DMHur1nR.js
33832.69.js	https://www.stoiximan.gr/cdn-cgi/challenge-platform/h/g/scripts/jsd/330e41bb475c/main.js?
33832.139.js	https://static.gmlinteractive.com/casinov3/a73ac460/js/chunk.nFlqTtvz.js
33832.142.js	https://static.gmlinteractive.com/casinov3/a73ac460/js/chunk.Do7CNB0a.js
33832.140.js	https://static.gmlinteractive.com/casinov3/a73ac460/js/chunk.CcDKCaiu.js
33832.141.js	https://static.gmlinteractive.com/casinov3/a73ac460/js/chunk.BpJOkY5U.js
33832.143.js	https://static.gmlinteractive.com/casinov3/a73ac460/js/chunk.BC2jRhmr.js
33832.144.js	https://static.gmlinteractive.com/casinov3/a73ac460/js/chunk.BA1BNOoA.js
33832.145.js	https://static.gmlinteractive.com/casinov3/a73ac460/js/chunk.BTFM0nDG.js
33832.146.js	https://static.gmlinteractive.com/casinov3/a73ac460/js/chunk.DYdl3_fj.js
33832.135.js	https://static.gmlinteractive.com/casinov3/a73ac460/js/chunk.i4BdLF3w.js
33832.151.js	https://static.gmlinteractive.com/casinov3/a73ac460/js/chunk.CS5IHAwZ.js
33832.153.js	https://static.gmlinteractive.com/casinov3/a73ac460/js/chunk.CS4hRJ20.js
33832.152.js	https://static.gmlinteractive.com/casinov3/a73ac460/js/chunk.CJpIeO3G.js
33832.154.js	https://static.gmlinteractive.com/casinov3/a73ac460/js/chunk.DompZaJe.js
33832.150.js	https://static.gmlinteractive.com/casinov3/a73ac460/js/chunk.pQb1mU1s.js
33832.59.json	https://stream-542.optimove.net/
33832.156.js	https://static.gmlinteractive.com/casinov3/a73ac460/js/chunk.RIERv44I.js
33832.155.js	https://static.gmlinteractive.com/casinov3/a73ac460/js/chunk.0ikMNeoQ.js
33832.158.js	https://static.gmlinteractive.com/casinov3/a73ac460/js/chunk.CVp7dYsV.js
33832.160.js	https://static.gmlinteractive.com/casinov3/a73ac460/js/chunk.CJkwPm_8.js
33832.163.json	https://www.stoiximan.gr/casino/api/bonus/stories/translations
33832.127.json	https://www.stoiximan.gr/casino/realitycheck/customersettings
33832.122.json	https://www.stoiximan.gr/casino/live/topNotifications/topNotification?v=true
33832.126.json	https://www.stoiximan.gr/casino/customerSession/lastLogin
33832.132.json	https://www.stoiximan.gr/casino/timelosslimits
33832.129.json	https://www.stoiximan.gr/casino/games/recentlysearched
33832.131.json	https://www.stoiximan.gr/casino/api/livefeed
33832.133.json	https://www.stoiximan.gr/casino/depositlimits
33832.134.json	https://www.stoiximan.gr/casino/customerSession/sessioninactivityconfig
33832.123.json	https://www.stoiximan.gr/casino/balance/userBalance
33832.177.json	https://static.gmlinteractive.com/casinov3/a73ac460/customer-top-wins-coin-icon.DF3q-Gkf.json
33832.125.json	https://www.stoiximan.gr/casino/popup
33832.149.json	https://www.stoiximan.gr/casino/api/stake-offers/pending
33832.124.json	https://www.stoiximan.gr/casino/freespins/userFreespins
33832.216.json	https://www.stoiximan.gr/casino/api/games/recommendations/operator
33832.217.json	https://www.stoiximan.gr/casino/games/hotcold
33832.180.json	https://www.stoiximan.gr/casino/live/api/games/filters
33832.178.json	https://static.gmlinteractive.com/casinov3/a73ac460/customer-top-wins-coin-icon.DF3q-Gkf.json
33832.222.js	https://euob.greencolumnart.com/sxp/i/04e7029789c8d022812f712860f76e7a.js
33832.220.json	https://www.stoiximan.gr/casino/customerpush/configuration
33832.218.json	https://www.stoiximan.gr/casino/games/recentlyplayed
33832.219.json	https://www.stoiximan.gr/casino/live/api/minilobbies?type=forYou
33832.215.json	https://www.stoiximan.gr/casino/api/games/recommendations/customer
33832.128.json	https://www.stoiximan.gr/casino/games/favorites
33832.162.json	https://www.stoiximan.gr/casino/api/bonus/stories?section=4
33832.221.json	https://realtime-542.optimove.net/reportEvent
33832.179.json	https://www.stoiximan.gr/casino/live/api/games
33832.250.js	https://static.gmlinteractive.com/casinov3/a73ac460/js/chunk.BAlDg4cu.js
33832.249.js	https://static.gmlinteractive.com/casinov3/a73ac460/js/chunk.1KCX7SsQ.js
33832.252.js	https://static.gmlinteractive.com/casinov3/a73ac460/js/chunk.BAN_lYwN.js
33832.251.js	https://static.gmlinteractive.com/casinov3/a73ac460/js/chunk.Ds3e56Zd.js
33832.255.js	https://static.gmlinteractive.com/casinov3/a73ac460/js/chunk.hUHlawNE.js
33832.256.js	https://static.gmlinteractive.com/casinov3/a73ac460/js/chunk.D0ttAJ5A.js
33832.258.js	https://static.gmlinteractive.com/casinov3/a73ac460/js/chunk._NysdQQ4.js
33832.257.js	https://static.gmlinteractive.com/casinov3/a73ac460/js/chunk.CdYBcpF9.js
33832.259.js	https://static.gmlinteractive.com/casinov3/a73ac460/js/chunk.CMqzxGB3.js
33832.263.js	https://static.gmlinteractive.com/casinov3/a73ac460/js/chunk.aeSiSbh7.js
33832.264.js	https://static.gmlinteractive.com/casinov3/a73ac460/js/chunk.9CPfRbtP.js
33832.266.js	https://static.gmlinteractive.com/casinov3/a73ac460/js/chunk.CPO9fdVm.js
33832.265.js	https://static.gmlinteractive.com/casinov3/a73ac460/js/chunk.DUbwancu.js
33832.267.js	https://static.gmlinteractive.com/casinov3/a73ac460/js/chunk.e55Onyzz.js
33832.269.js	https://static.gmlinteractive.com/casinov3/a73ac460/js/chunk.ChP-xL8V.js
33832.270.js	https://static.gmlinteractive.com/casinov3/a73ac460/js/chunk.B3HZH2uO.js
33832.273.js	https://static.gmlinteractive.com/casinov3/a73ac460/js/chunk.Cbbpjap1.js
33832.227.json	https://www.stoiximan.gr/customerhub_0/negotiate?negotiateVersion=1
33832.296.js	https://static.gmlinteractive.com/casinov3/a73ac460/js/chunk.BzglmUdk.js
33832.297.js	https://static.gmlinteractive.com/casinov3/a73ac460/js/chunk.DccLapCR.js
33832.225.js	https://www.googletagmanager.com/gtag/js?id=G-NL3TXCS6S3&cx=c&gtm=4e6921
33832.405.js	https://static.gmlinteractive.com/casinov3/a73ac460/js/chunk.B_JPMhhL.js
33832.226.json	https://obseu.greencolumnart.com/ct
33832.413.js	https://static.gmlinteractive.com/casinov3/a73ac460/js/chunk.BlbDh5_v.js
33832.429.json	https://www.stoiximan.gr/casino/api/topwins/operator
33832.415.json	https://www.stoiximan.gr/casino/games/launch/live/?gameId=35927
33408.4.js	https://static.cloudflareinsights.com/beacon.min.js/v31edd6df95cf4e85bb4c19e7a9bdbcba1788362987495
33408.2.js	https://gaming-launch-gr.betano.com/operator/1/provider/23/file/launcher.js?v=2
33408.8.js	https://gaming-launch-gr.betano.com/cdn-cgi/challenge-platform/h/g/scripts/jsd/330e41bb475c/main.js?
33408.10.js	https://gaming-launch-gr.betano.com/cdn-cgi/challenge-platform/h/g/scripts/jsd/330e41bb475c/main.js?
25880.526.js	https://www.frail-chance-42.net/apps/shell/static/js/104.f7bf8472.js
25880.527.js	https://www.frail-chance-42.net/apps/shell/static/js/786.74574695.js
25880.528.js	https://www.frail-chance-42.net/apps/shell/static/js/345.de409feb.js
25880.529.js	https://www.frail-chance-42.net/apps/shell/static/js/index.5afa7f63.js
25880.545.js	https://www.frail-chance-42.net/apps/shell/static/js/async/677.34320ab6.js
25880.544.json	https://www.frail-chance-42.net/apps/translations-ui/latest/en/miniplay.json
25972.549.json	https://client.pragmaticplaylive.net/apps/theme-manager/1.0.0/themes/pp_blackjack_default/theme.json
25972.546.json	https://client.pragmaticplaylive.net/apps/feature-flags/1.0.0/promotions.manifest.json
25972.545.json	https://client.pragmaticplaylive.net/apps/feature-flags/1.0.0/blackjack.manifest.json
25972.551.js	https://client.pragmaticplaylive.net/apps/blackjack/3.2.83/release.js
25972.554.js	https://client.pragmaticplaylive.net/apps/video/2.1.2/index.js
25972.588.js	https://client.pragmaticplaylive.net/apps/video/2.1.2/constants-CQe0O6qb.js
25880.548.json	https://cdn.frail-chance-42.net/gs2c/SingleSessionAPI/data
25880.551.json	https://www.frail-chance-42.net/apps/translations-ui/latest/el/miniplay.json
25880.549.json	https://cdn.frail-chance-42.net/ClientAPI/shell/settings/get/all
25880.554.json	https://cdn.frail-chance-42.net/gs2c/SingleSessionAPI/ping
25880.555.json	https://cdn.frail-chance-42.net/gs2c/SingleSessionAPI/ping
5300.726.json	https://www.stoiximan.gr/casino/timelosslimits
18348.394.json	https://www.stoiximan.gr/casino/timelosslimits
18348.395.json	https://www.stoiximan.gr/casino/depositlimits
34180.2.json	https://translations.gmlinteractive.com/api/v1/translations/kcv/casinowebsitefrontend/el/24
34180.3.js	https://cdn.cookielaw.org/scripttemplates/otSDKStub.js
34180.10.js	https://static.cloudflareinsights.com/beacon.min.js/v31edd6df95cf4e85bb4c19e7a9bdbcba1788362987495
34180.8.js	https://copilot.gmlinteractive.com/copilot/0.9.6-5e18e9f2/main.js
34180.13.json	https://cdn.cookielaw.org/consent/799045cc-2657-469e-9b2c-24cc08e431ae/799045cc-2657-469e-9b2c-24cc08e431ae.json
34180.15.js	https://edge.fullstory.com/s/fs.js
34180.44.js	https://copilot.gmlinteractive.com/copilot/0.9.6-5e18e9f2/vue.C1Ckkl3F.js
34180.47.js	https://copilot.gmlinteractive.com/copilot/0.9.6-5e18e9f2/swiper.CqlqoF6A.js
34180.46.js	https://copilot.gmlinteractive.com/copilot/0.9.6-5e18e9f2/vue-i18n.CKK-OYXf.js
34180.48.js	https://copilot.gmlinteractive.com/copilot/0.9.6-5e18e9f2/markdown.BMSQkwth.js
34180.49.json	https://edge.fullstory.com/s/settings/o-1FC4W0-na1/v1/web
34180.14.js	https://www.googletagmanager.com/gtm.js?id=GTM-M3QHWW9
34180.45.js	https://copilot.gmlinteractive.com/copilot/0.9.6-5e18e9f2/vue3-lottie.BRAhPEvB.js
34180.43.json	https://geolocation.onetrust.com/cookieconsentpub/v1/geo/location
34180.6.js	https://static.gmlinteractive.com/casinov3/a73ac460/js/app.DCm7PxGX.js
34180.50.js	https://cdn.cookielaw.org/scripttemplates/202501.2.0/otBannerSdk.js
34180.51.js	https://static.gmlinteractive.com/casinov3/a73ac460/js/chunk.BwlIe5fW.js
34180.9.js	https://sdk.optimove.net/websdk/?tenant_id=542&tenant_token=72b4145aad1747ae9c09acd2bc24a50d
34180.52.js	https://static.gmlinteractive.com/casinov3/a73ac460/js/chunk.hcHMx4TS.js
34180.54.js	https://static.app.delivery/sdks/web/optimove-web-bundle.js
34180.56.js	https://static.gmlinteractive.com/casinov3/a73ac460/js/chunk.xVfC0zpC.js
34180.57.js	https://static.gmlinteractive.com/casinov3/a73ac460/js/chunk.B1WMR3hZ.js
34180.59.js	https://static.gmlinteractive.com/casinov3/a73ac460/js/chunk.CoGGifHz.js
34180.60.js	https://static.gmlinteractive.com/casinov3/a73ac460/js/chunk.Dl1LrD15.js
34180.62.js	https://static.gmlinteractive.com/casinov3/a73ac460/js/chunk.DKP9srV0.js
34180.61.js	https://static.gmlinteractive.com/casinov3/a73ac460/js/chunk.NALbZN9r.js
34180.63.js	https://static.gmlinteractive.com/casinov3/a73ac460/js/chunk.lQqb9Nqs.js
34180.73.js	https://static.gmlinteractive.com/casinov3/a73ac460/js/chunk.CJSez0Ep.js
34180.69.js	https://static.gmlinteractive.com/casinov3/a73ac460/js/chunk.7GxsokpS.js
34180.71.js	https://static.gmlinteractive.com/casinov3/a73ac460/js/chunk.VQ0IxCQh.js
34180.76.js	https://static.gmlinteractive.com/casinov3/a73ac460/js/chunk.Be16HiJF.js
34180.66.js	https://static.gmlinteractive.com/casinov3/a73ac460/js/chunk.DNmEh1iY.js
34180.68.js	https://static.gmlinteractive.com/casinov3/a73ac460/js/chunk.Dh29p7QL.js
34180.64.js	https://static.gmlinteractive.com/casinov3/a73ac460/js/chunk.DDRWTr_U.js
34180.77.js	https://static.gmlinteractive.com/casinov3/a73ac460/js/chunk.D-STApjy.js
34180.70.js	https://static.gmlinteractive.com/casinov3/a73ac460/js/chunk.Dcj6YKnB.js
34180.74.js	https://static.gmlinteractive.com/casinov3/a73ac460/js/chunk.HiYhu1fj.js
34180.72.js	https://static.gmlinteractive.com/casinov3/a73ac460/js/chunk.Dav2gfjE.js
34180.67.js	https://static.gmlinteractive.com/casinov3/a73ac460/js/chunk._7e4AhZk.js
34180.65.js	https://static.gmlinteractive.com/casinov3/a73ac460/js/chunk.U3e_6Mm5.js
34180.75.js	https://static.gmlinteractive.com/casinov3/a73ac460/js/chunk.DDSXmQpR.js
34180.78.js	https://static.gmlinteractive.com/casinov3/a73ac460/js/chunk.zhp0ze8A.js
34180.80.js	https://static.gmlinteractive.com/casinov3/a73ac460/js/chunk.537i1yL4.js
34180.81.js	https://static.gmlinteractive.com/casinov3/a73ac460/js/chunk.xCpDP68M.js
34180.79.js	https://static.gmlinteractive.com/casinov3/a73ac460/js/chunk.C0_ibctr.js
34180.83.js	https://static.gmlinteractive.com/casinov3/a73ac460/js/chunk.lcGDLDNw.js
34180.82.js	https://static.gmlinteractive.com/casinov3/a73ac460/js/chunk.BmuxE7rM.js
34180.84.js	https://static.gmlinteractive.com/casinov3/a73ac460/js/chunk.D3DWUQqi.js
34180.86.js	https://static.gmlinteractive.com/casinov3/a73ac460/js/chunk.1fjffNKj.js
34180.85.js	https://static.gmlinteractive.com/casinov3/a73ac460/js/chunk.D5I8SGhl.js
34180.87.js	https://static.gmlinteractive.com/casinov3/a73ac460/js/chunk.D-t3VI6w.js
34180.88.js	https://static.gmlinteractive.com/casinov3/a73ac460/js/chunk.D3MfnKqO.js
34180.91.js	https://static.gmlinteractive.com/casinov3/a73ac460/js/chunk.C5a6dmbK.js
34180.90.js	https://static.gmlinteractive.com/casinov3/a73ac460/js/chunk.Bf2NK1cE.js
34180.93.js	https://static.gmlinteractive.com/casinov3/a73ac460/js/chunk.Ci892fHU.js
34180.94.js	https://static.gmlinteractive.com/casinov3/a73ac460/js/chunk.C7BfBz-_.js
34180.97.js	https://static.gmlinteractive.com/casinov3/a73ac460/js/chunk.CDQMZ_J2.js
34180.96.js	https://static.gmlinteractive.com/casinov3/a73ac460/js/chunk.CA0f47T3.js
34180.99.js	https://static.gmlinteractive.com/casinov3/a73ac460/js/chunk.DZ3Tix3B.js
34180.98.js	https://static.gmlinteractive.com/casinov3/a73ac460/js/chunk.BbBlzd_Q.js
34180.95.js	https://static.gmlinteractive.com/casinov3/a73ac460/js/chunk.IuL5-plG.js
34180.100.js	https://static.gmlinteractive.com/casinov3/a73ac460/js/chunk.BJUEsJRV.js
34180.101.js	https://static.gmlinteractive.com/casinov3/a73ac460/js/chunk.u4vPABi4.js
34180.102.js	https://static.gmlinteractive.com/casinov3/a73ac460/js/chunk.wL1VQXOh.js
34180.103.js	https://static.gmlinteractive.com/casinov3/a73ac460/js/chunk.0A77WSuG.js
34180.106.js	https://static.gmlinteractive.com/casinov3/a73ac460/js/chunk.aziTJOCh.js
34180.107.js	https://static.gmlinteractive.com/casinov3/a73ac460/js/chunk.C44m_qhJ.js
34180.105.js	https://static.gmlinteractive.com/casinov3/a73ac460/js/chunk.fOh4MTka.js
34180.104.js	https://static.gmlinteractive.com/casinov3/a73ac460/js/chunk.cIibpqXx.js
34180.58.json	https://cdn.cookielaw.org/consent/799045cc-2657-469e-9b2c-24cc08e431ae/019e4aa1-1c2d-78b9-8210-0ac0f140aa51/el.json
34180.108.js	https://static.gmlinteractive.com/casinov3/a73ac460/js/chunk.D0ho7GVx.js
34180.125.js	https://static.gmlinteractive.com/casinov3/a73ac460/js/chunk.vd-K1VZz.js
34180.127.js	https://static.gmlinteractive.com/casinov3/a73ac460/js/chunk.DMHur1nR.js
34180.126.js	https://static.gmlinteractive.com/casinov3/a73ac460/js/chunk.DtHtQSE_.js
34180.128.js	https://static.gmlinteractive.com/casinov3/a73ac460/js/chunk.nFlqTtvz.js
34180.131.js	https://static.gmlinteractive.com/casinov3/a73ac460/js/chunk.Do7CNB0a.js
34180.130.js	https://static.gmlinteractive.com/casinov3/a73ac460/js/chunk.BpJOkY5U.js
34180.133.js	https://static.gmlinteractive.com/casinov3/a73ac460/js/chunk.BA1BNOoA.js
34180.132.js	https://static.gmlinteractive.com/casinov3/a73ac460/js/chunk.BC2jRhmr.js
34180.134.js	https://static.gmlinteractive.com/casinov3/a73ac460/js/chunk.BTFM0nDG.js
34180.129.js	https://static.gmlinteractive.com/casinov3/a73ac460/js/chunk.CcDKCaiu.js
34180.135.js	https://static.gmlinteractive.com/casinov3/a73ac460/js/chunk.DYdl3_fj.js
34180.124.js	https://static.gmlinteractive.com/casinov3/a73ac460/js/chunk.i4BdLF3w.js
34180.138.json	https://cdn.cookielaw.org/scripttemplates/202501.2.0/assets/otFloatingRounded.json
34180.139.json	https://cdn.cookielaw.org/scripttemplates/202501.2.0/assets/v2/otPcCenter.json
34180.55.json	https://stream-542.optimove.net/
34180.143.js	https://static.gmlinteractive.com/casinov3/a73ac460/js/chunk.CS5IHAwZ.js
34180.145.js	https://static.gmlinteractive.com/casinov3/a73ac460/js/chunk.CS4hRJ20.js
34180.144.js	https://static.gmlinteractive.com/casinov3/a73ac460/js/chunk.CJpIeO3G.js
34180.142.js	https://static.gmlinteractive.com/casinov3/a73ac460/js/chunk.pQb1mU1s.js
34180.146.js	https://static.gmlinteractive.com/casinov3/a73ac460/js/chunk.DompZaJe.js
34180.111.json	https://www.stoiximan.gr/casino/live/topNotifications/topNotification?v=true
34180.148.js	https://static.gmlinteractive.com/casinov3/a73ac460/js/chunk.RIERv44I.js
34180.147.js	https://static.gmlinteractive.com/casinov3/a73ac460/js/chunk.0ikMNeoQ.js
34180.116.json	https://www.stoiximan.gr/casino/realitycheck/customersettings
34180.118.json	https://www.stoiximan.gr/casino/games/recentlysearched
34180.150.js	https://static.gmlinteractive.com/casinov3/a73ac460/js/chunk.CVp7dYsV.js
34180.152.js	https://static.gmlinteractive.com/casinov3/a73ac460/js/chunk.CJkwPm_8.js
34180.122.json	https://www.stoiximan.gr/casino/depositlimits
34180.115.json	https://www.stoiximan.gr/casino/customerSession/lastLogin
34180.123.json	https://www.stoiximan.gr/casino/customerSession/sessioninactivityconfig
34180.121.json	https://www.stoiximan.gr/casino/timelosslimits
34180.154.json	https://www.stoiximan.gr/casino/api/bonus/stories?section=4
34180.155.json	https://www.stoiximan.gr/casino/api/bonus/stories/translations
34180.112.json	https://www.stoiximan.gr/casino/balance/userBalance
34180.120.json	https://www.stoiximan.gr/casino/api/livefeed
34180.114.json	https://www.stoiximan.gr/casino/popup
34180.141.json	https://www.stoiximan.gr/casino/api/stake-offers/pending
34180.169.json	https://static.gmlinteractive.com/casinov3/a73ac460/customer-top-wins-coin-icon.DF3q-Gkf.json
34180.113.json	https://www.stoiximan.gr/casino/freespins/userFreespins
34180.117.json	https://www.stoiximan.gr/casino/games/favorites
34180.209.json	https://www.stoiximan.gr/casino/games/hotcold
34180.208.json	https://www.stoiximan.gr/casino/api/games/recommendations/operator
34180.172.json	https://www.stoiximan.gr/casino/live/api/games/filters
34180.216.js	https://euob.greencolumnart.com/sxp/i/04e7029789c8d022812f712860f76e7a.js
34180.170.json	https://static.gmlinteractive.com/casinov3/a73ac460/customer-top-wins-coin-icon.DF3q-Gkf.json
34180.212.json	https://www.stoiximan.gr/casino/customerpush/configuration
34180.207.json	https://www.stoiximan.gr/casino/api/games/recommendations/customer
34180.210.json	https://www.stoiximan.gr/casino/games/recentlyplayed
34180.171.json	https://www.stoiximan.gr/casino/live/api/games
34180.211.json	https://www.stoiximan.gr/casino/live/api/minilobbies?type=forYou
34180.263.js	https://static.gmlinteractive.com/casinov3/a73ac460/js/chunk.1KCX7SsQ.js
34180.264.js	https://static.gmlinteractive.com/casinov3/a73ac460/js/chunk.BAlDg4cu.js
34180.265.js	https://static.gmlinteractive.com/casinov3/a73ac460/js/chunk.Ds3e56Zd.js
34180.266.js	https://static.gmlinteractive.com/casinov3/a73ac460/js/chunk.BAN_lYwN.js
34180.269.js	https://static.gmlinteractive.com/casinov3/a73ac460/js/chunk.hUHlawNE.js
34180.272.js	https://static.gmlinteractive.com/casinov3/a73ac460/js/chunk._NysdQQ4.js
34180.270.js	https://static.gmlinteractive.com/casinov3/a73ac460/js/chunk.D0ttAJ5A.js
34180.277.js	https://static.gmlinteractive.com/casinov3/a73ac460/js/chunk.aeSiSbh7.js
34180.273.js	https://static.gmlinteractive.com/casinov3/a73ac460/js/chunk.CMqzxGB3.js
34180.278.js	https://static.gmlinteractive.com/casinov3/a73ac460/js/chunk.9CPfRbtP.js
34180.271.js	https://static.gmlinteractive.com/casinov3/a73ac460/js/chunk.CdYBcpF9.js
34180.281.js	https://static.gmlinteractive.com/casinov3/a73ac460/js/chunk.e55Onyzz.js
34180.280.js	https://static.gmlinteractive.com/casinov3/a73ac460/js/chunk.CPO9fdVm.js
34180.279.js	https://static.gmlinteractive.com/casinov3/a73ac460/js/chunk.DUbwancu.js
34180.283.js	https://static.gmlinteractive.com/casinov3/a73ac460/js/chunk.ChP-xL8V.js
34180.284.js	https://static.gmlinteractive.com/casinov3/a73ac460/js/chunk.B3HZH2uO.js
34180.287.js	https://static.gmlinteractive.com/casinov3/a73ac460/js/chunk.Cbbpjap1.js
34180.291.js	https://static.gmlinteractive.com/casinov3/a73ac460/js/chunk.BzglmUdk.js
34180.292.js	https://static.gmlinteractive.com/casinov3/a73ac460/js/chunk.DccLapCR.js
34180.262.json	https://www.stoiximan.gr/customerhub_0/negotiate?negotiateVersion=1
34180.240.json	https://realtime-542.optimove.net/reportEvent
34180.290.json	https://obseu.greencolumnart.com/ct
34180.401.js	https://www.googletagmanager.com/gtag/js?id=G-NL3TXCS6S3&cx=c&gtm=4e6921
34180.409.js	https://static.gmlinteractive.com/casinov3/a73ac460/js/chunk.B_JPMhhL.js
34180.410.js	https://static.gmlinteractive.com/casinov3/a73ac460/js/chunk.BlbDh5_v.js
34180.425.json	https://www.stoiximan.gr/casino/api/topwins/operator
34180.529.json	https://www.stoiximan.gr/casino/games/launch/live/?gameId=35927
14880.4.js	https://static.cloudflareinsights.com/beacon.min.js/v31edd6df95cf4e85bb4c19e7a9bdbcba1788362987495
14880.2.js	https://gaming-launch-gr.betano.com/operator/1/provider/23/file/launcher.js?v=2
25880.557.js	https://www.frail-chance-42.net/apps/shell/static/js/104.f7bf8472.js
25880.558.js	https://www.frail-chance-42.net/apps/shell/static/js/786.74574695.js
25880.559.js	https://www.frail-chance-42.net/apps/shell/static/js/345.de409feb.js
25880.560.js	https://www.frail-chance-42.net/apps/shell/static/js/index.5afa7f63.js
25880.575.json	https://www.frail-chance-42.net/apps/translations-ui/latest/en/miniplay.json
25880.576.js	https://www.frail-chance-42.net/apps/shell/static/js/async/677.34320ab6.js
25972.622.json	https://client.pragmaticplaylive.net/apps/theme-manager/1.0.0/themes/pp_blackjack_default/theme.json
25972.618.json	https://client.pragmaticplaylive.net/apps/feature-flags/1.0.0/blackjack.manifest.json
25972.619.json	https://client.pragmaticplaylive.net/apps/feature-flags/1.0.0/promotions.manifest.json
25608.2.json	https://translations.gmlinteractive.com/api/v1/translations/kcv/casinowebsitefrontend/el/24
25608.3.js	https://cdn.cookielaw.org/scripttemplates/otSDKStub.js
25608.10.js	https://static.cloudflareinsights.com/beacon.min.js/v31edd6df95cf4e85bb4c19e7a9bdbcba1788362987495
25608.8.js	https://copilot.gmlinteractive.com/copilot/0.9.6-5e18e9f2/main.js
25608.13.json	https://cdn.cookielaw.org/consent/799045cc-2657-469e-9b2c-24cc08e431ae/799045cc-2657-469e-9b2c-24cc08e431ae.json
25608.15.js	https://edge.fullstory.com/s/fs.js
25608.14.js	https://www.googletagmanager.com/gtm.js?id=GTM-M3QHWW9
25608.23.json	https://geolocation.onetrust.com/cookieconsentpub/v1/geo/location
25608.46.js	https://copilot.gmlinteractive.com/copilot/0.9.6-5e18e9f2/vue-i18n.CKK-OYXf.js
25608.47.js	https://copilot.gmlinteractive.com/copilot/0.9.6-5e18e9f2/swiper.CqlqoF6A.js
25608.44.js	https://copilot.gmlinteractive.com/copilot/0.9.6-5e18e9f2/vue.C1Ckkl3F.js
25608.48.js	https://copilot.gmlinteractive.com/copilot/0.9.6-5e18e9f2/markdown.BMSQkwth.js
25608.49.json	https://edge.fullstory.com/s/settings/o-1FC4W0-na1/v1/web
25608.45.js	https://copilot.gmlinteractive.com/copilot/0.9.6-5e18e9f2/vue3-lottie.BRAhPEvB.js
25608.50.js	https://cdn.cookielaw.org/scripttemplates/202501.2.0/otBannerSdk.js
25608.9.js	https://sdk.optimove.net/websdk/?tenant_id=542&tenant_token=72b4145aad1747ae9c09acd2bc24a50d
25608.6.js	https://static.gmlinteractive.com/casinov3/a73ac460/js/app.DCm7PxGX.js
25608.51.js	https://static.gmlinteractive.com/casinov3/a73ac460/js/chunk.BwlIe5fW.js
25608.52.js	https://static.gmlinteractive.com/casinov3/a73ac460/js/chunk.hcHMx4TS.js
25608.54.js	https://static.app.delivery/sdks/web/optimove-web-bundle.js
25608.56.js	https://static.gmlinteractive.com/casinov3/a73ac460/js/chunk.xVfC0zpC.js
25608.57.js	https://static.gmlinteractive.com/casinov3/a73ac460/js/chunk.B1WMR3hZ.js
25608.59.js	https://static.gmlinteractive.com/casinov3/a73ac460/js/chunk.CoGGifHz.js
25608.60.js	https://static.gmlinteractive.com/casinov3/a73ac460/js/chunk.Dl1LrD15.js
25608.65.js	https://static.gmlinteractive.com/casinov3/a73ac460/js/chunk.U3e_6Mm5.js
25608.63.js	https://static.gmlinteractive.com/casinov3/a73ac460/js/chunk.lQqb9Nqs.js
25608.62.js	https://static.gmlinteractive.com/casinov3/a73ac460/js/chunk.DKP9srV0.js
25608.72.js	https://static.gmlinteractive.com/casinov3/a73ac460/js/chunk.Dav2gfjE.js
25608.71.js	https://static.gmlinteractive.com/casinov3/a73ac460/js/chunk.VQ0IxCQh.js
25608.64.js	https://static.gmlinteractive.com/casinov3/a73ac460/js/chunk.DDRWTr_U.js
25608.61.js	https://static.gmlinteractive.com/casinov3/a73ac460/js/chunk.NALbZN9r.js
25608.67.js	https://static.gmlinteractive.com/casinov3/a73ac460/js/chunk._7e4AhZk.js
25608.68.js	https://static.gmlinteractive.com/casinov3/a73ac460/js/chunk.Dh29p7QL.js
25608.73.js	https://static.gmlinteractive.com/casinov3/a73ac460/js/chunk.CJSez0Ep.js
25608.69.js	https://static.gmlinteractive.com/casinov3/a73ac460/js/chunk.7GxsokpS.js
25608.66.js	https://static.gmlinteractive.com/casinov3/a73ac460/js/chunk.DNmEh1iY.js
25608.75.js	https://static.gmlinteractive.com/casinov3/a73ac460/js/chunk.DDSXmQpR.js
25608.74.js	https://static.gmlinteractive.com/casinov3/a73ac460/js/chunk.HiYhu1fj.js
25608.76.js	https://static.gmlinteractive.com/casinov3/a73ac460/js/chunk.Be16HiJF.js
25608.77.js	https://static.gmlinteractive.com/casinov3/a73ac460/js/chunk.D-STApjy.js
25608.78.js	https://static.gmlinteractive.com/casinov3/a73ac460/js/chunk.zhp0ze8A.js
25608.80.js	https://static.gmlinteractive.com/casinov3/a73ac460/js/chunk.537i1yL4.js
25608.70.js	https://static.gmlinteractive.com/casinov3/a73ac460/js/chunk.Dcj6YKnB.js
25608.81.js	https://static.gmlinteractive.com/casinov3/a73ac460/js/chunk.xCpDP68M.js
25608.83.js	https://static.gmlinteractive.com/casinov3/a73ac460/js/chunk.lcGDLDNw.js
25608.79.js	https://static.gmlinteractive.com/casinov3/a73ac460/js/chunk.C0_ibctr.js
25608.84.js	https://static.gmlinteractive.com/casinov3/a73ac460/js/chunk.D3DWUQqi.js
25608.86.js	https://static.gmlinteractive.com/casinov3/a73ac460/js/chunk.1fjffNKj.js
25608.85.js	https://static.gmlinteractive.com/casinov3/a73ac460/js/chunk.D5I8SGhl.js
25608.88.js	https://static.gmlinteractive.com/casinov3/a73ac460/js/chunk.D3MfnKqO.js
25608.87.js	https://static.gmlinteractive.com/casinov3/a73ac460/js/chunk.D-t3VI6w.js
25608.82.js	https://static.gmlinteractive.com/casinov3/a73ac460/js/chunk.BmuxE7rM.js
25608.91.js	https://static.gmlinteractive.com/casinov3/a73ac460/js/chunk.C5a6dmbK.js
25608.90.js	https://static.gmlinteractive.com/casinov3/a73ac460/js/chunk.Bf2NK1cE.js
25608.93.js	https://static.gmlinteractive.com/casinov3/a73ac460/js/chunk.Ci892fHU.js
25608.94.js	https://static.gmlinteractive.com/casinov3/a73ac460/js/chunk.C7BfBz-_.js
25608.96.js	https://static.gmlinteractive.com/casinov3/a73ac460/js/chunk.CA0f47T3.js
25608.95.js	https://static.gmlinteractive.com/casinov3/a73ac460/js/chunk.IuL5-plG.js
25608.97.js	https://static.gmlinteractive.com/casinov3/a73ac460/js/chunk.CDQMZ_J2.js
25608.99.js	https://static.gmlinteractive.com/casinov3/a73ac460/js/chunk.DZ3Tix3B.js
25608.98.js	https://static.gmlinteractive.com/casinov3/a73ac460/js/chunk.BbBlzd_Q.js
25608.100.js	https://static.gmlinteractive.com/casinov3/a73ac460/js/chunk.BJUEsJRV.js
25608.101.js	https://static.gmlinteractive.com/casinov3/a73ac460/js/chunk.u4vPABi4.js
25608.102.js	https://static.gmlinteractive.com/casinov3/a73ac460/js/chunk.wL1VQXOh.js
25608.103.js	https://static.gmlinteractive.com/casinov3/a73ac460/js/chunk.0A77WSuG.js
25608.106.js	https://static.gmlinteractive.com/casinov3/a73ac460/js/chunk.aziTJOCh.js
25608.107.js	https://static.gmlinteractive.com/casinov3/a73ac460/js/chunk.C44m_qhJ.js
25608.105.js	https://static.gmlinteractive.com/casinov3/a73ac460/js/chunk.fOh4MTka.js
25608.104.js	https://static.gmlinteractive.com/casinov3/a73ac460/js/chunk.cIibpqXx.js
25608.58.json	https://cdn.cookielaw.org/consent/799045cc-2657-469e-9b2c-24cc08e431ae/019e4aa1-1c2d-78b9-8210-0ac0f140aa51/el.json
25608.108.js	https://static.gmlinteractive.com/casinov3/a73ac460/js/chunk.D0ho7GVx.js
25608.126.js	https://static.gmlinteractive.com/casinov3/a73ac460/js/chunk.DtHtQSE_.js
25608.125.js	https://static.gmlinteractive.com/casinov3/a73ac460/js/chunk.vd-K1VZz.js
25608.128.js	https://static.gmlinteractive.com/casinov3/a73ac460/js/chunk.nFlqTtvz.js
25608.127.js	https://static.gmlinteractive.com/casinov3/a73ac460/js/chunk.DMHur1nR.js
25608.132.js	https://static.gmlinteractive.com/casinov3/a73ac460/js/chunk.BC2jRhmr.js
25608.131.js	https://static.gmlinteractive.com/casinov3/a73ac460/js/chunk.Do7CNB0a.js
25608.133.js	https://static.gmlinteractive.com/casinov3/a73ac460/js/chunk.BA1BNOoA.js
25608.129.js	https://static.gmlinteractive.com/casinov3/a73ac460/js/chunk.CcDKCaiu.js
25608.130.js	https://static.gmlinteractive.com/casinov3/a73ac460/js/chunk.BpJOkY5U.js
25608.134.js	https://static.gmlinteractive.com/casinov3/a73ac460/js/chunk.BTFM0nDG.js
25608.135.js	https://static.gmlinteractive.com/casinov3/a73ac460/js/chunk.DYdl3_fj.js
25608.124.js	https://static.gmlinteractive.com/casinov3/a73ac460/js/chunk.i4BdLF3w.js
25608.138.json	https://cdn.cookielaw.org/scripttemplates/202501.2.0/assets/otFloatingRounded.json
25608.139.json	https://cdn.cookielaw.org/scripttemplates/202501.2.0/assets/v2/otPcCenter.json
25608.55.json	https://stream-542.optimove.net/
25608.143.js	https://static.gmlinteractive.com/casinov3/a73ac460/js/chunk.CS5IHAwZ.js
25608.145.js	https://static.gmlinteractive.com/casinov3/a73ac460/js/chunk.CS4hRJ20.js
25608.146.js	https://static.gmlinteractive.com/casinov3/a73ac460/js/chunk.DompZaJe.js
25608.144.js	https://static.gmlinteractive.com/casinov3/a73ac460/js/chunk.CJpIeO3G.js
25608.142.js	https://static.gmlinteractive.com/casinov3/a73ac460/js/chunk.pQb1mU1s.js
25608.111.json	https://www.stoiximan.gr/casino/live/topNotifications/topNotification?v=true
25608.148.js	https://static.gmlinteractive.com/casinov3/a73ac460/js/chunk.RIERv44I.js
25608.147.js	https://static.gmlinteractive.com/casinov3/a73ac460/js/chunk.0ikMNeoQ.js
25608.116.json	https://www.stoiximan.gr/casino/realitycheck/customersettings
25608.115.json	https://www.stoiximan.gr/casino/customerSession/lastLogin
25608.123.json	https://www.stoiximan.gr/casino/customerSession/sessioninactivityconfig
25608.121.json	https://www.stoiximan.gr/casino/timelosslimits
25608.118.json	https://www.stoiximan.gr/casino/games/recentlysearched
25608.122.json	https://www.stoiximan.gr/casino/depositlimits
25608.120.json	https://www.stoiximan.gr/casino/api/livefeed
25608.150.js	https://static.gmlinteractive.com/casinov3/a73ac460/js/chunk.CVp7dYsV.js
25608.152.js	https://static.gmlinteractive.com/casinov3/a73ac460/js/chunk.CJkwPm_8.js
25608.112.json	https://www.stoiximan.gr/casino/balance/userBalance
25608.155.json	https://www.stoiximan.gr/casino/api/bonus/stories/translations
25608.154.json	https://www.stoiximan.gr/casino/api/bonus/stories?section=4
25608.114.json	https://www.stoiximan.gr/casino/popup
25608.141.json	https://www.stoiximan.gr/casino/api/stake-offers/pending
25608.113.json	https://www.stoiximan.gr/casino/freespins/userFreespins
25608.169.json	https://static.gmlinteractive.com/casinov3/a73ac460/customer-top-wins-coin-icon.DF3q-Gkf.json
25608.117.json	https://www.stoiximan.gr/casino/games/favorites
25608.171.json	https://www.stoiximan.gr/casino/live/api/games
25608.172.json	https://www.stoiximan.gr/casino/live/api/games/filters
25608.209.json	https://www.stoiximan.gr/casino/games/hotcold
25608.208.json	https://www.stoiximan.gr/casino/api/games/recommendations/operator
25608.216.js	https://euob.greencolumnart.com/sxp/i/04e7029789c8d022812f712860f76e7a.js
25608.212.json	https://www.stoiximan.gr/casino/customerpush/configuration
25608.170.json	https://static.gmlinteractive.com/casinov3/a73ac460/customer-top-wins-coin-icon.DF3q-Gkf.json
25608.211.json	https://www.stoiximan.gr/casino/live/api/minilobbies?type=forYou
25608.210.json	https://www.stoiximan.gr/casino/games/recentlyplayed
25608.242.js	https://static.gmlinteractive.com/casinov3/a73ac460/js/chunk.BAlDg4cu.js
25608.241.js	https://static.gmlinteractive.com/casinov3/a73ac460/js/chunk.1KCX7SsQ.js
25608.243.js	https://static.gmlinteractive.com/casinov3/a73ac460/js/chunk.Ds3e56Zd.js
25608.244.js	https://static.gmlinteractive.com/casinov3/a73ac460/js/chunk.BAN_lYwN.js
25608.247.js	https://static.gmlinteractive.com/casinov3/a73ac460/js/chunk.hUHlawNE.js
25608.248.js	https://static.gmlinteractive.com/casinov3/a73ac460/js/chunk.D0ttAJ5A.js
25608.250.js	https://static.gmlinteractive.com/casinov3/a73ac460/js/chunk._NysdQQ4.js
25608.251.js	https://static.gmlinteractive.com/casinov3/a73ac460/js/chunk.CMqzxGB3.js
25608.249.js	https://static.gmlinteractive.com/casinov3/a73ac460/js/chunk.CdYBcpF9.js
25608.255.js	https://static.gmlinteractive.com/casinov3/a73ac460/js/chunk.aeSiSbh7.js
25608.256.js	https://static.gmlinteractive.com/casinov3/a73ac460/js/chunk.9CPfRbtP.js
25608.207.json	https://www.stoiximan.gr/casino/api/games/recommendations/customer
25608.257.js	https://static.gmlinteractive.com/casinov3/a73ac460/js/chunk.DUbwancu.js
25608.258.js	https://static.gmlinteractive.com/casinov3/a73ac460/js/chunk.CPO9fdVm.js
25608.259.js	https://static.gmlinteractive.com/casinov3/a73ac460/js/chunk.e55Onyzz.js
25608.261.js	https://static.gmlinteractive.com/casinov3/a73ac460/js/chunk.ChP-xL8V.js
25608.262.js	https://static.gmlinteractive.com/casinov3/a73ac460/js/chunk.B3HZH2uO.js
25608.265.js	https://static.gmlinteractive.com/casinov3/a73ac460/js/chunk.Cbbpjap1.js
25608.219.json	https://realtime-542.optimove.net/reportEvent
25608.289.js	https://static.gmlinteractive.com/casinov3/a73ac460/js/chunk.BzglmUdk.js
25608.290.js	https://static.gmlinteractive.com/casinov3/a73ac460/js/chunk.DccLapCR.js
25608.288.json	https://www.stoiximan.gr/customerhub_0/negotiate?negotiateVersion=1
25608.399.js	https://static.gmlinteractive.com/casinov3/a73ac460/js/chunk.B_JPMhhL.js
25608.406.js	https://static.gmlinteractive.com/casinov3/a73ac460/js/chunk.BlbDh5_v.js
25608.421.json	https://www.stoiximan.gr/casino/api/topwins/operator
25608.525.js	https://www.googletagmanager.com/gtag/js?id=G-NL3TXCS6S3&cx=c&gtm=4e6921
25608.527.json	https://obseu.greencolumnart.com/ct
25608.529.json	https://www.stoiximan.gr/casino/games/launch/live/?gameId=35927
29248.4.js	https://static.cloudflareinsights.com/beacon.min.js/v31edd6df95cf4e85bb4c19e7a9bdbcba1788362987495
29248.2.js	https://gaming-launch-gr.betano.com/operator/1/provider/23/file/launcher.js?v=2
25880.585.js	https://www.frail-chance-42.net/apps/shell/static/js/104.f7bf8472.js
25880.586.js	https://www.frail-chance-42.net/apps/shell/static/js/786.74574695.js
25880.587.js	https://www.frail-chance-42.net/apps/shell/static/js/345.de409feb.js
25880.588.js	https://www.frail-chance-42.net/apps/shell/static/js/index.5afa7f63.js
25880.603.json	https://www.frail-chance-42.net/apps/translations-ui/latest/en/miniplay.json
25880.604.js	https://www.frail-chance-42.net/apps/shell/static/js/async/677.34320ab6.js
25972.693.json	https://client.pragmaticplaylive.net/apps/theme-manager/1.0.0/themes/pp_blackjack_default/theme.json
25972.689.json	https://client.pragmaticplaylive.net/apps/feature-flags/1.0.0/blackjack.manifest.json
25972.690.json	https://client.pragmaticplaylive.net/apps/feature-flags/1.0.0/promotions.manifest.json
25972.695.js	https://client.pragmaticplaylive.net/apps/blackjack/3.2.83/release.js
25880.608.json	https://cdn.frail-chance-42.net/ClientAPI/shell/settings/get/all
25880.607.json	https://cdn.frail-chance-42.net/gs2c/SingleSessionAPI/data
14172.3.js	https://cdn.cookielaw.org/scripttemplates/otSDKStub.js
14172.2.json	https://translations.gmlinteractive.com/api/v1/translations/kcv/casinowebsitefrontend/el/24
14172.13.json	https://cdn.cookielaw.org/consent/799045cc-2657-469e-9b2c-24cc08e431ae/799045cc-2657-469e-9b2c-24cc08e431ae.json
14172.10.js	https://static.cloudflareinsights.com/beacon.min.js/v31edd6df95cf4e85bb4c19e7a9bdbcba1788362987495
14172.8.js	https://copilot.gmlinteractive.com/copilot/0.9.6-5e18e9f2/main.js
14172.14.js	https://www.googletagmanager.com/gtm.js?id=GTM-M3QHWW9
14172.23.json	https://geolocation.onetrust.com/cookieconsentpub/v1/geo/location
14172.24.js	https://copilot.gmlinteractive.com/copilot/0.9.6-5e18e9f2/vue.C1Ckkl3F.js
14172.25.js	https://copilot.gmlinteractive.com/copilot/0.9.6-5e18e9f2/vue3-lottie.BRAhPEvB.js
14172.6.js	https://static.gmlinteractive.com/casinov3/a73ac460/js/app.DCm7PxGX.js
14172.26.js	https://copilot.gmlinteractive.com/copilot/0.9.6-5e18e9f2/vue-i18n.CKK-OYXf.js
14172.9.js	https://sdk.optimove.net/websdk/?tenant_id=542&tenant_token=72b4145aad1747ae9c09acd2bc24a50d
14172.27.js	https://copilot.gmlinteractive.com/copilot/0.9.6-5e18e9f2/swiper.CqlqoF6A.js
14172.28.js	https://copilot.gmlinteractive.com/copilot/0.9.6-5e18e9f2/markdown.BMSQkwth.js
14172.15.js	https://edge.fullstory.com/s/fs.js
14172.29.js	https://cdn.cookielaw.org/scripttemplates/202501.2.0/otBannerSdk.js
14172.30.js	https://static.gmlinteractive.com/casinov3/a73ac460/js/chunk.BwlIe5fW.js
14172.51.js	https://static.gmlinteractive.com/casinov3/a73ac460/js/chunk.hcHMx4TS.js
14172.53.js	https://static.app.delivery/sdks/web/optimove-web-bundle.js
14172.55.js	https://static.gmlinteractive.com/casinov3/a73ac460/js/chunk.xVfC0zpC.js
14172.56.js	https://static.gmlinteractive.com/casinov3/a73ac460/js/chunk.B1WMR3hZ.js
14172.57.json	https://edge.fullstory.com/s/settings/o-1FC4W0-na1/v1/web
14172.58.js	https://static.gmlinteractive.com/casinov3/a73ac460/js/chunk.CoGGifHz.js
14172.59.js	https://static.gmlinteractive.com/casinov3/a73ac460/js/chunk.Dl1LrD15.js
14172.60.js	https://static.gmlinteractive.com/casinov3/a73ac460/js/chunk.NALbZN9r.js
14172.54.json	https://stream-542.optimove.net/
14172.138.json	https://cdn.cookielaw.org/consent/799045cc-2657-469e-9b2c-24cc08e431ae/019e4aa1-1c2d-78b9-8210-0ac0f140aa51/el.json
14172.61.js	https://static.gmlinteractive.com/casinov3/a73ac460/js/chunk.DKP9srV0.js
14172.62.js	https://static.gmlinteractive.com/casinov3/a73ac460/js/chunk.lQqb9Nqs.js
14172.63.js	https://static.gmlinteractive.com/casinov3/a73ac460/js/chunk.DDRWTr_U.js
14172.64.js	https://static.gmlinteractive.com/casinov3/a73ac460/js/chunk.U3e_6Mm5.js
14172.139.json	https://cdn.cookielaw.org/scripttemplates/202501.2.0/assets/otFloatingRounded.json
14172.140.json	https://cdn.cookielaw.org/scripttemplates/202501.2.0/assets/v2/otPcCenter.json
14172.65.js	https://static.gmlinteractive.com/casinov3/a73ac460/js/chunk.DNmEh1iY.js
14172.66.js	https://static.gmlinteractive.com/casinov3/a73ac460/js/chunk._7e4AhZk.js
14172.67.js	https://static.gmlinteractive.com/casinov3/a73ac460/js/chunk.Dh29p7QL.js
14172.68.js	https://static.gmlinteractive.com/casinov3/a73ac460/js/chunk.7GxsokpS.js
14172.69.js	https://static.gmlinteractive.com/casinov3/a73ac460/js/chunk.Dcj6YKnB.js
14172.110.json	https://www.stoiximan.gr/casino/live/topNotifications/topNotification?v=true
14172.115.json	https://www.stoiximan.gr/casino/realitycheck/customersettings
14172.114.json	https://www.stoiximan.gr/casino/customerSession/lastLogin
14172.120.json	https://www.stoiximan.gr/casino/timelosslimits
14172.122.json	https://www.stoiximan.gr/casino/customerSession/sessioninactivityconfig
14172.112.json	https://www.stoiximan.gr/casino/freespins/userFreespins
14172.121.json	https://www.stoiximan.gr/casino/depositlimits
14172.117.json	https://www.stoiximan.gr/casino/games/recentlysearched
14172.111.json	https://www.stoiximan.gr/casino/balance/userBalance
14172.137.json	https://realtime-542.optimove.net/reportEvent
14172.70.js	https://static.gmlinteractive.com/casinov3/a73ac460/js/chunk.VQ0IxCQh.js
14172.71.js	https://static.gmlinteractive.com/casinov3/a73ac460/js/chunk.Dav2gfjE.js
14172.72.js	https://static.gmlinteractive.com/casinov3/a73ac460/js/chunk.CJSez0Ep.js
14172.119.json	https://www.stoiximan.gr/casino/api/livefeed
14172.73.js	https://static.gmlinteractive.com/casinov3/a73ac460/js/chunk.HiYhu1fj.js
14172.74.js	https://static.gmlinteractive.com/casinov3/a73ac460/js/chunk.DDSXmQpR.js
14172.75.js	https://static.gmlinteractive.com/casinov3/a73ac460/js/chunk.Be16HiJF.js
14172.76.js	https://static.gmlinteractive.com/casinov3/a73ac460/js/chunk.D-STApjy.js
14172.77.js	https://static.gmlinteractive.com/casinov3/a73ac460/js/chunk.zhp0ze8A.js
14172.78.js	https://static.gmlinteractive.com/casinov3/a73ac460/js/chunk.C0_ibctr.js
14172.79.js	https://static.gmlinteractive.com/casinov3/a73ac460/js/chunk.537i1yL4.js
14172.80.js	https://static.gmlinteractive.com/casinov3/a73ac460/js/chunk.xCpDP68M.js
14172.81.js	https://static.gmlinteractive.com/casinov3/a73ac460/js/chunk.BmuxE7rM.js
14172.82.js	https://static.gmlinteractive.com/casinov3/a73ac460/js/chunk.lcGDLDNw.js
14172.84.js	https://static.gmlinteractive.com/casinov3/a73ac460/js/chunk.D5I8SGhl.js
14172.83.js	https://static.gmlinteractive.com/casinov3/a73ac460/js/chunk.D3DWUQqi.js
14172.85.js	https://static.gmlinteractive.com/casinov3/a73ac460/js/chunk.1fjffNKj.js
14172.87.js	https://static.gmlinteractive.com/casinov3/a73ac460/js/chunk.D3MfnKqO.js
14172.86.js	https://static.gmlinteractive.com/casinov3/a73ac460/js/chunk.D-t3VI6w.js
14172.89.js	https://static.gmlinteractive.com/casinov3/a73ac460/js/chunk.Bf2NK1cE.js
14172.90.js	https://static.gmlinteractive.com/casinov3/a73ac460/js/chunk.C5a6dmbK.js
14172.92.js	https://static.gmlinteractive.com/casinov3/a73ac460/js/chunk.Ci892fHU.js
14172.93.js	https://static.gmlinteractive.com/casinov3/a73ac460/js/chunk.C7BfBz-_.js
14172.94.js	https://static.gmlinteractive.com/casinov3/a73ac460/js/chunk.IuL5-plG.js
14172.95.js	https://static.gmlinteractive.com/casinov3/a73ac460/js/chunk.CA0f47T3.js
14172.96.js	https://static.gmlinteractive.com/casinov3/a73ac460/js/chunk.CDQMZ_J2.js
14172.97.js	https://static.gmlinteractive.com/casinov3/a73ac460/js/chunk.BbBlzd_Q.js
14172.98.js	https://static.gmlinteractive.com/casinov3/a73ac460/js/chunk.DZ3Tix3B.js
14172.99.js	https://static.gmlinteractive.com/casinov3/a73ac460/js/chunk.BJUEsJRV.js
14172.101.js	https://static.gmlinteractive.com/casinov3/a73ac460/js/chunk.wL1VQXOh.js
14172.100.js	https://static.gmlinteractive.com/casinov3/a73ac460/js/chunk.u4vPABi4.js
14172.102.js	https://static.gmlinteractive.com/casinov3/a73ac460/js/chunk.0A77WSuG.js
14172.105.js	https://static.gmlinteractive.com/casinov3/a73ac460/js/chunk.aziTJOCh.js
14172.104.js	https://static.gmlinteractive.com/casinov3/a73ac460/js/chunk.fOh4MTka.js
14172.103.js	https://static.gmlinteractive.com/casinov3/a73ac460/js/chunk.cIibpqXx.js
14172.106.js	https://static.gmlinteractive.com/casinov3/a73ac460/js/chunk.C44m_qhJ.js
14172.107.js	https://static.gmlinteractive.com/casinov3/a73ac460/js/chunk.D0ho7GVx.js
14172.124.js	https://static.gmlinteractive.com/casinov3/a73ac460/js/chunk.vd-K1VZz.js
14172.123.js	https://static.gmlinteractive.com/casinov3/a73ac460/js/chunk.i4BdLF3w.js
14172.125.js	https://static.gmlinteractive.com/casinov3/a73ac460/js/chunk.DtHtQSE_.js
14172.126.js	https://static.gmlinteractive.com/casinov3/a73ac460/js/chunk.DMHur1nR.js
14172.127.js	https://static.gmlinteractive.com/casinov3/a73ac460/js/chunk.nFlqTtvz.js
14172.128.js	https://static.gmlinteractive.com/casinov3/a73ac460/js/chunk.CcDKCaiu.js
14172.129.js	https://static.gmlinteractive.com/casinov3/a73ac460/js/chunk.BpJOkY5U.js
14172.130.js	https://static.gmlinteractive.com/casinov3/a73ac460/js/chunk.Do7CNB0a.js
14172.131.js	https://static.gmlinteractive.com/casinov3/a73ac460/js/chunk.BC2jRhmr.js
14172.132.js	https://static.gmlinteractive.com/casinov3/a73ac460/js/chunk.BA1BNOoA.js
14172.133.js	https://static.gmlinteractive.com/casinov3/a73ac460/js/chunk.BTFM0nDG.js
14172.134.js	https://static.gmlinteractive.com/casinov3/a73ac460/js/chunk.DYdl3_fj.js
14172.150.js	https://static.gmlinteractive.com/casinov3/a73ac460/js/chunk.CS5IHAwZ.js
14172.149.js	https://static.gmlinteractive.com/casinov3/a73ac460/js/chunk.pQb1mU1s.js
14172.151.js	https://static.gmlinteractive.com/casinov3/a73ac460/js/chunk.CJpIeO3G.js
14172.113.json	https://www.stoiximan.gr/casino/popup
14172.162.json	https://www.stoiximan.gr/casino/api/bonus/stories/translations
14172.161.json	https://www.stoiximan.gr/casino/api/bonus/stories?section=4
14172.148.json	https://www.stoiximan.gr/casino/api/stake-offers/pending
14172.176.json	https://static.gmlinteractive.com/casinov3/a73ac460/customer-top-wins-coin-icon.DF3q-Gkf.json
14172.179.json	https://www.stoiximan.gr/casino/live/api/games/filters
14172.215.json	https://www.stoiximan.gr/casino/api/games/recommendations/operator
14172.178.json	https://www.stoiximan.gr/casino/live/api/games
14172.216.json	https://www.stoiximan.gr/casino/games/hotcold
14172.177.json	https://static.gmlinteractive.com/casinov3/a73ac460/customer-top-wins-coin-icon.DF3q-Gkf.json
14172.219.json	https://www.stoiximan.gr/casino/customerpush/configuration
14172.217.json	https://www.stoiximan.gr/casino/games/recentlyplayed
14172.218.json	https://www.stoiximan.gr/casino/live/api/minilobbies?type=forYou
14172.214.json	https://www.stoiximan.gr/casino/api/games/recommendations/customer
14172.152.js	https://static.gmlinteractive.com/casinov3/a73ac460/js/chunk.CS4hRJ20.js
14172.153.js	https://static.gmlinteractive.com/casinov3/a73ac460/js/chunk.DompZaJe.js
14172.154.js	https://static.gmlinteractive.com/casinov3/a73ac460/js/chunk.0ikMNeoQ.js
14172.155.js	https://static.gmlinteractive.com/casinov3/a73ac460/js/chunk.RIERv44I.js
14172.157.js	https://static.gmlinteractive.com/casinov3/a73ac460/js/chunk.CVp7dYsV.js
14172.159.js	https://static.gmlinteractive.com/casinov3/a73ac460/js/chunk.CJkwPm_8.js
14172.241.js	https://static.gmlinteractive.com/casinov3/a73ac460/js/chunk.1KCX7SsQ.js
14172.242.js	https://static.gmlinteractive.com/casinov3/a73ac460/js/chunk.BAlDg4cu.js
14172.243.js	https://static.gmlinteractive.com/casinov3/a73ac460/js/chunk.Ds3e56Zd.js
14172.244.js	https://static.gmlinteractive.com/casinov3/a73ac460/js/chunk.BAN_lYwN.js
14172.247.js	https://static.gmlinteractive.com/casinov3/a73ac460/js/chunk.hUHlawNE.js
14172.248.js	https://static.gmlinteractive.com/casinov3/a73ac460/js/chunk.D0ttAJ5A.js
14172.249.js	https://static.gmlinteractive.com/casinov3/a73ac460/js/chunk.CdYBcpF9.js
14172.250.js	https://static.gmlinteractive.com/casinov3/a73ac460/js/chunk._NysdQQ4.js
14172.251.js	https://static.gmlinteractive.com/casinov3/a73ac460/js/chunk.CMqzxGB3.js
14172.255.js	https://static.gmlinteractive.com/casinov3/a73ac460/js/chunk.aeSiSbh7.js
14172.256.js	https://static.gmlinteractive.com/casinov3/a73ac460/js/chunk.9CPfRbtP.js
14172.257.js	https://static.gmlinteractive.com/casinov3/a73ac460/js/chunk.DUbwancu.js
14172.258.js	https://static.gmlinteractive.com/casinov3/a73ac460/js/chunk.CPO9fdVm.js
14172.267.json	https://www.stoiximan.gr/customerhub_0/negotiate?negotiateVersion=1
14172.259.js	https://static.gmlinteractive.com/casinov3/a73ac460/js/chunk.e55Onyzz.js
14172.261.js	https://static.gmlinteractive.com/casinov3/a73ac460/js/chunk.ChP-xL8V.js
14172.262.js	https://static.gmlinteractive.com/casinov3/a73ac460/js/chunk.B3HZH2uO.js
14172.265.js	https://static.gmlinteractive.com/casinov3/a73ac460/js/chunk.Cbbpjap1.js
14172.274.js	https://static.gmlinteractive.com/casinov3/a73ac460/js/chunk.B_JPMhhL.js
14172.287.js	https://static.gmlinteractive.com/casinov3/a73ac460/js/chunk.BlbDh5_v.js
14172.145.js	https://euob.greencolumnart.com/sxp/i/04e7029789c8d022812f712860f76e7a.js
14172.116.json	https://www.stoiximan.gr/casino/games/favorites
14172.321.js	https://static.gmlinteractive.com/casinov3/a73ac460/js/chunk.BzglmUdk.js
14172.291.json	https://www.stoiximan.gr/casino/api/topwins/operator
14172.344.js	https://www.googletagmanager.com/gtag/js?id=G-NL3TXCS6S3&cx=c&gtm=4e6921
14172.365.json	https://obseu.greencolumnart.com/ct
14172.366.json	https://www.stoiximan.gr/casino/games/launch/live/?gameId=35927
32928.4.js	https://static.cloudflareinsights.com/beacon.min.js/v31edd6df95cf4e85bb4c19e7a9bdbcba1788362987495
32928.2.js	https://gaming-launch-gr.betano.com/operator/1/provider/23/file/launcher.js?v=2
25880.615.js	https://www.frail-chance-42.net/apps/shell/static/js/104.f7bf8472.js
25880.616.js	https://www.frail-chance-42.net/apps/shell/static/js/786.74574695.js
25880.617.js	https://www.frail-chance-42.net/apps/shell/static/js/345.de409feb.js
25880.618.js	https://www.frail-chance-42.net/apps/shell/static/js/index.5afa7f63.js
25880.630.json	https://www.frail-chance-42.net/apps/translations-ui/latest/en/miniplay.json
25880.631.js	https://www.frail-chance-42.net/apps/shell/static/js/async/677.34320ab6.js
35216.2.json	https://translations.gmlinteractive.com/api/v1/translations/kcv/casinowebsitefrontend/el/24
35216.3.js	https://cdn.cookielaw.org/scripttemplates/otSDKStub.js
35216.13.json	https://cdn.cookielaw.org/consent/799045cc-2657-469e-9b2c-24cc08e431ae/799045cc-2657-469e-9b2c-24cc08e431ae.json
35216.10.js	https://static.cloudflareinsights.com/beacon.min.js/v31edd6df95cf4e85bb4c19e7a9bdbcba1788362987495
35216.8.js	https://copilot.gmlinteractive.com/copilot/0.9.6-5e18e9f2/main.js
35216.14.js	https://www.googletagmanager.com/gtm.js?id=GTM-M3QHWW9
35216.24.js	https://copilot.gmlinteractive.com/copilot/0.9.6-5e18e9f2/vue.C1Ckkl3F.js
35216.23.json	https://geolocation.onetrust.com/cookieconsentpub/v1/geo/location
35216.25.js	https://copilot.gmlinteractive.com/copilot/0.9.6-5e18e9f2/vue3-lottie.BRAhPEvB.js
35216.6.js	https://static.gmlinteractive.com/casinov3/a73ac460/js/app.DCm7PxGX.js
35216.9.js	https://sdk.optimove.net/websdk/?tenant_id=542&tenant_token=72b4145aad1747ae9c09acd2bc24a50d
35216.26.js	https://copilot.gmlinteractive.com/copilot/0.9.6-5e18e9f2/vue-i18n.CKK-OYXf.js
35216.27.js	https://copilot.gmlinteractive.com/copilot/0.9.6-5e18e9f2/swiper.CqlqoF6A.js
35216.28.js	https://copilot.gmlinteractive.com/copilot/0.9.6-5e18e9f2/markdown.BMSQkwth.js
35216.15.js	https://edge.fullstory.com/s/fs.js
35216.29.js	https://cdn.cookielaw.org/scripttemplates/202501.2.0/otBannerSdk.js
35216.30.js	https://static.gmlinteractive.com/casinov3/a73ac460/js/chunk.BwlIe5fW.js
35216.51.js	https://static.gmlinteractive.com/casinov3/a73ac460/js/chunk.hcHMx4TS.js
35216.53.js	https://static.app.delivery/sdks/web/optimove-web-bundle.js
35216.55.js	https://static.gmlinteractive.com/casinov3/a73ac460/js/chunk.xVfC0zpC.js
35216.56.js	https://static.gmlinteractive.com/casinov3/a73ac460/js/chunk.B1WMR3hZ.js
35216.57.json	https://edge.fullstory.com/s/settings/o-1FC4W0-na1/v1/web
35216.58.js	https://static.gmlinteractive.com/casinov3/a73ac460/js/chunk.CoGGifHz.js
35216.60.js	https://static.gmlinteractive.com/casinov3/a73ac460/js/chunk.NALbZN9r.js
35216.59.js	https://static.gmlinteractive.com/casinov3/a73ac460/js/chunk.Dl1LrD15.js
35216.54.json	https://stream-542.optimove.net/
35216.61.js	https://static.gmlinteractive.com/casinov3/a73ac460/js/chunk.DKP9srV0.js
35216.138.json	https://cdn.cookielaw.org/consent/799045cc-2657-469e-9b2c-24cc08e431ae/019e4aa1-1c2d-78b9-8210-0ac0f140aa51/el.json
35216.62.js	https://static.gmlinteractive.com/casinov3/a73ac460/js/chunk.lQqb9Nqs.js
35216.63.js	https://static.gmlinteractive.com/casinov3/a73ac460/js/chunk.DDRWTr_U.js
35216.64.js	https://static.gmlinteractive.com/casinov3/a73ac460/js/chunk.U3e_6Mm5.js
35216.65.js	https://static.gmlinteractive.com/casinov3/a73ac460/js/chunk.DNmEh1iY.js
35216.66.js	https://static.gmlinteractive.com/casinov3/a73ac460/js/chunk._7e4AhZk.js
25880.638.json	https://cdn.frail-chance-42.net/gs2c/SingleSessionAPI/ping
35216.67.js	https://static.gmlinteractive.com/casinov3/a73ac460/js/chunk.Dh29p7QL.js
35216.68.js	https://static.gmlinteractive.com/casinov3/a73ac460/js/chunk.7GxsokpS.js
35216.69.js	https://static.gmlinteractive.com/casinov3/a73ac460/js/chunk.Dcj6YKnB.js
35216.139.json	https://cdn.cookielaw.org/scripttemplates/202501.2.0/assets/otFloatingRounded.json
35216.140.json	https://cdn.cookielaw.org/scripttemplates/202501.2.0/assets/v2/otPcCenter.json
35216.137.json	https://realtime-542.optimove.net/reportEvent
35216.70.js	https://static.gmlinteractive.com/casinov3/a73ac460/js/chunk.VQ0IxCQh.js
35216.71.js	https://static.gmlinteractive.com/casinov3/a73ac460/js/chunk.Dav2gfjE.js
35216.115.json	https://www.stoiximan.gr/casino/realitycheck/customersettings
35216.114.json	https://www.stoiximan.gr/casino/customerSession/lastLogin
35216.120.json	https://www.stoiximan.gr/casino/timelosslimits
35216.117.json	https://www.stoiximan.gr/casino/games/recentlysearched
35216.122.json	https://www.stoiximan.gr/casino/customerSession/sessioninactivityconfig
35216.121.json	https://www.stoiximan.gr/casino/depositlimits
35216.119.json	https://www.stoiximan.gr/casino/api/livefeed
35216.111.json	https://www.stoiximan.gr/casino/balance/userBalance
35216.110.json	https://www.stoiximan.gr/casino/live/topNotifications/topNotification?v=true
35216.72.js	https://static.gmlinteractive.com/casinov3/a73ac460/js/chunk.CJSez0Ep.js
35216.73.js	https://static.gmlinteractive.com/casinov3/a73ac460/js/chunk.HiYhu1fj.js
35216.74.js	https://static.gmlinteractive.com/casinov3/a73ac460/js/chunk.DDSXmQpR.js
35216.75.js	https://static.gmlinteractive.com/casinov3/a73ac460/js/chunk.Be16HiJF.js
35216.76.js	https://static.gmlinteractive.com/casinov3/a73ac460/js/chunk.D-STApjy.js
35216.77.js	https://static.gmlinteractive.com/casinov3/a73ac460/js/chunk.zhp0ze8A.js
35216.113.json	https://www.stoiximan.gr/casino/popup
35216.78.js	https://static.gmlinteractive.com/casinov3/a73ac460/js/chunk.C0_ibctr.js
35216.79.js	https://static.gmlinteractive.com/casinov3/a73ac460/js/chunk.537i1yL4.js
35216.80.js	https://static.gmlinteractive.com/casinov3/a73ac460/js/chunk.xCpDP68M.js
35216.81.js	https://static.gmlinteractive.com/casinov3/a73ac460/js/chunk.BmuxE7rM.js
35216.82.js	https://static.gmlinteractive.com/casinov3/a73ac460/js/chunk.lcGDLDNw.js
35216.83.js	https://static.gmlinteractive.com/casinov3/a73ac460/js/chunk.D3DWUQqi.js
35216.84.js	https://static.gmlinteractive.com/casinov3/a73ac460/js/chunk.D5I8SGhl.js
35216.112.json	https://www.stoiximan.gr/casino/freespins/userFreespins
35216.85.js	https://static.gmlinteractive.com/casinov3/a73ac460/js/chunk.1fjffNKj.js
35216.86.js	https://static.gmlinteractive.com/casinov3/a73ac460/js/chunk.D-t3VI6w.js
35216.87.js	https://static.gmlinteractive.com/casinov3/a73ac460/js/chunk.D3MfnKqO.js
35216.90.js	https://static.gmlinteractive.com/casinov3/a73ac460/js/chunk.C5a6dmbK.js
35216.89.js	https://static.gmlinteractive.com/casinov3/a73ac460/js/chunk.Bf2NK1cE.js
35216.92.js	https://static.gmlinteractive.com/casinov3/a73ac460/js/chunk.Ci892fHU.js
35216.93.js	https://static.gmlinteractive.com/casinov3/a73ac460/js/chunk.C7BfBz-_.js
35216.95.js	https://static.gmlinteractive.com/casinov3/a73ac460/js/chunk.CA0f47T3.js
35216.94.js	https://static.gmlinteractive.com/casinov3/a73ac460/js/chunk.IuL5-plG.js
35216.96.js	https://static.gmlinteractive.com/casinov3/a73ac460/js/chunk.CDQMZ_J2.js
35216.97.js	https://static.gmlinteractive.com/casinov3/a73ac460/js/chunk.BbBlzd_Q.js
35216.98.js	https://static.gmlinteractive.com/casinov3/a73ac460/js/chunk.DZ3Tix3B.js
35216.99.js	https://static.gmlinteractive.com/casinov3/a73ac460/js/chunk.BJUEsJRV.js
35216.101.js	https://static.gmlinteractive.com/casinov3/a73ac460/js/chunk.wL1VQXOh.js
35216.100.js	https://static.gmlinteractive.com/casinov3/a73ac460/js/chunk.u4vPABi4.js
35216.102.js	https://static.gmlinteractive.com/casinov3/a73ac460/js/chunk.0A77WSuG.js
35216.104.js	https://static.gmlinteractive.com/casinov3/a73ac460/js/chunk.fOh4MTka.js
35216.103.js	https://static.gmlinteractive.com/casinov3/a73ac460/js/chunk.cIibpqXx.js
35216.116.json	https://www.stoiximan.gr/casino/games/favorites
35216.105.js	https://static.gmlinteractive.com/casinov3/a73ac460/js/chunk.aziTJOCh.js
35216.106.js	https://static.gmlinteractive.com/casinov3/a73ac460/js/chunk.C44m_qhJ.js
35216.107.js	https://static.gmlinteractive.com/casinov3/a73ac460/js/chunk.D0ho7GVx.js
35216.124.js	https://static.gmlinteractive.com/casinov3/a73ac460/js/chunk.vd-K1VZz.js
35216.125.js	https://static.gmlinteractive.com/casinov3/a73ac460/js/chunk.DtHtQSE_.js
35216.123.js	https://static.gmlinteractive.com/casinov3/a73ac460/js/chunk.i4BdLF3w.js
35216.126.js	https://static.gmlinteractive.com/casinov3/a73ac460/js/chunk.DMHur1nR.js
35216.127.js	https://static.gmlinteractive.com/casinov3/a73ac460/js/chunk.nFlqTtvz.js
35216.128.js	https://static.gmlinteractive.com/casinov3/a73ac460/js/chunk.CcDKCaiu.js
35216.129.js	https://static.gmlinteractive.com/casinov3/a73ac460/js/chunk.BpJOkY5U.js
35216.130.js	https://static.gmlinteractive.com/casinov3/a73ac460/js/chunk.Do7CNB0a.js
35216.131.js	https://static.gmlinteractive.com/casinov3/a73ac460/js/chunk.BC2jRhmr.js
35216.132.js	https://static.gmlinteractive.com/casinov3/a73ac460/js/chunk.BA1BNOoA.js
35216.133.js	https://static.gmlinteractive.com/casinov3/a73ac460/js/chunk.BTFM0nDG.js
35216.134.js	https://static.gmlinteractive.com/casinov3/a73ac460/js/chunk.DYdl3_fj.js
35216.150.js	https://static.gmlinteractive.com/casinov3/a73ac460/js/chunk.CS5IHAwZ.js
35216.149.js	https://static.gmlinteractive.com/casinov3/a73ac460/js/chunk.pQb1mU1s.js
35216.151.js	https://static.gmlinteractive.com/casinov3/a73ac460/js/chunk.CJpIeO3G.js
35216.161.json	https://www.stoiximan.gr/casino/api/bonus/stories?section=4
35216.162.json	https://www.stoiximan.gr/casino/api/bonus/stories/translations
35216.148.json	https://www.stoiximan.gr/casino/api/stake-offers/pending
35216.176.json	https://static.gmlinteractive.com/casinov3/a73ac460/customer-top-wins-coin-icon.DF3q-Gkf.json
35216.179.json	https://www.stoiximan.gr/casino/live/api/games/filters
35216.178.json	https://www.stoiximan.gr/casino/live/api/games
35216.215.json	https://www.stoiximan.gr/casino/api/games/recommendations/operator
35216.216.json	https://www.stoiximan.gr/casino/games/hotcold
35216.177.json	https://static.gmlinteractive.com/casinov3/a73ac460/customer-top-wins-coin-icon.DF3q-Gkf.json
35216.219.json	https://www.stoiximan.gr/casino/customerpush/configuration
35216.218.json	https://www.stoiximan.gr/casino/live/api/minilobbies?type=forYou
35216.217.json	https://www.stoiximan.gr/casino/games/recentlyplayed
35216.214.json	https://www.stoiximan.gr/casino/api/games/recommendations/customer
35216.152.js	https://static.gmlinteractive.com/casinov3/a73ac460/js/chunk.CS4hRJ20.js
35216.153.js	https://static.gmlinteractive.com/casinov3/a73ac460/js/chunk.DompZaJe.js
35216.154.js	https://static.gmlinteractive.com/casinov3/a73ac460/js/chunk.0ikMNeoQ.js
35216.155.js	https://static.gmlinteractive.com/casinov3/a73ac460/js/chunk.RIERv44I.js
35216.157.js	https://static.gmlinteractive.com/casinov3/a73ac460/js/chunk.CVp7dYsV.js
35216.159.js	https://static.gmlinteractive.com/casinov3/a73ac460/js/chunk.CJkwPm_8.js
35216.241.js	https://static.gmlinteractive.com/casinov3/a73ac460/js/chunk.1KCX7SsQ.js
35216.242.js	https://static.gmlinteractive.com/casinov3/a73ac460/js/chunk.BAlDg4cu.js
35216.243.js	https://static.gmlinteractive.com/casinov3/a73ac460/js/chunk.Ds3e56Zd.js
35216.244.js	https://static.gmlinteractive.com/casinov3/a73ac460/js/chunk.BAN_lYwN.js
35216.247.js	https://static.gmlinteractive.com/casinov3/a73ac460/js/chunk.hUHlawNE.js
35216.248.js	https://static.gmlinteractive.com/casinov3/a73ac460/js/chunk.D0ttAJ5A.js
35216.249.js	https://static.gmlinteractive.com/casinov3/a73ac460/js/chunk.CdYBcpF9.js
35216.250.js	https://static.gmlinteractive.com/casinov3/a73ac460/js/chunk._NysdQQ4.js
35216.251.js	https://static.gmlinteractive.com/casinov3/a73ac460/js/chunk.CMqzxGB3.js
35216.255.js	https://static.gmlinteractive.com/casinov3/a73ac460/js/chunk.aeSiSbh7.js
35216.267.json	https://www.stoiximan.gr/customerhub_0/negotiate?negotiateVersion=1
35216.256.js	https://static.gmlinteractive.com/casinov3/a73ac460/js/chunk.9CPfRbtP.js
35216.257.js	https://static.gmlinteractive.com/casinov3/a73ac460/js/chunk.DUbwancu.js
35216.258.js	https://static.gmlinteractive.com/casinov3/a73ac460/js/chunk.CPO9fdVm.js
35216.259.js	https://static.gmlinteractive.com/casinov3/a73ac460/js/chunk.e55Onyzz.js
35216.261.js	https://static.gmlinteractive.com/casinov3/a73ac460/js/chunk.ChP-xL8V.js
35216.262.js	https://static.gmlinteractive.com/casinov3/a73ac460/js/chunk.B3HZH2uO.js
35216.265.js	https://static.gmlinteractive.com/casinov3/a73ac460/js/chunk.Cbbpjap1.js
35216.274.js	https://static.gmlinteractive.com/casinov3/a73ac460/js/chunk.B_JPMhhL.js
35216.288.js	https://static.gmlinteractive.com/casinov3/a73ac460/js/chunk.BlbDh5_v.js
35216.145.js	https://euob.greencolumnart.com/sxp/i/04e7029789c8d022812f712860f76e7a.js
35216.321.js	https://static.gmlinteractive.com/casinov3/a73ac460/js/chunk.BzglmUdk.js
35216.344.js	https://www.googletagmanager.com/gtag/js?id=G-NL3TXCS6S3&cx=c&gtm=4e6921
35216.291.json	https://www.stoiximan.gr/casino/api/topwins/operator
35216.364.json	https://www.stoiximan.gr/casino/games/launch/live/?gameId=35927
33244.4.js	https://static.cloudflareinsights.com/beacon.min.js/v31edd6df95cf4e85bb4c19e7a9bdbcba1788362987495
33244.2.js	https://gaming-launch-gr.betano.com/operator/1/provider/23/file/launcher.js?v=2
25880.640.js	https://www.frail-chance-42.net/apps/shell/static/js/104.f7bf8472.js
25880.641.js	https://www.frail-chance-42.net/apps/shell/static/js/786.74574695.js
25880.642.js	https://www.frail-chance-42.net/apps/shell/static/js/345.de409feb.js
25880.643.js	https://www.frail-chance-42.net/apps/shell/static/js/index.5afa7f63.js
25880.655.json	https://www.frail-chance-42.net/apps/translations-ui/latest/en/miniplay.json
25880.656.js	https://www.frail-chance-42.net/apps/shell/static/js/async/677.34320ab6.js
25972.768.json	https://client.pragmaticplaylive.net/apps/theme-manager/1.0.0/themes/pp_blackjack_default/theme.json
25972.765.json	https://client.pragmaticplaylive.net/apps/feature-flags/1.0.0/blackjack.manifest.json
25972.766.json	https://client.pragmaticplaylive.net/apps/feature-flags/1.0.0/promotions.manifest.json
25972.770.js	https://client.pragmaticplaylive.net/apps/blackjack/3.2.83/release.js
25880.662.json	https://cdn.frail-chance-42.net/gs2c/SingleSessionAPI/data
25880.663.json	https://cdn.frail-chance-42.net/ClientAPI/shell/settings/get/all
25880.665.json	https://www.frail-chance-42.net/apps/translations-ui/latest/el/miniplay.json
25972.771.js	https://client.pragmaticplaylive.net/apps/blackjack/3.2.83/main.js
25972.773.js	https://client.pragmaticplaylive.net/apps/video/2.1.2/index.js
25972.801.js	https://client.pragmaticplaylive.net/apps/video/2.1.2/constants-CQe0O6qb.js
27844.2.json	https://translations.gmlinteractive.com/api/v1/translations/kcv/casinowebsitefrontend/el/24
27844.3.js	https://cdn.cookielaw.org/scripttemplates/otSDKStub.js
27844.10.js	https://static.cloudflareinsights.com/beacon.min.js/v31edd6df95cf4e85bb4c19e7a9bdbcba1788362987495
27844.8.js	https://copilot.gmlinteractive.com/copilot/0.9.6-5e18e9f2/main.js
27844.13.json	https://cdn.cookielaw.org/consent/799045cc-2657-469e-9b2c-24cc08e431ae/799045cc-2657-469e-9b2c-24cc08e431ae.json
27844.15.js	https://edge.fullstory.com/s/fs.js
27844.14.js	https://www.googletagmanager.com/gtm.js?id=GTM-M3QHWW9
27844.44.js	https://copilot.gmlinteractive.com/copilot/0.9.6-5e18e9f2/vue.C1Ckkl3F.js
27844.46.js	https://copilot.gmlinteractive.com/copilot/0.9.6-5e18e9f2/vue-i18n.CKK-OYXf.js
27844.47.js	https://copilot.gmlinteractive.com/copilot/0.9.6-5e18e9f2/swiper.CqlqoF6A.js
27844.48.js	https://copilot.gmlinteractive.com/copilot/0.9.6-5e18e9f2/markdown.BMSQkwth.js
27844.23.json	https://geolocation.onetrust.com/cookieconsentpub/v1/geo/location
27844.49.json	https://edge.fullstory.com/s/settings/o-1FC4W0-na1/v1/web
27844.45.js	https://copilot.gmlinteractive.com/copilot/0.9.6-5e18e9f2/vue3-lottie.BRAhPEvB.js
27844.50.js	https://cdn.cookielaw.org/scripttemplates/202501.2.0/otBannerSdk.js
27844.9.js	https://sdk.optimove.net/websdk/?tenant_id=542&tenant_token=72b4145aad1747ae9c09acd2bc24a50d
27844.6.js	https://static.gmlinteractive.com/casinov3/a73ac460/js/app.DCm7PxGX.js
27844.51.js	https://static.gmlinteractive.com/casinov3/a73ac460/js/chunk.BwlIe5fW.js
27844.52.js	https://static.gmlinteractive.com/casinov3/a73ac460/js/chunk.hcHMx4TS.js
27844.54.js	https://static.app.delivery/sdks/web/optimove-web-bundle.js
27844.56.js	https://static.gmlinteractive.com/casinov3/a73ac460/js/chunk.xVfC0zpC.js
27844.57.js	https://static.gmlinteractive.com/casinov3/a73ac460/js/chunk.B1WMR3hZ.js
27844.59.js	https://static.gmlinteractive.com/casinov3/a73ac460/js/chunk.CoGGifHz.js
27844.62.js	https://static.gmlinteractive.com/casinov3/a73ac460/js/chunk.DKP9srV0.js
27844.65.js	https://static.gmlinteractive.com/casinov3/a73ac460/js/chunk.U3e_6Mm5.js
27844.63.js	https://static.gmlinteractive.com/casinov3/a73ac460/js/chunk.lQqb9Nqs.js
27844.74.js	https://static.gmlinteractive.com/casinov3/a73ac460/js/chunk.HiYhu1fj.js
27844.69.js	https://static.gmlinteractive.com/casinov3/a73ac460/js/chunk.7GxsokpS.js
27844.78.js	https://static.gmlinteractive.com/casinov3/a73ac460/js/chunk.zhp0ze8A.js
27844.73.js	https://static.gmlinteractive.com/casinov3/a73ac460/js/chunk.CJSez0Ep.js
27844.64.js	https://static.gmlinteractive.com/casinov3/a73ac460/js/chunk.DDRWTr_U.js
27844.77.js	https://static.gmlinteractive.com/casinov3/a73ac460/js/chunk.D-STApjy.js
27844.80.js	https://static.gmlinteractive.com/casinov3/a73ac460/js/chunk.537i1yL4.js
27844.76.js	https://static.gmlinteractive.com/casinov3/a73ac460/js/chunk.Be16HiJF.js
27844.67.js	https://static.gmlinteractive.com/casinov3/a73ac460/js/chunk._7e4AhZk.js
27844.60.js	https://static.gmlinteractive.com/casinov3/a73ac460/js/chunk.Dl1LrD15.js
27844.68.js	https://static.gmlinteractive.com/casinov3/a73ac460/js/chunk.Dh29p7QL.js
27844.66.js	https://static.gmlinteractive.com/casinov3/a73ac460/js/chunk.DNmEh1iY.js
27844.61.js	https://static.gmlinteractive.com/casinov3/a73ac460/js/chunk.NALbZN9r.js
27844.79.js	https://static.gmlinteractive.com/casinov3/a73ac460/js/chunk.C0_ibctr.js
27844.75.js	https://static.gmlinteractive.com/casinov3/a73ac460/js/chunk.DDSXmQpR.js
27844.72.js	https://static.gmlinteractive.com/casinov3/a73ac460/js/chunk.Dav2gfjE.js
27844.70.js	https://static.gmlinteractive.com/casinov3/a73ac460/js/chunk.Dcj6YKnB.js
27844.71.js	https://static.gmlinteractive.com/casinov3/a73ac460/js/chunk.VQ0IxCQh.js
27844.81.js	https://static.gmlinteractive.com/casinov3/a73ac460/js/chunk.xCpDP68M.js
27844.82.js	https://static.gmlinteractive.com/casinov3/a73ac460/js/chunk.BmuxE7rM.js
27844.84.js	https://static.gmlinteractive.com/casinov3/a73ac460/js/chunk.D3DWUQqi.js
27844.86.js	https://static.gmlinteractive.com/casinov3/a73ac460/js/chunk.1fjffNKj.js
27844.88.js	https://static.gmlinteractive.com/casinov3/a73ac460/js/chunk.D3MfnKqO.js
27844.85.js	https://static.gmlinteractive.com/casinov3/a73ac460/js/chunk.D5I8SGhl.js
27844.83.js	https://static.gmlinteractive.com/casinov3/a73ac460/js/chunk.lcGDLDNw.js
27844.87.js	https://static.gmlinteractive.com/casinov3/a73ac460/js/chunk.D-t3VI6w.js
27844.91.js	https://static.gmlinteractive.com/casinov3/a73ac460/js/chunk.C5a6dmbK.js
27844.90.js	https://static.gmlinteractive.com/casinov3/a73ac460/js/chunk.Bf2NK1cE.js
27844.93.js	https://static.gmlinteractive.com/casinov3/a73ac460/js/chunk.Ci892fHU.js
27844.94.js	https://static.gmlinteractive.com/casinov3/a73ac460/js/chunk.C7BfBz-_.js
27844.96.js	https://static.gmlinteractive.com/casinov3/a73ac460/js/chunk.CA0f47T3.js
27844.95.js	https://static.gmlinteractive.com/casinov3/a73ac460/js/chunk.IuL5-plG.js
27844.97.js	https://static.gmlinteractive.com/casinov3/a73ac460/js/chunk.CDQMZ_J2.js
27844.98.js	https://static.gmlinteractive.com/casinov3/a73ac460/js/chunk.BbBlzd_Q.js
27844.99.js	https://static.gmlinteractive.com/casinov3/a73ac460/js/chunk.DZ3Tix3B.js
27844.100.js	https://static.gmlinteractive.com/casinov3/a73ac460/js/chunk.BJUEsJRV.js
27844.101.js	https://static.gmlinteractive.com/casinov3/a73ac460/js/chunk.u4vPABi4.js
27844.102.js	https://static.gmlinteractive.com/casinov3/a73ac460/js/chunk.wL1VQXOh.js
27844.103.js	https://static.gmlinteractive.com/casinov3/a73ac460/js/chunk.0A77WSuG.js
27844.106.js	https://static.gmlinteractive.com/casinov3/a73ac460/js/chunk.aziTJOCh.js
27844.107.js	https://static.gmlinteractive.com/casinov3/a73ac460/js/chunk.C44m_qhJ.js
27844.105.js	https://static.gmlinteractive.com/casinov3/a73ac460/js/chunk.fOh4MTka.js
27844.104.js	https://static.gmlinteractive.com/casinov3/a73ac460/js/chunk.cIibpqXx.js
27844.58.json	https://cdn.cookielaw.org/consent/799045cc-2657-469e-9b2c-24cc08e431ae/019e4aa1-1c2d-78b9-8210-0ac0f140aa51/el.json
27844.55.json	https://stream-542.optimove.net/
27844.108.js	https://static.gmlinteractive.com/casinov3/a73ac460/js/chunk.D0ho7GVx.js
27844.125.js	https://static.gmlinteractive.com/casinov3/a73ac460/js/chunk.vd-K1VZz.js
27844.126.js	https://static.gmlinteractive.com/casinov3/a73ac460/js/chunk.DtHtQSE_.js
27844.127.js	https://static.gmlinteractive.com/casinov3/a73ac460/js/chunk.DMHur1nR.js
27844.128.js	https://static.gmlinteractive.com/casinov3/a73ac460/js/chunk.nFlqTtvz.js
27844.131.js	https://static.gmlinteractive.com/casinov3/a73ac460/js/chunk.Do7CNB0a.js
27844.129.js	https://static.gmlinteractive.com/casinov3/a73ac460/js/chunk.CcDKCaiu.js
27844.132.js	https://static.gmlinteractive.com/casinov3/a73ac460/js/chunk.BC2jRhmr.js
27844.130.js	https://static.gmlinteractive.com/casinov3/a73ac460/js/chunk.BpJOkY5U.js
27844.133.js	https://static.gmlinteractive.com/casinov3/a73ac460/js/chunk.BA1BNOoA.js
27844.134.js	https://static.gmlinteractive.com/casinov3/a73ac460/js/chunk.BTFM0nDG.js
27844.135.js	https://static.gmlinteractive.com/casinov3/a73ac460/js/chunk.DYdl3_fj.js
27844.124.js	https://static.gmlinteractive.com/casinov3/a73ac460/js/chunk.i4BdLF3w.js
27844.138.json	https://cdn.cookielaw.org/scripttemplates/202501.2.0/assets/otFloatingRounded.json
27844.139.json	https://cdn.cookielaw.org/scripttemplates/202501.2.0/assets/v2/otPcCenter.json
27844.144.js	https://static.gmlinteractive.com/casinov3/a73ac460/js/chunk.CS5IHAwZ.js
27844.146.js	https://static.gmlinteractive.com/casinov3/a73ac460/js/chunk.CS4hRJ20.js
27844.143.js	https://static.gmlinteractive.com/casinov3/a73ac460/js/chunk.pQb1mU1s.js
27844.147.js	https://static.gmlinteractive.com/casinov3/a73ac460/js/chunk.DompZaJe.js
27844.145.js	https://static.gmlinteractive.com/casinov3/a73ac460/js/chunk.CJpIeO3G.js
27844.111.json	https://www.stoiximan.gr/casino/live/topNotifications/topNotification?v=true
27844.116.json	https://www.stoiximan.gr/casino/realitycheck/customersettings
27844.113.json	https://www.stoiximan.gr/casino/freespins/userFreespins
27844.115.json	https://www.stoiximan.gr/casino/customerSession/lastLogin
27844.123.json	https://www.stoiximan.gr/casino/customerSession/sessioninactivityconfig
27844.121.json	https://www.stoiximan.gr/casino/timelosslimits
27844.118.json	https://www.stoiximan.gr/casino/games/recentlysearched
27844.149.js	https://static.gmlinteractive.com/casinov3/a73ac460/js/chunk.RIERv44I.js
27844.148.js	https://static.gmlinteractive.com/casinov3/a73ac460/js/chunk.0ikMNeoQ.js
27844.122.json	https://www.stoiximan.gr/casino/depositlimits
27844.120.json	https://www.stoiximan.gr/casino/api/livefeed
27844.112.json	https://www.stoiximan.gr/casino/balance/userBalance
27844.151.js	https://static.gmlinteractive.com/casinov3/a73ac460/js/chunk.CVp7dYsV.js
27844.153.js	https://static.gmlinteractive.com/casinov3/a73ac460/js/chunk.CJkwPm_8.js
27844.155.json	https://www.stoiximan.gr/casino/api/bonus/stories?section=4
27844.156.json	https://www.stoiximan.gr/casino/api/bonus/stories/translations
27844.170.json	https://static.gmlinteractive.com/casinov3/a73ac460/customer-top-wins-coin-icon.DF3q-Gkf.json
27844.142.json	https://www.stoiximan.gr/casino/api/stake-offers/pending
27844.117.json	https://www.stoiximan.gr/casino/games/favorites
27844.172.json	https://www.stoiximan.gr/casino/live/api/games
27844.209.json	https://www.stoiximan.gr/casino/api/games/recommendations/operator
27844.173.json	https://www.stoiximan.gr/casino/live/api/games/filters
27844.210.json	https://www.stoiximan.gr/casino/games/hotcold
27844.114.json	https://www.stoiximan.gr/casino/popup
27844.217.js	https://euob.greencolumnart.com/sxp/i/04e7029789c8d022812f712860f76e7a.js
27844.141.json	https://realtime-542.optimove.net/reportEvent
27844.213.json	https://www.stoiximan.gr/casino/customerpush/configuration
27844.212.json	https://www.stoiximan.gr/casino/live/api/minilobbies?type=forYou
27844.211.json	https://www.stoiximan.gr/casino/games/recentlyplayed
27844.171.json	https://static.gmlinteractive.com/casinov3/a73ac460/customer-top-wins-coin-icon.DF3q-Gkf.json
27844.241.js	https://static.gmlinteractive.com/casinov3/a73ac460/js/chunk.1KCX7SsQ.js
27844.242.js	https://static.gmlinteractive.com/casinov3/a73ac460/js/chunk.BAlDg4cu.js
27844.208.json	https://www.stoiximan.gr/casino/api/games/recommendations/customer
27844.244.js	https://static.gmlinteractive.com/casinov3/a73ac460/js/chunk.BAN_lYwN.js
27844.243.js	https://static.gmlinteractive.com/casinov3/a73ac460/js/chunk.Ds3e56Zd.js
27844.247.js	https://static.gmlinteractive.com/casinov3/a73ac460/js/chunk.hUHlawNE.js
27844.250.js	https://static.gmlinteractive.com/casinov3/a73ac460/js/chunk._NysdQQ4.js
27844.248.js	https://static.gmlinteractive.com/casinov3/a73ac460/js/chunk.D0ttAJ5A.js
27844.249.js	https://static.gmlinteractive.com/casinov3/a73ac460/js/chunk.CdYBcpF9.js
27844.251.js	https://static.gmlinteractive.com/casinov3/a73ac460/js/chunk.CMqzxGB3.js
27844.255.js	https://static.gmlinteractive.com/casinov3/a73ac460/js/chunk.aeSiSbh7.js
27844.256.js	https://static.gmlinteractive.com/casinov3/a73ac460/js/chunk.9CPfRbtP.js
27844.258.js	https://static.gmlinteractive.com/casinov3/a73ac460/js/chunk.CPO9fdVm.js
27844.259.js	https://static.gmlinteractive.com/casinov3/a73ac460/js/chunk.e55Onyzz.js
27844.257.js	https://static.gmlinteractive.com/casinov3/a73ac460/js/chunk.DUbwancu.js
27844.261.js	https://static.gmlinteractive.com/casinov3/a73ac460/js/chunk.ChP-xL8V.js
27844.262.js	https://static.gmlinteractive.com/casinov3/a73ac460/js/chunk.B3HZH2uO.js
27844.265.js	https://static.gmlinteractive.com/casinov3/a73ac460/js/chunk.Cbbpjap1.js
27844.289.js	https://static.gmlinteractive.com/casinov3/a73ac460/js/chunk.BzglmUdk.js
27844.290.js	https://static.gmlinteractive.com/casinov3/a73ac460/js/chunk.DccLapCR.js
27844.405.js	https://static.gmlinteractive.com/casinov3/a73ac460/js/chunk.B_JPMhhL.js
27844.406.js	https://static.gmlinteractive.com/casinov3/a73ac460/js/chunk.BlbDh5_v.js
27844.288.json	https://www.stoiximan.gr/customerhub_0/negotiate?negotiateVersion=1
27844.421.json	https://www.stoiximan.gr/casino/api/topwins/operator
27844.507.js	https://www.googletagmanager.com/gtag/js?id=G-NL3TXCS6S3&cx=c&gtm=4e6921
27844.527.json	https://obseu.greencolumnart.com/ct
27844.529.json	https://www.stoiximan.gr/casino/games/launch/live/?gameId=35927
9244.4.js	https://static.cloudflareinsights.com/beacon.min.js/v31edd6df95cf4e85bb4c19e7a9bdbcba1788362987495
9244.2.js	https://gaming-launch-gr.betano.com/operator/1/provider/23/file/launcher.js?v=2
25880.669.js	https://www.frail-chance-42.net/apps/shell/static/js/104.f7bf8472.js
25880.670.js	https://www.frail-chance-42.net/apps/shell/static/js/786.74574695.js
25880.671.js	https://www.frail-chance-42.net/apps/shell/static/js/345.de409feb.js
25880.672.js	https://www.frail-chance-42.net/apps/shell/static/js/index.5afa7f63.js
25880.687.json	https://www.frail-chance-42.net/apps/translations-ui/latest/en/miniplay.json
25880.688.js	https://www.frail-chance-42.net/apps/shell/static/js/async/677.34320ab6.js
25972.836.json	https://client.pragmaticplaylive.net/apps/theme-manager/1.0.0/themes/pp_blackjack_default/theme.json
25972.833.json	https://client.pragmaticplaylive.net/apps/feature-flags/1.0.0/blackjack.manifest.json
25972.834.json	https://client.pragmaticplaylive.net/apps/feature-flags/1.0.0/promotions.manifest.json
25972.839.js	https://client.pragmaticplaylive.net/apps/blackjack/3.2.83/release.js
25880.691.json	https://cdn.frail-chance-42.net/gs2c/SingleSessionAPI/data
25880.692.json	https://cdn.frail-chance-42.net/ClientAPI/shell/settings/get/all
25880.694.json	https://www.frail-chance-42.net/apps/translations-ui/latest/el/miniplay.json
14156.3.js	https://cdn.cookielaw.org/scripttemplates/otSDKStub.js
14156.2.json	https://translations.gmlinteractive.com/api/v1/translations/kcv/casinowebsitefrontend/el/24
14156.13.json	https://cdn.cookielaw.org/consent/799045cc-2657-469e-9b2c-24cc08e431ae/799045cc-2657-469e-9b2c-24cc08e431ae.json
14156.10.js	https://static.cloudflareinsights.com/beacon.min.js/v31edd6df95cf4e85bb4c19e7a9bdbcba1788362987495
14156.8.js	https://copilot.gmlinteractive.com/copilot/0.9.6-5e18e9f2/main.js
14156.14.js	https://www.googletagmanager.com/gtm.js?id=GTM-M3QHWW9
14156.24.js	https://copilot.gmlinteractive.com/copilot/0.9.6-5e18e9f2/vue.C1Ckkl3F.js
14156.23.json	https://geolocation.onetrust.com/cookieconsentpub/v1/geo/location
14156.25.js	https://copilot.gmlinteractive.com/copilot/0.9.6-5e18e9f2/vue3-lottie.BRAhPEvB.js
14156.26.js	https://copilot.gmlinteractive.com/copilot/0.9.6-5e18e9f2/vue-i18n.CKK-OYXf.js
14156.9.js	https://sdk.optimove.net/websdk/?tenant_id=542&tenant_token=72b4145aad1747ae9c09acd2bc24a50d
14156.6.js	https://static.gmlinteractive.com/casinov3/a73ac460/js/app.DCm7PxGX.js
14156.27.js	https://copilot.gmlinteractive.com/copilot/0.9.6-5e18e9f2/swiper.CqlqoF6A.js
14156.28.js	https://copilot.gmlinteractive.com/copilot/0.9.6-5e18e9f2/markdown.BMSQkwth.js
14156.15.js	https://edge.fullstory.com/s/fs.js
14156.29.js	https://cdn.cookielaw.org/scripttemplates/202501.2.0/otBannerSdk.js
14156.30.js	https://static.gmlinteractive.com/casinov3/a73ac460/js/chunk.BwlIe5fW.js
14156.51.js	https://static.gmlinteractive.com/casinov3/a73ac460/js/chunk.hcHMx4TS.js
14156.53.js	https://static.app.delivery/sdks/web/optimove-web-bundle.js
14156.55.js	https://static.gmlinteractive.com/casinov3/a73ac460/js/chunk.xVfC0zpC.js
14156.56.js	https://static.gmlinteractive.com/casinov3/a73ac460/js/chunk.B1WMR3hZ.js
14156.57.json	https://edge.fullstory.com/s/settings/o-1FC4W0-na1/v1/web
14156.58.js	https://static.gmlinteractive.com/casinov3/a73ac460/js/chunk.CoGGifHz.js
14156.60.js	https://static.gmlinteractive.com/casinov3/a73ac460/js/chunk.NALbZN9r.js
14156.59.js	https://static.gmlinteractive.com/casinov3/a73ac460/js/chunk.Dl1LrD15.js
14156.54.json	https://stream-542.optimove.net/
14156.61.js	https://static.gmlinteractive.com/casinov3/a73ac460/js/chunk.DKP9srV0.js
14156.62.js	https://static.gmlinteractive.com/casinov3/a73ac460/js/chunk.lQqb9Nqs.js
14156.138.json	https://cdn.cookielaw.org/consent/799045cc-2657-469e-9b2c-24cc08e431ae/019e4aa1-1c2d-78b9-8210-0ac0f140aa51/el.json
14156.63.js	https://static.gmlinteractive.com/casinov3/a73ac460/js/chunk.DDRWTr_U.js
14156.64.js	https://static.gmlinteractive.com/casinov3/a73ac460/js/chunk.U3e_6Mm5.js
14156.65.js	https://static.gmlinteractive.com/casinov3/a73ac460/js/chunk.DNmEh1iY.js
14156.66.js	https://static.gmlinteractive.com/casinov3/a73ac460/js/chunk._7e4AhZk.js
14156.68.js	https://static.gmlinteractive.com/casinov3/a73ac460/js/chunk.7GxsokpS.js
14156.67.js	https://static.gmlinteractive.com/casinov3/a73ac460/js/chunk.Dh29p7QL.js
14156.115.json	https://www.stoiximan.gr/casino/realitycheck/customersettings
14156.112.json	https://www.stoiximan.gr/casino/freespins/userFreespins
14156.110.json	https://www.stoiximan.gr/casino/live/topNotifications/topNotification?v=true
14156.114.json	https://www.stoiximan.gr/casino/customerSession/lastLogin
14156.121.json	https://www.stoiximan.gr/casino/depositlimits
14156.137.json	https://realtime-542.optimove.net/reportEvent
14156.139.json	https://cdn.cookielaw.org/scripttemplates/202501.2.0/assets/otFloatingRounded.json
14156.140.json	https://cdn.cookielaw.org/scripttemplates/202501.2.0/assets/v2/otPcCenter.json
14156.122.json	https://www.stoiximan.gr/casino/customerSession/sessioninactivityconfig
14156.117.json	https://www.stoiximan.gr/casino/games/recentlysearched
14156.119.json	https://www.stoiximan.gr/casino/api/livefeed
14156.111.json	https://www.stoiximan.gr/casino/balance/userBalance
14156.70.js	https://static.gmlinteractive.com/casinov3/a73ac460/js/chunk.VQ0IxCQh.js
14156.69.js	https://static.gmlinteractive.com/casinov3/a73ac460/js/chunk.Dcj6YKnB.js
14156.113.json	https://www.stoiximan.gr/casino/popup
14156.120.json	https://www.stoiximan.gr/casino/timelosslimits
14156.71.js	https://static.gmlinteractive.com/casinov3/a73ac460/js/chunk.Dav2gfjE.js
14156.72.js	https://static.gmlinteractive.com/casinov3/a73ac460/js/chunk.CJSez0Ep.js
14156.73.js	https://static.gmlinteractive.com/casinov3/a73ac460/js/chunk.HiYhu1fj.js
14156.74.js	https://static.gmlinteractive.com/casinov3/a73ac460/js/chunk.DDSXmQpR.js
14156.75.js	https://static.gmlinteractive.com/casinov3/a73ac460/js/chunk.Be16HiJF.js
14156.76.js	https://static.gmlinteractive.com/casinov3/a73ac460/js/chunk.D-STApjy.js
14156.116.json	https://www.stoiximan.gr/casino/games/favorites
14156.77.js	https://static.gmlinteractive.com/casinov3/a73ac460/js/chunk.zhp0ze8A.js
14156.79.js	https://static.gmlinteractive.com/casinov3/a73ac460/js/chunk.537i1yL4.js
14156.78.js	https://static.gmlinteractive.com/casinov3/a73ac460/js/chunk.C0_ibctr.js
14156.80.js	https://static.gmlinteractive.com/casinov3/a73ac460/js/chunk.xCpDP68M.js
14156.81.js	https://static.gmlinteractive.com/casinov3/a73ac460/js/chunk.BmuxE7rM.js
14156.82.js	https://static.gmlinteractive.com/casinov3/a73ac460/js/chunk.lcGDLDNw.js
14156.83.js	https://static.gmlinteractive.com/casinov3/a73ac460/js/chunk.D3DWUQqi.js
14156.84.js	https://static.gmlinteractive.com/casinov3/a73ac460/js/chunk.D5I8SGhl.js
14156.85.js	https://static.gmlinteractive.com/casinov3/a73ac460/js/chunk.1fjffNKj.js
14156.86.js	https://static.gmlinteractive.com/casinov3/a73ac460/js/chunk.D-t3VI6w.js
14156.87.js	https://static.gmlinteractive.com/casinov3/a73ac460/js/chunk.D3MfnKqO.js
14156.89.js	https://static.gmlinteractive.com/casinov3/a73ac460/js/chunk.Bf2NK1cE.js
14156.90.js	https://static.gmlinteractive.com/casinov3/a73ac460/js/chunk.C5a6dmbK.js
14156.92.js	https://static.gmlinteractive.com/casinov3/a73ac460/js/chunk.Ci892fHU.js
14156.93.js	https://static.gmlinteractive.com/casinov3/a73ac460/js/chunk.C7BfBz-_.js
14156.95.js	https://static.gmlinteractive.com/casinov3/a73ac460/js/chunk.CA0f47T3.js
14156.94.js	https://static.gmlinteractive.com/casinov3/a73ac460/js/chunk.IuL5-plG.js
14156.96.js	https://static.gmlinteractive.com/casinov3/a73ac460/js/chunk.CDQMZ_J2.js
14156.97.js	https://static.gmlinteractive.com/casinov3/a73ac460/js/chunk.BbBlzd_Q.js
14156.98.js	https://static.gmlinteractive.com/casinov3/a73ac460/js/chunk.DZ3Tix3B.js
14156.99.js	https://static.gmlinteractive.com/casinov3/a73ac460/js/chunk.BJUEsJRV.js
14156.101.js	https://static.gmlinteractive.com/casinov3/a73ac460/js/chunk.wL1VQXOh.js
14156.100.js	https://static.gmlinteractive.com/casinov3/a73ac460/js/chunk.u4vPABi4.js
14156.102.js	https://static.gmlinteractive.com/casinov3/a73ac460/js/chunk.0A77WSuG.js
14156.105.js	https://static.gmlinteractive.com/casinov3/a73ac460/js/chunk.aziTJOCh.js
14156.104.js	https://static.gmlinteractive.com/casinov3/a73ac460/js/chunk.fOh4MTka.js
14156.103.js	https://static.gmlinteractive.com/casinov3/a73ac460/js/chunk.cIibpqXx.js
14156.106.js	https://static.gmlinteractive.com/casinov3/a73ac460/js/chunk.C44m_qhJ.js
14156.124.js	https://static.gmlinteractive.com/casinov3/a73ac460/js/chunk.vd-K1VZz.js
14156.107.js	https://static.gmlinteractive.com/casinov3/a73ac460/js/chunk.D0ho7GVx.js
14156.123.js	https://static.gmlinteractive.com/casinov3/a73ac460/js/chunk.i4BdLF3w.js
14156.125.js	https://static.gmlinteractive.com/casinov3/a73ac460/js/chunk.DtHtQSE_.js
14156.126.js	https://static.gmlinteractive.com/casinov3/a73ac460/js/chunk.DMHur1nR.js
14156.127.js	https://static.gmlinteractive.com/casinov3/a73ac460/js/chunk.nFlqTtvz.js
14156.129.js	https://static.gmlinteractive.com/casinov3/a73ac460/js/chunk.BpJOkY5U.js
14156.128.js	https://static.gmlinteractive.com/casinov3/a73ac460/js/chunk.CcDKCaiu.js
14156.130.js	https://static.gmlinteractive.com/casinov3/a73ac460/js/chunk.Do7CNB0a.js
14156.131.js	https://static.gmlinteractive.com/casinov3/a73ac460/js/chunk.BC2jRhmr.js
14156.132.js	https://static.gmlinteractive.com/casinov3/a73ac460/js/chunk.BA1BNOoA.js
14156.133.js	https://static.gmlinteractive.com/casinov3/a73ac460/js/chunk.BTFM0nDG.js
14156.134.js	https://static.gmlinteractive.com/casinov3/a73ac460/js/chunk.DYdl3_fj.js
14156.149.js	https://static.gmlinteractive.com/casinov3/a73ac460/js/chunk.pQb1mU1s.js
14156.150.js	https://static.gmlinteractive.com/casinov3/a73ac460/js/chunk.CS5IHAwZ.js
14156.151.js	https://static.gmlinteractive.com/casinov3/a73ac460/js/chunk.CJpIeO3G.js
14156.152.js	https://static.gmlinteractive.com/casinov3/a73ac460/js/chunk.CS4hRJ20.js
14156.153.js	https://static.gmlinteractive.com/casinov3/a73ac460/js/chunk.DompZaJe.js
14156.162.json	https://www.stoiximan.gr/casino/api/bonus/stories/translations
14156.161.json	https://www.stoiximan.gr/casino/api/bonus/stories?section=4
14156.148.json	https://www.stoiximan.gr/casino/api/stake-offers/pending
14156.176.json	https://static.gmlinteractive.com/casinov3/a73ac460/customer-top-wins-coin-icon.DF3q-Gkf.json
14156.178.json	https://www.stoiximan.gr/casino/live/api/games
14156.179.json	https://www.stoiximan.gr/casino/live/api/games/filters
14156.216.json	https://www.stoiximan.gr/casino/games/hotcold
14156.215.json	https://www.stoiximan.gr/casino/api/games/recommendations/operator
14156.177.json	https://static.gmlinteractive.com/casinov3/a73ac460/customer-top-wins-coin-icon.DF3q-Gkf.json
14156.219.json	https://www.stoiximan.gr/casino/customerpush/configuration
14156.218.json	https://www.stoiximan.gr/casino/live/api/minilobbies?type=forYou
14156.217.json	https://www.stoiximan.gr/casino/games/recentlyplayed
14156.214.json	https://www.stoiximan.gr/casino/api/games/recommendations/customer
14156.154.js	https://static.gmlinteractive.com/casinov3/a73ac460/js/chunk.0ikMNeoQ.js
14156.155.js	https://static.gmlinteractive.com/casinov3/a73ac460/js/chunk.RIERv44I.js
14156.157.js	https://static.gmlinteractive.com/casinov3/a73ac460/js/chunk.CVp7dYsV.js
14156.159.js	https://static.gmlinteractive.com/casinov3/a73ac460/js/chunk.CJkwPm_8.js
14156.241.js	https://static.gmlinteractive.com/casinov3/a73ac460/js/chunk.1KCX7SsQ.js
14156.242.js	https://static.gmlinteractive.com/casinov3/a73ac460/js/chunk.BAlDg4cu.js
14156.243.js	https://static.gmlinteractive.com/casinov3/a73ac460/js/chunk.Ds3e56Zd.js
14156.244.js	https://static.gmlinteractive.com/casinov3/a73ac460/js/chunk.BAN_lYwN.js
14156.247.js	https://static.gmlinteractive.com/casinov3/a73ac460/js/chunk.hUHlawNE.js
14156.248.js	https://static.gmlinteractive.com/casinov3/a73ac460/js/chunk.D0ttAJ5A.js
14156.249.js	https://static.gmlinteractive.com/casinov3/a73ac460/js/chunk.CdYBcpF9.js
14156.250.js	https://static.gmlinteractive.com/casinov3/a73ac460/js/chunk._NysdQQ4.js
14156.251.js	https://static.gmlinteractive.com/casinov3/a73ac460/js/chunk.CMqzxGB3.js
14156.255.js	https://static.gmlinteractive.com/casinov3/a73ac460/js/chunk.aeSiSbh7.js
14156.256.js	https://static.gmlinteractive.com/casinov3/a73ac460/js/chunk.9CPfRbtP.js
14156.267.json	https://www.stoiximan.gr/customerhub_0/negotiate?negotiateVersion=1
14156.257.js	https://static.gmlinteractive.com/casinov3/a73ac460/js/chunk.DUbwancu.js
14156.258.js	https://static.gmlinteractive.com/casinov3/a73ac460/js/chunk.CPO9fdVm.js
14156.259.js	https://static.gmlinteractive.com/casinov3/a73ac460/js/chunk.e55Onyzz.js
14156.261.js	https://static.gmlinteractive.com/casinov3/a73ac460/js/chunk.ChP-xL8V.js
14156.265.js	https://static.gmlinteractive.com/casinov3/a73ac460/js/chunk.Cbbpjap1.js
14156.262.js	https://static.gmlinteractive.com/casinov3/a73ac460/js/chunk.B3HZH2uO.js
14156.274.js	https://static.gmlinteractive.com/casinov3/a73ac460/js/chunk.B_JPMhhL.js
14156.287.js	https://static.gmlinteractive.com/casinov3/a73ac460/js/chunk.BlbDh5_v.js
14156.145.js	https://euob.greencolumnart.com/sxp/i/04e7029789c8d022812f712860f76e7a.js
14156.321.js	https://static.gmlinteractive.com/casinov3/a73ac460/js/chunk.BzglmUdk.js
14156.291.json	https://www.stoiximan.gr/casino/api/topwins/operator
14156.344.js	https://www.googletagmanager.com/gtag/js?id=G-NL3TXCS6S3&cx=c&gtm=4e6921
14156.365.json	https://obseu.greencolumnart.com/ct
14156.367.json	https://www.stoiximan.gr/casino/games/launch/live/?gameId=35927
27308.4.js	https://static.cloudflareinsights.com/beacon.min.js/v31edd6df95cf4e85bb4c19e7a9bdbcba1788362987495
27308.2.js	https://gaming-launch-gr.betano.com/operator/1/provider/23/file/launcher.js?v=2
25880.699.js	https://www.frail-chance-42.net/apps/shell/static/js/104.f7bf8472.js
25880.700.js	https://www.frail-chance-42.net/apps/shell/static/js/786.74574695.js
25880.701.js	https://www.frail-chance-42.net/apps/shell/static/js/345.de409feb.js
25880.702.js	https://www.frail-chance-42.net/apps/shell/static/js/index.5afa7f63.js
25880.714.json	https://www.frail-chance-42.net/apps/translations-ui/latest/en/miniplay.json
25880.715.js	https://www.frail-chance-42.net/apps/shell/static/js/async/677.34320ab6.js
25972.913.json	https://client.pragmaticplaylive.net/apps/theme-manager/1.0.0/themes/pp_blackjack_default/theme.json
25972.910.json	https://client.pragmaticplaylive.net/apps/feature-flags/1.0.0/blackjack.manifest.json
25972.911.json	https://client.pragmaticplaylive.net/apps/feature-flags/1.0.0/promotions.manifest.json
25972.915.js	https://client.pragmaticplaylive.net/apps/blackjack/3.2.83/release.js
25880.721.json	https://cdn.frail-chance-42.net/gs2c/SingleSessionAPI/data
25880.722.json	https://cdn.frail-chance-42.net/ClientAPI/shell/settings/get/all
25880.724.json	https://www.frail-chance-42.net/apps/translations-ui/latest/el/miniplay.json
24836.3.js	https://cdn.cookielaw.org/scripttemplates/otSDKStub.js
24836.2.json	https://translations.gmlinteractive.com/api/v1/translations/kcv/casinowebsitefrontend/el/24
24836.13.json	https://cdn.cookielaw.org/consent/799045cc-2657-469e-9b2c-24cc08e431ae/799045cc-2657-469e-9b2c-24cc08e431ae.json
24836.10.js	https://static.cloudflareinsights.com/beacon.min.js/v31edd6df95cf4e85bb4c19e7a9bdbcba1788362987495
24836.8.js	https://copilot.gmlinteractive.com/copilot/0.9.6-5e18e9f2/main.js
24836.14.js	https://www.googletagmanager.com/gtm.js?id=GTM-M3QHWW9
24836.24.js	https://copilot.gmlinteractive.com/copilot/0.9.6-5e18e9f2/vue.C1Ckkl3F.js
24836.23.json	https://geolocation.onetrust.com/cookieconsentpub/v1/geo/location
24836.25.js	https://copilot.gmlinteractive.com/copilot/0.9.6-5e18e9f2/vue3-lottie.BRAhPEvB.js
24836.6.js	https://static.gmlinteractive.com/casinov3/a73ac460/js/app.DCm7PxGX.js
24836.9.js	https://sdk.optimove.net/websdk/?tenant_id=542&tenant_token=72b4145aad1747ae9c09acd2bc24a50d
24836.26.js	https://copilot.gmlinteractive.com/copilot/0.9.6-5e18e9f2/vue-i18n.CKK-OYXf.js
24836.27.js	https://copilot.gmlinteractive.com/copilot/0.9.6-5e18e9f2/swiper.CqlqoF6A.js
24836.28.js	https://copilot.gmlinteractive.com/copilot/0.9.6-5e18e9f2/markdown.BMSQkwth.js
24836.15.js	https://edge.fullstory.com/s/fs.js
24836.29.js	https://cdn.cookielaw.org/scripttemplates/202501.2.0/otBannerSdk.js
24836.30.js	https://static.gmlinteractive.com/casinov3/a73ac460/js/chunk.BwlIe5fW.js
24836.51.js	https://static.gmlinteractive.com/casinov3/a73ac460/js/chunk.hcHMx4TS.js
24836.53.js	https://static.app.delivery/sdks/web/optimove-web-bundle.js
24836.55.js	https://static.gmlinteractive.com/casinov3/a73ac460/js/chunk.xVfC0zpC.js
24836.56.js	https://static.gmlinteractive.com/casinov3/a73ac460/js/chunk.B1WMR3hZ.js
24836.57.json	https://edge.fullstory.com/s/settings/o-1FC4W0-na1/v1/web
24836.58.js	https://static.gmlinteractive.com/casinov3/a73ac460/js/chunk.CoGGifHz.js
24836.60.js	https://static.gmlinteractive.com/casinov3/a73ac460/js/chunk.NALbZN9r.js
24836.59.js	https://static.gmlinteractive.com/casinov3/a73ac460/js/chunk.Dl1LrD15.js
24836.54.json	https://stream-542.optimove.net/
24836.61.js	https://static.gmlinteractive.com/casinov3/a73ac460/js/chunk.DKP9srV0.js
24836.138.json	https://cdn.cookielaw.org/consent/799045cc-2657-469e-9b2c-24cc08e431ae/019e4aa1-1c2d-78b9-8210-0ac0f140aa51/el.json
24836.62.js	https://static.gmlinteractive.com/casinov3/a73ac460/js/chunk.lQqb9Nqs.js
24836.63.js	https://static.gmlinteractive.com/casinov3/a73ac460/js/chunk.DDRWTr_U.js
24836.64.js	https://static.gmlinteractive.com/casinov3/a73ac460/js/chunk.U3e_6Mm5.js
24836.65.js	https://static.gmlinteractive.com/casinov3/a73ac460/js/chunk.DNmEh1iY.js
24836.66.js	https://static.gmlinteractive.com/casinov3/a73ac460/js/chunk._7e4AhZk.js
24836.67.js	https://static.gmlinteractive.com/casinov3/a73ac460/js/chunk.Dh29p7QL.js
24836.68.js	https://static.gmlinteractive.com/casinov3/a73ac460/js/chunk.7GxsokpS.js
24836.139.json	https://cdn.cookielaw.org/scripttemplates/202501.2.0/assets/otFloatingRounded.json
24836.140.json	https://cdn.cookielaw.org/scripttemplates/202501.2.0/assets/v2/otPcCenter.json
24836.70.js	https://static.gmlinteractive.com/casinov3/a73ac460/js/chunk.VQ0IxCQh.js
24836.71.js	https://static.gmlinteractive.com/casinov3/a73ac460/js/chunk.Dav2gfjE.js
24836.69.js	https://static.gmlinteractive.com/casinov3/a73ac460/js/chunk.Dcj6YKnB.js
24836.137.json	https://realtime-542.optimove.net/reportEvent
24836.72.js	https://static.gmlinteractive.com/casinov3/a73ac460/js/chunk.CJSez0Ep.js
24836.73.js	https://static.gmlinteractive.com/casinov3/a73ac460/js/chunk.HiYhu1fj.js
24836.110.json	https://www.stoiximan.gr/casino/live/topNotifications/topNotification?v=true
24836.117.json	https://www.stoiximan.gr/casino/games/recentlysearched
24836.115.json	https://www.stoiximan.gr/casino/realitycheck/customersettings
24836.122.json	https://www.stoiximan.gr/casino/customerSession/sessioninactivityconfig
24836.114.json	https://www.stoiximan.gr/casino/customerSession/lastLogin
24836.120.json	https://www.stoiximan.gr/casino/timelosslimits
24836.119.json	https://www.stoiximan.gr/casino/api/livefeed
24836.121.json	https://www.stoiximan.gr/casino/depositlimits
24836.111.json	https://www.stoiximan.gr/casino/balance/userBalance
24836.74.js	https://static.gmlinteractive.com/casinov3/a73ac460/js/chunk.DDSXmQpR.js
24836.75.js	https://static.gmlinteractive.com/casinov3/a73ac460/js/chunk.Be16HiJF.js
24836.76.js	https://static.gmlinteractive.com/casinov3/a73ac460/js/chunk.D-STApjy.js
24836.77.js	https://static.gmlinteractive.com/casinov3/a73ac460/js/chunk.zhp0ze8A.js
24836.78.js	https://static.gmlinteractive.com/casinov3/a73ac460/js/chunk.C0_ibctr.js
24836.113.json	https://www.stoiximan.gr/casino/popup
24836.79.js	https://static.gmlinteractive.com/casinov3/a73ac460/js/chunk.537i1yL4.js
24836.80.js	https://static.gmlinteractive.com/casinov3/a73ac460/js/chunk.xCpDP68M.js
24836.81.js	https://static.gmlinteractive.com/casinov3/a73ac460/js/chunk.BmuxE7rM.js
24836.82.js	https://static.gmlinteractive.com/casinov3/a73ac460/js/chunk.lcGDLDNw.js
24836.83.js	https://static.gmlinteractive.com/casinov3/a73ac460/js/chunk.D3DWUQqi.js
24836.84.js	https://static.gmlinteractive.com/casinov3/a73ac460/js/chunk.D5I8SGhl.js
24836.85.js	https://static.gmlinteractive.com/casinov3/a73ac460/js/chunk.1fjffNKj.js
24836.86.js	https://static.gmlinteractive.com/casinov3/a73ac460/js/chunk.D-t3VI6w.js
24836.87.js	https://static.gmlinteractive.com/casinov3/a73ac460/js/chunk.D3MfnKqO.js
24836.89.js	https://static.gmlinteractive.com/casinov3/a73ac460/js/chunk.Bf2NK1cE.js
24836.112.json	https://www.stoiximan.gr/casino/freespins/userFreespins
24836.90.js	https://static.gmlinteractive.com/casinov3/a73ac460/js/chunk.C5a6dmbK.js
24836.92.js	https://static.gmlinteractive.com/casinov3/a73ac460/js/chunk.Ci892fHU.js
24836.93.js	https://static.gmlinteractive.com/casinov3/a73ac460/js/chunk.C7BfBz-_.js
24836.94.js	https://static.gmlinteractive.com/casinov3/a73ac460/js/chunk.IuL5-plG.js
24836.95.js	https://static.gmlinteractive.com/casinov3/a73ac460/js/chunk.CA0f47T3.js
24836.96.js	https://static.gmlinteractive.com/casinov3/a73ac460/js/chunk.CDQMZ_J2.js
24836.97.js	https://static.gmlinteractive.com/casinov3/a73ac460/js/chunk.BbBlzd_Q.js
24836.98.js	https://static.gmlinteractive.com/casinov3/a73ac460/js/chunk.DZ3Tix3B.js
24836.99.js	https://static.gmlinteractive.com/casinov3/a73ac460/js/chunk.BJUEsJRV.js
24836.101.js	https://static.gmlinteractive.com/casinov3/a73ac460/js/chunk.wL1VQXOh.js
24836.100.js	https://static.gmlinteractive.com/casinov3/a73ac460/js/chunk.u4vPABi4.js
24836.102.js	https://static.gmlinteractive.com/casinov3/a73ac460/js/chunk.0A77WSuG.js
24836.105.js	https://static.gmlinteractive.com/casinov3/a73ac460/js/chunk.aziTJOCh.js
24836.104.js	https://static.gmlinteractive.com/casinov3/a73ac460/js/chunk.fOh4MTka.js
24836.103.js	https://static.gmlinteractive.com/casinov3/a73ac460/js/chunk.cIibpqXx.js
24836.106.js	https://static.gmlinteractive.com/casinov3/a73ac460/js/chunk.C44m_qhJ.js
24836.124.js	https://static.gmlinteractive.com/casinov3/a73ac460/js/chunk.vd-K1VZz.js
24836.107.js	https://static.gmlinteractive.com/casinov3/a73ac460/js/chunk.D0ho7GVx.js
24836.116.json	https://www.stoiximan.gr/casino/games/favorites
24836.123.js	https://static.gmlinteractive.com/casinov3/a73ac460/js/chunk.i4BdLF3w.js
24836.125.js	https://static.gmlinteractive.com/casinov3/a73ac460/js/chunk.DtHtQSE_.js
24836.126.js	https://static.gmlinteractive.com/casinov3/a73ac460/js/chunk.DMHur1nR.js
24836.127.js	https://static.gmlinteractive.com/casinov3/a73ac460/js/chunk.nFlqTtvz.js
24836.128.js	https://static.gmlinteractive.com/casinov3/a73ac460/js/chunk.CcDKCaiu.js
24836.129.js	https://static.gmlinteractive.com/casinov3/a73ac460/js/chunk.BpJOkY5U.js
24836.130.js	https://static.gmlinteractive.com/casinov3/a73ac460/js/chunk.Do7CNB0a.js
24836.131.js	https://static.gmlinteractive.com/casinov3/a73ac460/js/chunk.BC2jRhmr.js
24836.132.js	https://static.gmlinteractive.com/casinov3/a73ac460/js/chunk.BA1BNOoA.js
24836.133.js	https://static.gmlinteractive.com/casinov3/a73ac460/js/chunk.BTFM0nDG.js
24836.134.js	https://static.gmlinteractive.com/casinov3/a73ac460/js/chunk.DYdl3_fj.js
24836.149.js	https://static.gmlinteractive.com/casinov3/a73ac460/js/chunk.pQb1mU1s.js
24836.150.js	https://static.gmlinteractive.com/casinov3/a73ac460/js/chunk.CS5IHAwZ.js
24836.151.js	https://static.gmlinteractive.com/casinov3/a73ac460/js/chunk.CJpIeO3G.js
24836.152.js	https://static.gmlinteractive.com/casinov3/a73ac460/js/chunk.CS4hRJ20.js
24836.162.json	https://www.stoiximan.gr/casino/api/bonus/stories/translations
24836.161.json	https://www.stoiximan.gr/casino/api/bonus/stories?section=4
24836.148.json	https://www.stoiximan.gr/casino/api/stake-offers/pending
24836.176.json	https://static.gmlinteractive.com/casinov3/a73ac460/customer-top-wins-coin-icon.DF3q-Gkf.json
24836.179.json	https://www.stoiximan.gr/casino/live/api/games/filters
24836.178.json	https://www.stoiximan.gr/casino/live/api/games
24836.216.json	https://www.stoiximan.gr/casino/games/hotcold
24836.215.json	https://www.stoiximan.gr/casino/api/games/recommendations/operator
24836.177.json	https://static.gmlinteractive.com/casinov3/a73ac460/customer-top-wins-coin-icon.DF3q-Gkf.json
24836.219.json	https://www.stoiximan.gr/casino/customerpush/configuration
24836.214.json	https://www.stoiximan.gr/casino/api/games/recommendations/customer
24836.153.js	https://static.gmlinteractive.com/casinov3/a73ac460/js/chunk.DompZaJe.js
24836.154.js	https://static.gmlinteractive.com/casinov3/a73ac460/js/chunk.0ikMNeoQ.js
24836.155.js	https://static.gmlinteractive.com/casinov3/a73ac460/js/chunk.RIERv44I.js
24836.157.js	https://static.gmlinteractive.com/casinov3/a73ac460/js/chunk.CVp7dYsV.js
24836.159.js	https://static.gmlinteractive.com/casinov3/a73ac460/js/chunk.CJkwPm_8.js
24836.241.js	https://static.gmlinteractive.com/casinov3/a73ac460/js/chunk.1KCX7SsQ.js
24836.242.js	https://static.gmlinteractive.com/casinov3/a73ac460/js/chunk.BAlDg4cu.js
24836.243.js	https://static.gmlinteractive.com/casinov3/a73ac460/js/chunk.Ds3e56Zd.js
24836.244.js	https://static.gmlinteractive.com/casinov3/a73ac460/js/chunk.BAN_lYwN.js
24836.247.js	https://static.gmlinteractive.com/casinov3/a73ac460/js/chunk.hUHlawNE.js
24836.248.js	https://static.gmlinteractive.com/casinov3/a73ac460/js/chunk.D0ttAJ5A.js
24836.249.js	https://static.gmlinteractive.com/casinov3/a73ac460/js/chunk.CdYBcpF9.js
24836.250.js	https://static.gmlinteractive.com/casinov3/a73ac460/js/chunk._NysdQQ4.js
24836.255.js	https://static.gmlinteractive.com/casinov3/a73ac460/js/chunk.aeSiSbh7.js
24836.251.js	https://static.gmlinteractive.com/casinov3/a73ac460/js/chunk.CMqzxGB3.js
24836.217.json	https://www.stoiximan.gr/casino/games/recentlyplayed
24836.218.json	https://www.stoiximan.gr/casino/live/api/minilobbies?type=forYou
24836.256.js	https://static.gmlinteractive.com/casinov3/a73ac460/js/chunk.9CPfRbtP.js
24836.258.js	https://static.gmlinteractive.com/casinov3/a73ac460/js/chunk.CPO9fdVm.js
24836.257.js	https://static.gmlinteractive.com/casinov3/a73ac460/js/chunk.DUbwancu.js
24836.259.js	https://static.gmlinteractive.com/casinov3/a73ac460/js/chunk.e55Onyzz.js
24836.267.json	https://www.stoiximan.gr/customerhub_0/negotiate?negotiateVersion=1
24836.261.js	https://static.gmlinteractive.com/casinov3/a73ac460/js/chunk.ChP-xL8V.js
24836.262.js	https://static.gmlinteractive.com/casinov3/a73ac460/js/chunk.B3HZH2uO.js
24836.265.js	https://static.gmlinteractive.com/casinov3/a73ac460/js/chunk.Cbbpjap1.js
24836.274.js	https://static.gmlinteractive.com/casinov3/a73ac460/js/chunk.B_JPMhhL.js
24836.288.js	https://static.gmlinteractive.com/casinov3/a73ac460/js/chunk.BlbDh5_v.js
24836.145.js	https://euob.greencolumnart.com/sxp/i/04e7029789c8d022812f712860f76e7a.js
24836.321.js	https://static.gmlinteractive.com/casinov3/a73ac460/js/chunk.BzglmUdk.js
24836.290.json	https://www.stoiximan.gr/casino/api/topwins/operator
24836.344.js	https://www.googletagmanager.com/gtag/js?id=G-NL3TXCS6S3&cx=c&gtm=4e6921
24836.364.json	https://www.stoiximan.gr/casino/games/launch/live/?gameId=35927
1132.4.js	https://static.cloudflareinsights.com/beacon.min.js/v31edd6df95cf4e85bb4c19e7a9bdbcba1788362987495
1132.2.js	https://gaming-launch-gr.betano.com/operator/1/provider/23/file/launcher.js?v=2
25880.728.js	https://www.frail-chance-42.net/apps/shell/static/js/104.f7bf8472.js
25880.729.js	https://www.frail-chance-42.net/apps/shell/static/js/786.74574695.js
25880.730.js	https://www.frail-chance-42.net/apps/shell/static/js/345.de409feb.js
25880.731.js	https://www.frail-chance-42.net/apps/shell/static/js/index.5afa7f63.js
25880.743.json	https://www.frail-chance-42.net/apps/translations-ui/latest/en/miniplay.json
25880.744.js	https://www.frail-chance-42.net/apps/shell/static/js/async/677.34320ab6.js
25972.981.json	https://client.pragmaticplaylive.net/apps/theme-manager/1.0.0/themes/pp_blackjack_default/theme.json
25972.978.json	https://client.pragmaticplaylive.net/apps/feature-flags/1.0.0/blackjack.manifest.json
25972.979.json	https://client.pragmaticplaylive.net/apps/feature-flags/1.0.0/promotions.manifest.json
25972.983.js	https://client.pragmaticplaylive.net/apps/blackjack/3.2.83/release.js
25880.751.json	https://cdn.frail-chance-42.net/ClientAPI/shell/settings/get/all
25880.750.json	https://cdn.frail-chance-42.net/gs2c/SingleSessionAPI/data
25880.753.json	https://www.frail-chance-42.net/apps/translations-ui/latest/el/miniplay.json
25972.984.js	https://client.pragmaticplaylive.net/apps/blackjack/3.2.83/main.js
25972.986.js	https://client.pragmaticplaylive.net/apps/video/2.1.2/index.js
25972.1014.js	https://client.pragmaticplaylive.net/apps/video/2.1.2/constants-CQe0O6qb.js
27036.2.json	https://translations.gmlinteractive.com/api/v1/translations/kcv/casinowebsitefrontend/el/24
27036.3.js	https://cdn.cookielaw.org/scripttemplates/otSDKStub.js
27036.10.js	https://static.cloudflareinsights.com/beacon.min.js/v31edd6df95cf4e85bb4c19e7a9bdbcba1788362987495
27036.13.json	https://cdn.cookielaw.org/consent/799045cc-2657-469e-9b2c-24cc08e431ae/799045cc-2657-469e-9b2c-24cc08e431ae.json
27036.8.js	https://copilot.gmlinteractive.com/copilot/0.9.6-5e18e9f2/main.js
27036.15.js	https://edge.fullstory.com/s/fs.js
27036.14.js	https://www.googletagmanager.com/gtm.js?id=GTM-M3QHWW9
27036.23.json	https://geolocation.onetrust.com/cookieconsentpub/v1/geo/location
27036.47.js	https://copilot.gmlinteractive.com/copilot/0.9.6-5e18e9f2/swiper.CqlqoF6A.js
27036.44.js	https://copilot.gmlinteractive.com/copilot/0.9.6-5e18e9f2/vue.C1Ckkl3F.js
27036.48.js	https://copilot.gmlinteractive.com/copilot/0.9.6-5e18e9f2/markdown.BMSQkwth.js
27036.49.json	https://edge.fullstory.com/s/settings/o-1FC4W0-na1/v1/web
27036.46.js	https://copilot.gmlinteractive.com/copilot/0.9.6-5e18e9f2/vue-i18n.CKK-OYXf.js
27036.45.js	https://copilot.gmlinteractive.com/copilot/0.9.6-5e18e9f2/vue3-lottie.BRAhPEvB.js
27036.50.js	https://cdn.cookielaw.org/scripttemplates/202501.2.0/otBannerSdk.js
27036.6.js	https://static.gmlinteractive.com/casinov3/a73ac460/js/app.DCm7PxGX.js
27036.9.js	https://sdk.optimove.net/websdk/?tenant_id=542&tenant_token=72b4145aad1747ae9c09acd2bc24a50d
27036.51.js	https://static.gmlinteractive.com/casinov3/a73ac460/js/chunk.BwlIe5fW.js
27036.52.js	https://static.gmlinteractive.com/casinov3/a73ac460/js/chunk.hcHMx4TS.js
27036.54.js	https://static.app.delivery/sdks/web/optimove-web-bundle.js
27036.56.js	https://static.gmlinteractive.com/casinov3/a73ac460/js/chunk.xVfC0zpC.js
27036.57.js	https://static.gmlinteractive.com/casinov3/a73ac460/js/chunk.B1WMR3hZ.js
27036.59.js	https://static.gmlinteractive.com/casinov3/a73ac460/js/chunk.CoGGifHz.js
27036.66.js	https://static.gmlinteractive.com/casinov3/a73ac460/js/chunk.DNmEh1iY.js
27036.67.js	https://static.gmlinteractive.com/casinov3/a73ac460/js/chunk._7e4AhZk.js
27036.68.js	https://static.gmlinteractive.com/casinov3/a73ac460/js/chunk.Dh29p7QL.js
27036.63.js	https://static.gmlinteractive.com/casinov3/a73ac460/js/chunk.lQqb9Nqs.js
27036.61.js	https://static.gmlinteractive.com/casinov3/a73ac460/js/chunk.NALbZN9r.js
27036.62.js	https://static.gmlinteractive.com/casinov3/a73ac460/js/chunk.DKP9srV0.js
27036.74.js	https://static.gmlinteractive.com/casinov3/a73ac460/js/chunk.HiYhu1fj.js
27036.60.js	https://static.gmlinteractive.com/casinov3/a73ac460/js/chunk.Dl1LrD15.js
27036.69.js	https://static.gmlinteractive.com/casinov3/a73ac460/js/chunk.7GxsokpS.js
27036.73.js	https://static.gmlinteractive.com/casinov3/a73ac460/js/chunk.CJSez0Ep.js
27036.75.js	https://static.gmlinteractive.com/casinov3/a73ac460/js/chunk.DDSXmQpR.js
27036.72.js	https://static.gmlinteractive.com/casinov3/a73ac460/js/chunk.Dav2gfjE.js
27036.79.js	https://static.gmlinteractive.com/casinov3/a73ac460/js/chunk.C0_ibctr.js
27036.77.js	https://static.gmlinteractive.com/casinov3/a73ac460/js/chunk.D-STApjy.js
27036.64.js	https://static.gmlinteractive.com/casinov3/a73ac460/js/chunk.DDRWTr_U.js
27036.81.js	https://static.gmlinteractive.com/casinov3/a73ac460/js/chunk.xCpDP68M.js
27036.78.js	https://static.gmlinteractive.com/casinov3/a73ac460/js/chunk.zhp0ze8A.js
27036.65.js	https://static.gmlinteractive.com/casinov3/a73ac460/js/chunk.U3e_6Mm5.js
27036.83.js	https://static.gmlinteractive.com/casinov3/a73ac460/js/chunk.lcGDLDNw.js
27036.82.js	https://static.gmlinteractive.com/casinov3/a73ac460/js/chunk.BmuxE7rM.js
27036.71.js	https://static.gmlinteractive.com/casinov3/a73ac460/js/chunk.VQ0IxCQh.js
27036.80.js	https://static.gmlinteractive.com/casinov3/a73ac460/js/chunk.537i1yL4.js
27036.76.js	https://static.gmlinteractive.com/casinov3/a73ac460/js/chunk.Be16HiJF.js
27036.85.js	https://static.gmlinteractive.com/casinov3/a73ac460/js/chunk.D5I8SGhl.js
27036.84.js	https://static.gmlinteractive.com/casinov3/a73ac460/js/chunk.D3DWUQqi.js
27036.70.js	https://static.gmlinteractive.com/casinov3/a73ac460/js/chunk.Dcj6YKnB.js
27036.86.js	https://static.gmlinteractive.com/casinov3/a73ac460/js/chunk.1fjffNKj.js
27036.88.js	https://static.gmlinteractive.com/casinov3/a73ac460/js/chunk.D3MfnKqO.js
27036.87.js	https://static.gmlinteractive.com/casinov3/a73ac460/js/chunk.D-t3VI6w.js
27036.91.js	https://static.gmlinteractive.com/casinov3/a73ac460/js/chunk.C5a6dmbK.js
27036.90.js	https://static.gmlinteractive.com/casinov3/a73ac460/js/chunk.Bf2NK1cE.js
27036.93.js	https://static.gmlinteractive.com/casinov3/a73ac460/js/chunk.Ci892fHU.js
27036.94.js	https://static.gmlinteractive.com/casinov3/a73ac460/js/chunk.C7BfBz-_.js
27036.96.js	https://static.gmlinteractive.com/casinov3/a73ac460/js/chunk.CA0f47T3.js
27036.97.js	https://static.gmlinteractive.com/casinov3/a73ac460/js/chunk.CDQMZ_J2.js
27036.98.js	https://static.gmlinteractive.com/casinov3/a73ac460/js/chunk.BbBlzd_Q.js
27036.99.js	https://static.gmlinteractive.com/casinov3/a73ac460/js/chunk.DZ3Tix3B.js
27036.95.js	https://static.gmlinteractive.com/casinov3/a73ac460/js/chunk.IuL5-plG.js
27036.100.js	https://static.gmlinteractive.com/casinov3/a73ac460/js/chunk.BJUEsJRV.js
27036.101.js	https://static.gmlinteractive.com/casinov3/a73ac460/js/chunk.u4vPABi4.js
27036.102.js	https://static.gmlinteractive.com/casinov3/a73ac460/js/chunk.wL1VQXOh.js
27036.103.js	https://static.gmlinteractive.com/casinov3/a73ac460/js/chunk.0A77WSuG.js
27036.106.js	https://static.gmlinteractive.com/casinov3/a73ac460/js/chunk.aziTJOCh.js
27036.107.js	https://static.gmlinteractive.com/casinov3/a73ac460/js/chunk.C44m_qhJ.js
27036.105.js	https://static.gmlinteractive.com/casinov3/a73ac460/js/chunk.fOh4MTka.js
27036.104.js	https://static.gmlinteractive.com/casinov3/a73ac460/js/chunk.cIibpqXx.js
27036.58.json	https://cdn.cookielaw.org/consent/799045cc-2657-469e-9b2c-24cc08e431ae/019e4aa1-1c2d-78b9-8210-0ac0f140aa51/el.json
27036.55.json	https://stream-542.optimove.net/
27036.108.js	https://static.gmlinteractive.com/casinov3/a73ac460/js/chunk.D0ho7GVx.js
27036.125.js	https://static.gmlinteractive.com/casinov3/a73ac460/js/chunk.vd-K1VZz.js
27036.127.js	https://static.gmlinteractive.com/casinov3/a73ac460/js/chunk.DMHur1nR.js
27036.126.js	https://static.gmlinteractive.com/casinov3/a73ac460/js/chunk.DtHtQSE_.js
27036.128.js	https://static.gmlinteractive.com/casinov3/a73ac460/js/chunk.nFlqTtvz.js
27036.129.js	https://static.gmlinteractive.com/casinov3/a73ac460/js/chunk.CcDKCaiu.js
27036.130.js	https://static.gmlinteractive.com/casinov3/a73ac460/js/chunk.BpJOkY5U.js
27036.131.js	https://static.gmlinteractive.com/casinov3/a73ac460/js/chunk.Do7CNB0a.js
27036.133.js	https://static.gmlinteractive.com/casinov3/a73ac460/js/chunk.BA1BNOoA.js
27036.132.js	https://static.gmlinteractive.com/casinov3/a73ac460/js/chunk.BC2jRhmr.js
27036.134.js	https://static.gmlinteractive.com/casinov3/a73ac460/js/chunk.BTFM0nDG.js
27036.135.js	https://static.gmlinteractive.com/casinov3/a73ac460/js/chunk.DYdl3_fj.js
27036.124.js	https://static.gmlinteractive.com/casinov3/a73ac460/js/chunk.i4BdLF3w.js
27036.138.json	https://cdn.cookielaw.org/scripttemplates/202501.2.0/assets/otFloatingRounded.json
27036.139.json	https://cdn.cookielaw.org/scripttemplates/202501.2.0/assets/v2/otPcCenter.json
27036.144.js	https://static.gmlinteractive.com/casinov3/a73ac460/js/chunk.CS5IHAwZ.js
27036.143.js	https://static.gmlinteractive.com/casinov3/a73ac460/js/chunk.pQb1mU1s.js
27036.145.js	https://static.gmlinteractive.com/casinov3/a73ac460/js/chunk.CJpIeO3G.js
27036.146.js	https://static.gmlinteractive.com/casinov3/a73ac460/js/chunk.CS4hRJ20.js
27036.147.js	https://static.gmlinteractive.com/casinov3/a73ac460/js/chunk.DompZaJe.js
27036.111.json	https://www.stoiximan.gr/casino/live/topNotifications/topNotification?v=true
27036.115.json	https://www.stoiximan.gr/casino/customerSession/lastLogin
27036.116.json	https://www.stoiximan.gr/casino/realitycheck/customersettings
27036.149.js	https://static.gmlinteractive.com/casinov3/a73ac460/js/chunk.RIERv44I.js
27036.148.js	https://static.gmlinteractive.com/casinov3/a73ac460/js/chunk.0ikMNeoQ.js
27036.113.json	https://www.stoiximan.gr/casino/freespins/userFreespins
27036.121.json	https://www.stoiximan.gr/casino/timelosslimits
27036.118.json	https://www.stoiximan.gr/casino/games/recentlysearched
27036.123.json	https://www.stoiximan.gr/casino/customerSession/sessioninactivityconfig
27036.122.json	https://www.stoiximan.gr/casino/depositlimits
27036.151.js	https://static.gmlinteractive.com/casinov3/a73ac460/js/chunk.CVp7dYsV.js
27036.153.js	https://static.gmlinteractive.com/casinov3/a73ac460/js/chunk.CJkwPm_8.js
27036.112.json	https://www.stoiximan.gr/casino/balance/userBalance
27036.114.json	https://www.stoiximan.gr/casino/popup
27036.120.json	https://www.stoiximan.gr/casino/api/livefeed
27036.155.json	https://www.stoiximan.gr/casino/api/bonus/stories?section=4
27036.156.json	https://www.stoiximan.gr/casino/api/bonus/stories/translations
27036.142.json	https://www.stoiximan.gr/casino/api/stake-offers/pending
27036.170.json	https://static.gmlinteractive.com/casinov3/a73ac460/customer-top-wins-coin-icon.DF3q-Gkf.json
27036.117.json	https://www.stoiximan.gr/casino/games/favorites
27036.209.json	https://www.stoiximan.gr/casino/api/games/recommendations/operator
27036.173.json	https://www.stoiximan.gr/casino/live/api/games/filters
27036.172.json	https://www.stoiximan.gr/casino/live/api/games
27036.210.json	https://www.stoiximan.gr/casino/games/hotcold
27036.217.js	https://euob.greencolumnart.com/sxp/i/04e7029789c8d022812f712860f76e7a.js
27036.141.json	https://realtime-542.optimove.net/reportEvent
27036.213.json	https://www.stoiximan.gr/casino/customerpush/configuration
27036.171.json	https://static.gmlinteractive.com/casinov3/a73ac460/customer-top-wins-coin-icon.DF3q-Gkf.json
27036.211.json	https://www.stoiximan.gr/casino/games/recentlyplayed
27036.212.json	https://www.stoiximan.gr/casino/live/api/minilobbies?type=forYou
27036.241.js	https://static.gmlinteractive.com/casinov3/a73ac460/js/chunk.1KCX7SsQ.js
27036.242.js	https://static.gmlinteractive.com/casinov3/a73ac460/js/chunk.BAlDg4cu.js
27036.243.js	https://static.gmlinteractive.com/casinov3/a73ac460/js/chunk.Ds3e56Zd.js
27036.244.js	https://static.gmlinteractive.com/casinov3/a73ac460/js/chunk.BAN_lYwN.js
27036.208.json	https://www.stoiximan.gr/casino/api/games/recommendations/customer
27036.250.js	https://static.gmlinteractive.com/casinov3/a73ac460/js/chunk._NysdQQ4.js
27036.247.js	https://static.gmlinteractive.com/casinov3/a73ac460/js/chunk.hUHlawNE.js
27036.251.js	https://static.gmlinteractive.com/casinov3/a73ac460/js/chunk.CMqzxGB3.js
27036.249.js	https://static.gmlinteractive.com/casinov3/a73ac460/js/chunk.CdYBcpF9.js
27036.248.js	https://static.gmlinteractive.com/casinov3/a73ac460/js/chunk.D0ttAJ5A.js
27036.255.js	https://static.gmlinteractive.com/casinov3/a73ac460/js/chunk.aeSiSbh7.js
27036.256.js	https://static.gmlinteractive.com/casinov3/a73ac460/js/chunk.9CPfRbtP.js
27036.258.js	https://static.gmlinteractive.com/casinov3/a73ac460/js/chunk.CPO9fdVm.js
27036.259.js	https://static.gmlinteractive.com/casinov3/a73ac460/js/chunk.e55Onyzz.js
27036.257.js	https://static.gmlinteractive.com/casinov3/a73ac460/js/chunk.DUbwancu.js
27036.261.js	https://static.gmlinteractive.com/casinov3/a73ac460/js/chunk.ChP-xL8V.js
27036.262.js	https://static.gmlinteractive.com/casinov3/a73ac460/js/chunk.B3HZH2uO.js
27036.265.js	https://static.gmlinteractive.com/casinov3/a73ac460/js/chunk.Cbbpjap1.js
27036.288.js	https://static.gmlinteractive.com/casinov3/a73ac460/js/chunk.BzglmUdk.js
27036.289.js	https://static.gmlinteractive.com/casinov3/a73ac460/js/chunk.DccLapCR.js
27036.373.js	https://static.gmlinteractive.com/casinov3/a73ac460/js/chunk.B_JPMhhL.js
27036.374.js	https://static.gmlinteractive.com/casinov3/a73ac460/js/chunk.BlbDh5_v.js
27036.365.json	https://www.stoiximan.gr/customerhub_0/negotiate?negotiateVersion=1
27036.389.json	https://www.stoiximan.gr/casino/api/topwins/operator
27036.462.js	https://www.googletagmanager.com/gtag/js?id=G-NL3TXCS6S3&cx=c&gtm=4e6921
27036.464.json	https://obseu.greencolumnart.com/ct